12970,474185866645000,1579448951,16715200
12970,474185866645000,1579448951,16698600
12970,474185866645000,1579448951,16609400
12970,474185866645000,1579448951,16874500
12970,474185866645000,1579448951,16563500
12970,474185866645000,1579448951,16771800
12970,474185866645000,1579448951,16447800
12970,474185866645000,1579448951,16831700
12970,474185866645000,1579448951,16528200
12970,474185866645000,1579448951,16649500
12970,474185866645000,1579448951,16726900
12970,474185866645000,1579448951,16598700
12970,474185866645000,1579448951,16671700
12970,474185866645000,1579448951,16730100
12970,474185866645000,1579448951,16624100
12970,474185866645000,1579448951,16654600
12970,474185866645000,1579448951,16729300
12970,474185866645000,1579448951,16616800
12970,474185866645000,1579448951,16625800
12970,474185866645000,1579448951,16739200
12970,474185866645000,1579448951,16579400
12970,474185866645000,1579448951,16642300
12970,474185866645000,1579448951,16801300
12970,474185866645000,1579448951,16546500
12970,474185866645000,1579448951,16714100
12970,474185866645000,1579448951,16709800
12970,474185866645000,1579448951,16551800
12970,474185866645000,1579448951,16738500
12970,474185866645000,1579448951,16709400
12970,474185866645000,1579448951,16619700
12980,474186366412000,1579448951,16774300
12980,474186366412000,1579448951,16526700
12980,474186366412000,1579448951,16686200
12980,474186366412000,1579448951,16733000
12980,474186366412000,1579448951,16801100
12980,474186366412000,1579448951,16447900
12980,474186366412000,1579448951,16679100
12980,474186366412000,1579448951,16794800
12980,474186366412000,1579448951,16552000
12980,474186366412000,1579448951,16589700
12980,474186366412000,1579448951,16843800
12980,474186366412000,1579448951,16587300
12980,474186366412000,1579448951,16584000
12980,474186366412000,1579448951,16760000
12980,474186366412000,1579448951,16650300
12980,474186366412000,1579448951,16619600
12980,474186366412000,1579448951,16979000
12980,474186366412000,1579448951,16193600
12980,474186366412000,1579448951,16803100
12980,474186366412000,1579448951,16788800
12980,474186366412000,1579448951,16539500
12980,474186366412000,1579448951,16701400
12980,474186366412000,1579448951,16819800
12980,474186366412000,1579448951,16500800
12980,474186366412000,1579448951,16643500
12980,474186366412000,1579448951,16816200
12980,474186366412000,1579448951,16498500
12980,474186366412000,1579448951,16835200
12980,474186366412000,1579448951,16814300
12980,474186366412000,1579448951,16407500
12990,474186866404800,1579448951,16638600
12990,474186866404800,1579448951,16832000
12990,474186866404800,1579448951,16471700
12990,474186866404800,1579448951,16670900
12990,474186866404800,1579448951,16884800
12990,474186866404800,1579448951,16474400
12990,474186866404800,1579448951,16720500
12990,474186866404800,1579448951,16818500
12990,474186866404800,1579448951,16432400
12990,474186866404800,1579448951,16689700
12990,474186866404800,1579448951,17000500
12990,474186866404800,1579448951,16321900
12990,474186866404800,1579448951,16669200
12990,474186866404800,1579448951,16864300
12990,474186866404800,1579448951,16439200
12990,474186866404800,1579448951,16667600
12990,474186866404800,1579448951,16945400
12990,474186866404800,1579448951,16411300
12990,474186866404800,1579448951,16685900
12990,474186866404800,1579448951,16679800
12990,474186866404800,1579448951,16683900
12990,474186866404800,1579448951,16617600
12990,474186866404800,1579448951,16820800
12990,474186866404800,1579448951,16525900
12990,474186866404800,1579448951,16665100
12990,474186866404800,1579448951,16824900
12990,474186866404800,1579448951,16575600
12990,474186866404800,1579448951,16596800
12990,474186866404800,1579448951,16814500
12990,474186866404800,1579448951,16536200
13000,474187383419900,1579448951,16645100
13000,474187383419900,1579448951,16875200
13000,474187383419900,1579448951,16625600
13000,474187383419900,1579448951,16453600
13000,474187383419900,1579448951,16868500
13000,474187383419900,1579448951,16522800
13000,474187383419900,1579448951,16630800
13000,474187383419900,1579448951,16828400
13000,474187383419900,1579448951,16516300
13000,474187383419900,1579448951,16513300
13000,474187383419900,1579448951,17005800
13000,474187383419900,1579448951,16464800
13000,474187383419900,1579448951,16698200
13000,474187383419900,1579448951,16871200
13000,474187383419900,1579448951,16476500
13000,474187383419900,1579448951,16626800
13000,474187383419900,1579448951,16874900
13000,474187383419900,1579448951,17142300
13000,474187383419900,1579448951,15999400
13000,474187383419900,1579448951,16846800
13000,474187383419900,1579448951,16488300
13000,474187383419900,1579448951,16692900
13000,474187383419900,1579448951,16854000
13000,474187383419900,1579448951,16461700
13000,474187383419900,1579448951,16634800
13000,474187383419900,1579448951,16857300
13000,474187383419900,1579448951,16346900
13000,474187383419900,1579448951,16845200
13000,474187383419900,1579448951,16949500
13000,474187383419900,1579448951,16273300
13000,474187383419900,1579448951,16782500
13010,474187866333400,1579448951,16748700
13010,474187866333400,1579448951,16496900
13010,474187866333400,1579448951,16684100
13010,474187866333400,1579448951,16791100
13010,474187866333400,1579448951,16546300
13010,474187866333400,1579448951,16643300
13010,474187866333400,1579448951,17066900
13010,474187866333400,1579448951,16289900
13010,474187866333400,1579448951,16706500
13010,474187866333400,1579448951,16766100
13010,474187866333400,1579448951,16555700
13010,474187866333400,1579448951,16778800
13010,474187866333400,1579448951,16800800
13010,474187866333400,1579448951,16364800
13010,474187866333400,1579448951,16710300
13010,474187866333400,1579448951,16786500
13010,474187866333400,1579448951,16526400
13010,474187866333400,1579448951,16634700
13010,474187866333400,1579448951,16881900
13010,474187866333400,1579448951,16565100
13010,474187866333400,1579448951,16565800
13010,474187866333400,1579448951,16879100
13010,474187866333400,1579448951,16518700
13010,474187866333400,1579448951,16710200
13010,474187866333400,1579448951,16722300
13010,474187866333400,1579448951,16497800
13010,474187866333400,1579448951,16688300
13010,474187866333400,1579448951,16817000
13010,474187866333400,1579448951,16516600
13020,474188383260900,1579448951,16626000
13020,474188383260900,1579448951,16951500
13020,474188383260900,1579448951,16387400
13020,474188383260900,1579448951,16789200
13020,474188383260900,1579448951,17023400
13020,474188383260900,1579448951,16190500
13020,474188383260900,1579448951,16778300
13020,474188383260900,1579448951,16970100
13020,474188383260900,1579448951,16303500
13020,474188383260900,1579448951,16627600
13020,474188383260900,1579448951,16934700
13020,474188383260900,1579448951,16399800
13020,474188383260900,1579448951,16672600
13020,474188383260900,1579448951,16772400
13020,474188383260900,1579448951,16531900
13020,474188383260900,1579448951,16721200
13020,474188383260900,1579448951,16833100
13020,474188383260900,1579448951,16442700
13020,474188383260900,1579448951,16664800
13020,474188383260900,1579448951,16873100
13020,474188383260900,1579448951,16536700
13020,474188383260900,1579448951,16592100
13020,474188383260900,1579448951,16587300
13020,474188383260900,1579448951,16800600
13020,474188383260900,1579448951,16628200
13020,474188383260900,1579448951,16748900
13020,474188383260900,1579448951,16618800
13020,474188383260900,1579448951,16684800
13020,474188383260900,1579448951,16827300
13020,474188383260900,1579448951,16427400
13020,474188383260900,1579448951,16729400
13030,474188883647600,1579448951,16902300
13030,474188883647600,1579448951,16393900
13030,474188883647600,1579448951,16715400
13030,474188883647600,1579448951,16716100
13030,474188883647600,1579448951,16832400
13030,474188883647600,1579448951,16398200
13030,474188883647600,1579448951,16815400
13030,474188883647600,1579448951,16492100
13030,474188883647600,1579448951,16685800
13030,474188883647600,1579448951,16817700
13030,474188883647600,1579448951,16522100
13030,474188883647600,1579448951,16666300
13030,474188883647600,1579448951,16884600
13030,474188883647600,1579448951,16466900
13030,474188883647600,1579448951,16716500
13030,474188883647600,1579448951,16725300
13030,474188883647600,1579448951,16543700
13030,474188883647600,1579448951,16650700
13030,474188883647600,1579448951,16872300
13030,474188883647600,1579448951,16472500
13030,474188883647600,1579448951,16749300
13030,474188883647600,1579448951,16671000
13030,474188883647600,1579448951,16545400
13030,474188883647600,1579448951,16667500
13030,474188883647600,1579448951,16865000
13030,474188883647600,1579448951,16468600
13030,474188883647600,1579448951,16703100
13030,474188883647600,1579448951,16942600
13030,474188883647600,1579448951,16373500
13030,474188883647600,1579448951,16779300
13040,474189383261700,1579448951,16792800
13040,474189383261700,1579448951,16435300
13040,474189383261700,1579448951,16658100
13040,474189383261700,1579448951,16900400
13040,474189383261700,1579448951,16462500
13040,474189383261700,1579448951,16720300
13040,474189383261700,1579448951,16824700
13040,474189383261700,1579448951,16400800
13040,474189383261700,1579448951,16654500
13040,474189383261700,1579448951,16913600
13040,474189383261700,1579448951,16490200
13040,474189383261700,1579448951,16652900
13040,474189383261700,1579448951,16800900
13040,474189383261700,1579448951,16641800
13040,474189383261700,1579448951,16528400
13040,474189383261700,1579448951,16890400
13040,474189383261700,1579448951,16481800
13040,474189383261700,1579448951,16660700
13040,474189383261700,1579448951,16852100
13040,474189383261700,1579448951,16486700
13040,474189383261700,1579448951,16627700
13040,474189383261700,1579448951,17005800
13040,474189383261700,1579448951,16330900
13040,474189383261700,1579448951,16520500
13040,474189383261700,1579448951,16978100
13040,474189383261700,1579448951,16491100
13040,474189383261700,1579448951,16574600
13040,474189383261700,1579448951,17077500
13040,474189383261700,1579448951,16325800
13040,474189383261700,1579448951,16643900
13050,474189883095900,1579448951,16818800
13050,474189883095900,1579448951,16588400
13050,474189883095900,1579448951,16655800
13050,474189883095900,1579448951,17013800
13050,474189883095900,1579448951,16332000
13050,474189883095900,1579448951,16743400
13050,474189883095900,1579448951,16886300
13050,474189883095900,1579448951,16397000
13050,474189883095900,1579448951,16668800
13050,474189883095900,1579448951,16842000
13050,474189883095900,1579448951,16396600
13050,474189883095900,1579448951,16671700
13050,474189883095900,1579448951,16770300
13050,474189883095900,1579448951,16556100
13050,474189883095900,1579448951,16691400
13050,474189883095900,1579448951,16873500
13050,474189883095900,1579448951,16456900
13050,474189883095900,1579448951,16642400
13050,474189883095900,1579448951,16866900
13050,474189883095900,1579448951,16556100
13050,474189883095900,1579448951,16624000
13050,474189883095900,1579448951,16931400
13050,474189883095900,1579448951,16353900
13050,474189883095900,1579448951,16666200
13050,474189883095900,1579448951,16956200
13050,474189883095900,1579448951,16402900
13050,474189883095900,1579448951,16642100
13050,474189883095900,1579448951,16978600
13050,474189883095900,1579448951,16376200
13050,474189883095900,1579448951,16652400
13060,474190383400300,1579448951,16875100
13060,474190383400300,1579448951,16462900
13060,474190383400300,1579448951,16673400
13060,474190383400300,1579448951,17061000
13060,474190383400300,1579448951,16230700
13060,474190383400300,1579448951,16681400
13060,474190383400300,1579448951,16878700
13060,474190383400300,1579448951,16498500
13060,474190383400300,1579448951,16495800
13060,474190383400300,1579448951,17050400
13060,474190383400300,1579448951,16446700
13060,474190383400300,1579448951,16650300
13060,474190383400300,1579448951,16787500
13060,474190383400300,1579448951,16569700
13060,474190383400300,1579448951,16618300
13060,474190383400300,1579448951,16870900
13060,474190383400300,1579448951,16462800
13060,474190383400300,1579448951,16965000
13060,474190383400300,1579448951,16500900
13060,474190383400300,1579448951,16567600
13060,474190383400300,1579448951,16658800
13060,474190383400300,1579448951,16748200
13060,474190383400300,1579448951,16579300
13060,474190383400300,1579448951,16699700
13060,474190383400300,1579448951,16716500
13060,474190383400300,1579448951,16575100
13060,474190383400300,1579448951,16701300
13060,474190383400300,1579448951,16775400
13060,474190383400300,1579448951,16539800
13060,474190383400300,1579448951,16785800
13070,474190883038100,1579448951,16658100
13070,474190883038100,1579448951,16505600
13070,474190883038100,1579448951,16704100
13070,474190883038100,1579448951,16704300
13070,474190883038100,1579448951,16600800
13070,474190883038100,1579448951,16716900
13070,474190883038100,1579448951,16889600
13070,474190883038100,1579448951,16392700
13070,474190883038100,1579448951,16778100
13070,474190883038100,1579448951,16587700
13070,474190883038100,1579448951,16660800
13070,474190883038100,1579448951,16664200
13070,474190883038100,1579448951,18080400
13070,474190883038100,1579448951,15235800
13070,474190883038100,1579448951,16674000
13070,474190883038100,1579448951,16807900
13070,474190883038100,1579448951,16527200
13070,474190883038100,1579448951,16662300
13070,474190883038100,1579448951,16743600
13070,474190883038100,1579448951,16579500
13070,474190883038100,1579448951,16754100
13070,474190883038100,1579448951,16525200
13070,474190883038100,1579448951,16732000
13070,474190883038100,1579448951,16674600
13070,474190883038100,1579448951,16823400
13070,474190883038100,1579448951,16478700
13070,474190883038100,1579448951,16753900
13070,474190883038100,1579448951,16657900
13070,474190883038100,1579448951,16582400
13070,474190883038100,1579448951,16689000
13080,474191382960700,1579448951,16737200
13080,474191382960700,1579448951,16586400
13080,474191382960700,1579448951,16672400
13080,474191382960700,1579448951,16772700
13080,474191382960700,1579448951,16559700
13080,474191382960700,1579448951,16666400
13080,474191382960700,1579448951,16755000
13080,474191382960700,1579448951,16718300
13080,474191382960700,1579448951,16522900
13080,474191382960700,1579448951,16837500
13080,474191382960700,1579448951,16540300
13080,474191382960700,1579448951,16661000
13080,474191382960700,1579448951,16766200
13080,474191382960700,1579448951,16510600
13080,474191382960700,1579448951,16667300
13080,474191382960700,1579448951,16820600
13080,474191382960700,1579448951,16576400
13080,474191382960700,1579448951,16665000
13080,474191382960700,1579448951,16663800
13080,474191382960700,1579448951,16621800
13080,474191382960700,1579448951,16631000
13080,474191382960700,1579448951,16939300
13080,474191382960700,1579448951,16434400
13080,474191382960700,1579448951,16621800
13080,474191382960700,1579448951,17083100
13080,474191382960700,1579448951,16293100
13080,474191382960700,1579448951,16656600
13080,474191382960700,1579448951,16648800
13080,474191382960700,1579448951,16688800
13080,474191382960700,1579448951,16648500
13090,474191883343000,1579448951,16765100
13090,474191883343000,1579448951,16577300
13090,474191883343000,1579448951,16670600
13090,474191883343000,1579448951,16857100
13090,474191883343000,1579448951,16574600
13090,474191883343000,1579448951,16613000
13090,474191883343000,1579448951,16906300
13090,474191883343000,1579448951,16343900
13090,474191883343000,1579448951,16712900
13090,474191883343000,1579448951,16629300
13090,474191883343000,1579448951,16661600
13090,474191883343000,1579448951,16743500
13090,474191883343000,1579448951,16718800
13090,474191883343000,1579448951,16564900
13090,474191883343000,1579448951,16687000
13090,474191883343000,1579448951,16681300
13090,474191883343000,1579448951,16623700
13090,474191883343000,1579448951,16717000
13090,474191883343000,1579448951,16666400
13090,474191883343000,1579448951,16686700
13090,474191883343000,1579448951,16633400
13090,474191883343000,1579448951,16660400
13090,474191883343000,1579448951,16622500
13090,474191883343000,1579448951,16680200
13090,474191883343000,1579448951,16739600
13090,474191883343000,1579448951,16559200
13090,474191883343000,1579448951,16701100
13090,474191883343000,1579448951,16679200
13090,474191883343000,1579448951,16647400
13090,474191883343000,1579448951,16777200
13100,474192382960800,1579448951,16858600
13100,474192382960800,1579448951,16392100
13100,474192382960800,1579448951,16682700
13100,474192382960800,1579448951,16748400
13100,474192382960800,1579448951,16558800
13100,474192382960800,1579448951,16649500
13100,474192382960800,1579448951,16691700
13100,474192382960800,1579448951,16630600
13100,474192382960800,1579448951,16686200
13100,474192382960800,1579448951,16709200
13100,474192382960800,1579448951,16590600
13100,474192382960800,1579448951,16654200
13100,474192382960800,1579448951,16826300
13100,474192382960800,1579448951,16534800
13100,474192382960800,1579448951,16763600
13100,474192382960800,1579448951,16540900
13100,474192382960800,1579448951,16721600
13100,474192382960800,1579448951,16640600
13100,474192382960800,1579448951,16671600
13100,474192382960800,1579448951,16692900
13100,474192382960800,1579448951,16639100
13100,474192382960800,1579448951,16805900
13100,474192382960800,1579448951,16515800
13100,474192382960800,1579448951,16696400
13100,474192382960800,1579448951,16731400
13100,474192382960800,1579448951,16584300
13100,474192382960800,1579448951,16864500
13100,474192382960800,1579448951,16440500
13100,474192382960800,1579448951,16655100
13100,474192382960800,1579448951,16696900
13110,474192883311000,1579448951,16711900
13110,474192883311000,1579448951,16612700
13110,474192883311000,1579448951,16690700
13110,474192883311000,1579448951,16629000
13110,474192883311000,1579448951,16688600
13110,474192883311000,1579448951,16696700
13110,474192883311000,1579448951,16738200
13110,474192883311000,1579448951,16525900
13110,474192883311000,1579448951,16817600
13110,474192883311000,1579448951,16725500
13110,474192883311000,1579448951,16568600
13110,474192883311000,1579448951,16561000
13110,474192883311000,1579448951,16668200
13110,474192883311000,1579448951,16682600
13110,474192883311000,1579448951,16674400
13110,474192883311000,1579448951,16713000
13110,474192883311000,1579448951,16585500
13110,474192883311000,1579448951,16705600
13110,474192883311000,1579448951,16654000
13110,474192883311000,1579448951,16642000
13110,474192883311000,1579448951,16694700
13110,474192883311000,1579448951,16632000
13110,474192883311000,1579448951,16733600
13110,474192883311000,1579448951,16655200
13110,474192883311000,1579448951,16725300
13110,474192883311000,1579448951,16633800
13110,474192883311000,1579448951,16622800
13110,474192883311000,1579448951,16625600
13110,474192883311000,1579448951,16668500
13110,474192883311000,1579448951,16727100
13120,474193383184300,1579448951,16756600
13120,474193383184300,1579448951,16543100
13120,474193383184300,1579448951,16660000
13120,474193383184300,1579448951,16642000
13120,474193383184300,1579448951,16739500
13120,474193383184300,1579448951,16628200
13120,474193383184300,1579448951,16662400
13120,474193383184300,1579448951,16674900
13120,474193383184300,1579448951,16674100
13120,474193383184300,1579448951,16657500
13120,474193383184300,1579448951,16633300
13120,474193383184300,1579448951,16661500
13120,474193383184300,1579448951,16708700
13120,474193383184300,1579448951,16654100
13120,474193383184300,1579448951,16523500
13120,474193383184300,1579448951,16917800
13120,474193383184300,1579448951,16538500
13120,474193383184300,1579448951,16674200
13120,474193383184300,1579448951,16676600
13120,474193383184300,1579448951,16694200
13120,474193383184300,1579448951,16653900
13120,474193383184300,1579448951,16652400
13120,474193383184300,1579448951,16676500
13120,474193383184300,1579448951,16658700
13120,474193383184300,1579448951,16694400
13120,474193383184300,1579448951,16669900
13120,474193383184300,1579448951,16638700
13120,474193383184300,1579448951,16674900
13120,474193383184300,1579448951,16641000
13120,474193383184300,1579448951,16720100
13130,474193882974900,1579448951,16594400
13130,474193882974900,1579448951,16568400
13130,474193882974900,1579448951,16806200
13130,474193882974900,1579448951,16657100
13130,474193882974900,1579448951,16641800
13130,474193882974900,1579448951,16683300
13130,474193882974900,1579448951,16689300
13130,474193882974900,1579448951,16730000
13130,474193882974900,1579448951,16544100
13130,474193882974900,1579448951,16699800
13130,474193882974900,1579448951,16688600
13130,474193882974900,1579448951,16651800
13130,474193882974900,1579448951,16763500
13130,474193882974900,1579448951,16565800
13130,474193882974900,1579448951,16682000
13130,474193882974900,1579448951,16642800
13130,474193882974900,1579448951,16658500
13130,474193882974900,1579448951,16666500
13130,474193882974900,1579448951,16662900
13130,474193882974900,1579448951,16690300
13130,474193882974900,1579448951,16649500
13130,474193882974900,1579448951,16718000
13130,474193882974900,1579448951,16654300
13130,474193882974900,1579448951,16643200
13130,474193882974900,1579448951,16646100
13130,474193882974900,1579448951,16666700
13130,474193882974900,1579448951,16667900
13130,474193882974900,1579448951,16703500
13130,474193882974900,1579448951,16689000
13130,474193882974900,1579448951,16596500
13140,474194383605400,1579448951,16724500
13140,474194383605400,1579448951,16734000
13140,474194383605400,1579448951,16508000
13140,474194383605400,1579448951,16881900
13140,474194383605400,1579448951,16488500
13140,474194383605400,1579448951,16643700
13140,474194383605400,1579448951,16669900
13140,474194383605400,1579448951,16701700
13140,474194383605400,1579448951,16490500
13140,474194383605400,1579448951,16831700
13140,474194383605400,1579448951,16617000
13140,474194383605400,1579448951,16783200
13140,474194383605400,1579448951,16590000
13140,474194383605400,1579448951,16663600
13140,474194383605400,1579448951,16639500
13140,474194383605400,1579448951,16692700
13140,474194383605400,1579448951,16665000
13140,474194383605400,1579448951,16640200
13140,474194383605400,1579448951,16703600
13140,474194383605400,1579448951,16660900
13140,474194383605400,1579448951,16636800
13140,474194383605400,1579448951,16695600
13140,474194383605400,1579448951,16683000
13140,474194383605400,1579448951,16610600
13140,474194383605400,1579448951,16696200
13140,474194383605400,1579448951,16664900
13140,474194383605400,1579448951,16638700
13140,474194383605400,1579448951,16733400
13140,474194383605400,1579448951,16648000
13140,474194383605400,1579448951,16714100
13150,474194882897100,1579448951,17028300
13150,474194882897100,1579448951,16333200
13150,474194882897100,1579448951,16596400
13150,474194882897100,1579448951,16693100
13150,474194882897100,1579448951,16612500
13150,474194882897100,1579448951,16711200
13150,474194882897100,1579448951,16646200
13150,474194882897100,1579448951,16686200
13150,474194882897100,1579448951,16613600
13150,474194882897100,1579448951,16685000
13150,474194882897100,1579448951,16621700
13150,474194882897100,1579448951,16705700
13150,474194882897100,1579448951,16707200
13150,474194882897100,1579448951,16772500
13150,474194882897100,1579448951,16490600
13150,474194882897100,1579448951,16688600
13150,474194882897100,1579448951,16697300
13150,474194882897100,1579448951,16633900
13150,474194882897100,1579448951,16672100
13150,474194882897100,1579448951,16648500
13150,474194882897100,1579448951,16670900
13150,474194882897100,1579448951,16732100
13150,474194882897100,1579448951,16702100
13150,474194882897100,1579448951,16545900
13150,474194882897100,1579448951,16714000
13150,474194882897100,1579448951,16625200
13150,474194882897100,1579448951,16702400
13150,474194882897100,1579448951,16604300
13150,474194882897100,1579448951,16674000
13150,474194882897100,1579448951,16691600
13160,474195383014500,1579448951,16652900
13160,474195383014500,1579448951,16778100
13160,474195383014500,1579448951,16546700
13160,474195383014500,1579448951,16748600
13160,474195383014500,1579448951,16598700
13160,474195383014500,1579448951,16624100
13160,474195383014500,1579448951,16776200
13160,474195383014500,1579448951,16608500
13160,474195383014500,1579448951,16754800
13160,474195383014500,1579448951,16552300
13160,474195383014500,1579448951,16676300
13160,474195383014500,1579448951,16743700
13160,474195383014500,1579448951,16572800
13160,474195383014500,1579448951,16685400
13160,474195383014500,1579448951,16666600
13160,474195383014500,1579448951,16673700
13160,474195383014500,1579448951,16640000
13160,474195383014500,1579448951,16681100
13160,474195383014500,1579448951,16685300
13160,474195383014500,1579448951,16668900
13160,474195383014500,1579448951,16665200
13160,474195383014500,1579448951,16657900
13160,474195383014500,1579448951,16682300
13160,474195383014500,1579448951,16617700
13160,474195383014500,1579448951,16704000
13160,474195383014500,1579448951,16618200
13160,474195383014500,1579448951,16701700
13160,474195383014500,1579448951,16661700
13160,474195383014500,1579448951,16642500
13160,474195383014500,1579448951,16703400
13170,474195882993900,1579448951,16707800
13170,474195882993900,1579448951,16635600
13170,474195882993900,1579448951,16564700
13170,474195882993900,1579448951,16728700
13170,474195882993900,1579448951,16738900
13170,474195882993900,1579448951,16663600
13170,474195882993900,1579448951,16821100
13170,474195882993900,1579448951,16453000
13170,474195882993900,1579448951,16662700
13170,474195882993900,1579448951,16653900
13170,474195882993900,1579448951,16749900
13170,474195882993900,1579448951,16613400
13170,474195882993900,1579448951,16656600
13170,474195882993900,1579448951,16660500
13170,474195882993900,1579448951,16641900
13170,474195882993900,1579448951,16695000
13170,474195882993900,1579448951,16639400
13170,474195882993900,1579448951,16690800
13170,474195882993900,1579448951,16682200
13170,474195882993900,1579448951,16691700
13170,474195882993900,1579448951,16609300
13170,474195882993900,1579448951,16686700
13170,474195882993900,1579448951,16721000
13170,474195882993900,1579448951,16573100
13170,474195882993900,1579448951,16680000
13170,474195882993900,1579448951,16656200
13170,474195882993900,1579448951,16706700
13170,474195882993900,1579448951,16661000
13170,474195882993900,1579448951,16629000
13170,474195882993900,1579448951,16692600
13180,474196382771000,1579448951,16678300
13180,474196382771000,1579448951,16624600
13180,474196382771000,1579448951,16703800
13180,474196382771000,1579448951,16631800
13180,474196382771000,1579448951,16665500
13180,474196382771000,1579448951,16844200
13180,474196382771000,1579448951,16602200
13180,474196382771000,1579448951,16876400
13180,474196382771000,1579448951,16400700
13180,474196382771000,1579448951,16650200
13180,474196382771000,1579448951,16654600
13180,474196382771000,1579448951,16663000
13180,474196382771000,1579448951,16669800
13180,474196382771000,1579448951,16649900
13180,474196382771000,1579448951,16655000
13180,474196382771000,1579448951,16688200
13180,474196382771000,1579448951,16643400
13180,474196382771000,1579448951,16683800
13180,474196382771000,1579448951,16782400
13180,474196382771000,1579448951,16523300
13180,474196382771000,1579448951,16758800
13180,474196382771000,1579448951,16604800
13180,474196382771000,1579448951,16634300
13180,474196382771000,1579448951,16704800
13180,474196382771000,1579448951,16665600
13180,474196382771000,1579448951,16670000
13180,474196382771000,1579448951,16707200
13180,474196382771000,1579448951,16663800
13180,474196382771000,1579448951,16620500
13180,474196382771000,1579448951,16664100
13190,474196882689400,1579448951,16652100
13190,474196882689400,1579448951,16712500
13190,474196882689400,1579448951,16723100
13190,474196882689400,1579448951,16578200
13190,474196882689400,1579448951,16661300
13190,474196882689400,1579448951,16700900
13190,474196882689400,1579448951,16712600
13190,474196882689400,1579448951,16608100
13190,474196882689400,1579448951,16616200
13190,474196882689400,1579448951,16755900
13190,474196882689400,1579448951,16601500
13190,474196882689400,1579448951,16675100
13190,474196882689400,1579448951,16668100
13190,474196882689400,1579448951,16668300
13190,474196882689400,1579448951,16679800
13190,474196882689400,1579448951,16612700
13190,474196882689400,1579448951,16727000
13190,474196882689400,1579448951,16601100
13190,474196882689400,1579448951,16705400
13190,474196882689400,1579448951,16625300
13190,474196882689400,1579448951,16701100
13190,474196882689400,1579448951,16659300
13190,474196882689400,1579448951,16669600
13190,474196882689400,1579448951,16745000
13190,474196882689400,1579448951,16605200
13190,474196882689400,1579448951,16600300
13190,474196882689400,1579448951,16753400
13190,474196882689400,1579448951,16693100
13190,474196882689400,1579448951,16846900
13190,474196882689400,1579448951,16436800
13200,474197382880500,1579448951,16647400
13200,474197382880500,1579448951,16639800
13200,474197382880500,1579448951,16662700
13200,474197382880500,1579448951,16669300
13200,474197382880500,1579448951,16672600
13200,474197382880500,1579448951,16679100
13200,474197382880500,1579448951,16746900
13200,474197382880500,1579448951,16583000
13200,474197382880500,1579448951,16667600
13200,474197382880500,1579448951,16800000
13200,474197382880500,1579448951,16615100
13200,474197382880500,1579448951,16747700
13200,474197382880500,1579448951,16585000
13200,474197382880500,1579448951,16600600
13200,474197382880500,1579448951,16713900
13200,474197382880500,1579448951,16640300
13200,474197382880500,1579448951,16629900
13200,474197382880500,1579448951,16665200
13200,474197382880500,1579448951,16677800
13200,474197382880500,1579448951,16625800
13200,474197382880500,1579448951,16725400
13200,474197382880500,1579448951,16661800
13200,474197382880500,1579448951,16629900
13200,474197382880500,1579448951,16671200
13200,474197382880500,1579448951,16665600
13200,474197382880500,1579448951,16715400
13200,474197382880500,1579448951,16727600
13200,474197382880500,1579448951,16567000
13200,474197382880500,1579448951,16685100
13200,474197382880500,1579448951,16663300
13210,474197882839700,1579448951,16664300
13210,474197882839700,1579448951,16646800
13210,474197882839700,1579448951,16695800
13210,474197882839700,1579448951,16598500
13210,474197882839700,1579448951,16703900
13210,474197882839700,1579448951,16645300
13210,474197882839700,1579448951,16965100
13210,474197882839700,1579448951,16665000
13210,474197882839700,1579448951,16438000
13210,474197882839700,1579448951,16602900
13210,474197882839700,1579448951,16650900
13210,474197882839700,1579448951,16698400
13210,474197882839700,1579448951,16709000
13210,474197882839700,1579448951,16654800
13210,474197882839700,1579448951,16649600
13210,474197882839700,1579448951,16652200
13210,474197882839700,1579448951,16628600
13210,474197882839700,1579448951,16694700
13210,474197882839700,1579448951,16750000
13210,474197882839700,1579448951,16585500
13210,474197882839700,1579448951,16682600
13210,474197882839700,1579448951,16651000
13210,474197882839700,1579448951,16739700
13210,474197882839700,1579448951,16634800
13210,474197882839700,1579448951,16623600
13210,474197882839700,1579448951,16639800
13210,474197882839700,1579448951,16692300
13210,474197882839700,1579448951,16636600
13210,474197882839700,1579448951,16692800
13210,474197882839700,1579448951,16687700
13220,474198382841700,1579448951,16667400
13220,474198382841700,1579448951,16662100
13220,474198382841700,1579448951,16657000
13220,474198382841700,1579448951,16628800
13220,474198382841700,1579448951,16739800
13220,474198382841700,1579448951,16630500
13220,474198382841700,1579448951,16722200
13220,474198382841700,1579448951,16652700
13220,474198382841700,1579448951,16529900
13220,474198382841700,1579448951,16758200
13220,474198382841700,1579448951,16663400
13220,474198382841700,1579448951,16686900
13220,474198382841700,1579448951,16697100
13220,474198382841700,1579448951,16619400
13220,474198382841700,1579448951,16683200
13220,474198382841700,1579448951,16609700
13220,474198382841700,1579448951,16782100
13220,474198382841700,1579448951,16608000
13220,474198382841700,1579448951,16673900
13220,474198382841700,1579448951,16605000
13220,474198382841700,1579448951,16673100
13220,474198382841700,1579448951,16644300
13220,474198382841700,1579448951,16704100
13220,474198382841700,1579448951,16663200
13220,474198382841700,1579448951,16673400
13220,474198382841700,1579448951,16657500
13220,474198382841700,1579448951,16687200
13220,474198382841700,1579448951,16683300
13220,474198382841700,1579448951,16611200
13220,474198382841700,1579448951,16680400
13230,474198882680900,1579448951,16668400
13230,474198882680900,1579448951,16576400
13230,474198882680900,1579448951,16753800
13230,474198882680900,1579448951,16683500
13230,474198882680900,1579448951,16658500
13230,474198882680900,1579448951,16636600
13230,474198882680900,1579448951,16716200
13230,474198882680900,1579448951,16657900
13230,474198882680900,1579448951,16667000
13230,474198882680900,1579448951,16639900
13230,474198882680900,1579448951,16647500
13230,474198882680900,1579448951,16725200
13230,474198882680900,1579448951,16601200
13230,474198882680900,1579448951,16692600
13230,474198882680900,1579448951,16671400
13230,474198882680900,1579448951,16631800
13230,474198882680900,1579448951,16668200
13230,474198882680900,1579448951,16688200
13230,474198882680900,1579448951,16690700
13230,474198882680900,1579448951,16750900
13230,474198882680900,1579448951,16566400
13230,474198882680900,1579448951,16669800
13230,474198882680900,1579448951,16725800
13230,474198882680900,1579448951,16692500
13230,474198882680900,1579448951,16592200
13230,474198882680900,1579448951,16644900
13230,474198882680900,1579448951,16670800
13230,474198882680900,1579448951,16661100
13230,474198882680900,1579448951,16670000
13230,474198882680900,1579448951,16668100
13240,474199383212100,1579448951,16679500
13240,474199383212100,1579448951,16682200
13240,474199383212100,1579448951,16629500
13240,474199383212100,1579448951,16672000
13240,474199383212100,1579448951,16669500
13240,474199383212100,1579448951,16655600
13240,474199383212100,1579448951,16786400
13240,474199383212100,1579448951,16602500
13240,474199383212100,1579448951,16603200
13240,474199383212100,1579448951,16649800
13240,474199383212100,1579448951,16690500
13240,474199383212100,1579448951,16669400
13240,474199383212100,1579448951,16635400
13240,474199383212100,1579448951,16667100
13240,474199383212100,1579448951,16670100
13240,474199383212100,1579448951,16664800
13240,474199383212100,1579448951,16687200
13240,474199383212100,1579448951,16663500
13240,474199383212100,1579448951,16776300
13240,474199383212100,1579448951,16451900
13240,474199383212100,1579448951,16795600
13240,474199383212100,1579448951,16653800
13240,474199383212100,1579448951,16627100
13240,474199383212100,1579448951,16714900
13240,474199383212100,1579448951,16647000
13240,474199383212100,1579448951,16673800
13240,474199383212100,1579448951,16633500
13240,474199383212100,1579448951,16704500
13240,474199383212100,1579448951,16679100
13240,474199383212100,1579448951,16692900
13250,474199882449600,1579448951,16667600
13250,474199882449600,1579448951,16577900
13250,474199882449600,1579448951,16730300
13250,474199882449600,1579448951,16637200
13250,474199882449600,1579448951,16860100
13250,474199882449600,1579448951,16479400
13250,474199882449600,1579448951,16691800
13250,474199882449600,1579448951,16669100
13250,474199882449600,1579448951,16655800
13250,474199882449600,1579448951,16669000
13250,474199882449600,1579448951,16630300
13250,474199882449600,1579448951,16669400
13250,474199882449600,1579448951,16714400
13250,474199882449600,1579448951,16638200
13250,474199882449600,1579448951,16665300
13250,474199882449600,1579448951,16622300
13250,474199882449600,1579448951,16643800
13250,474199882449600,1579448951,16676900
13250,474199882449600,1579448951,16707500
13250,474199882449600,1579448951,16743800
13250,474199882449600,1579448951,16623700
13250,474199882449600,1579448951,16667500
13250,474199882449600,1579448951,16621000
13250,474199882449600,1579448951,16827600
13250,474199882449600,1579448951,16780400
13250,474199882449600,1579448951,16422200
13250,474199882449600,1579448951,16628600
13250,474199882449600,1579448951,16685900
13250,474199882449600,1579448951,16649600
13250,474199882449600,1579448951,16641500
13260,474200382823000,1579448951,16710600
13260,474200382823000,1579448951,16653500
13260,474200382823000,1579448951,16642500
13260,474200382823000,1579448951,16658400
13260,474200382823000,1579448951,16693800
13260,474200382823000,1579448951,16670000
13260,474200382823000,1579448951,16731700
13260,474200382823000,1579448951,16920000
13260,474200382823000,1579448951,16470600
13260,474200382823000,1579448951,16541100
13260,474200382823000,1579448951,16655800
13260,474200382823000,1579448951,16690300
13260,474200382823000,1579448951,16698600
13260,474200382823000,1579448951,16612900
13260,474200382823000,1579448951,16699400
13260,474200382823000,1579448951,16685200
13260,474200382823000,1579448951,16655500
13260,474200382823000,1579448951,16668600
13260,474200382823000,1579448951,16631200
13260,474200382823000,1579448951,16681000
13260,474200382823000,1579448951,16636900
13260,474200382823000,1579448951,16781800
13260,474200382823000,1579448951,16611000
13260,474200382823000,1579448951,16705700
13260,474200382823000,1579448951,16629100
13260,474200382823000,1579448951,16640800
13260,474200382823000,1579448951,16663000
13260,474200382823000,1579448951,16658700
13260,474200382823000,1579448951,16739400
13260,474200382823000,1579448951,16596600
13270,474200882601700,1579448951,16795400
13270,474200882601700,1579448951,16540700
13270,474200882601700,1579448951,16679000
13270,474200882601700,1579448951,16621200
13270,474200882601700,1579448951,16691900
13270,474200882601700,1579448951,16677700
13270,474200882601700,1579448951,16655800
13270,474200882601700,1579448951,16665500
13270,474200882601700,1579448951,16647600
13270,474200882601700,1579448951,16689500
13270,474200882601700,1579448951,16664500
13270,474200882601700,1579448951,16629000
13270,474200882601700,1579448951,16674800
13270,474200882601700,1579448951,16658500
13270,474200882601700,1579448951,16644400
13270,474200882601700,1579448951,16694700
13270,474200882601700,1579448951,16662400
13270,474200882601700,1579448951,16792900
13270,474200882601700,1579448951,16582000
13270,474200882601700,1579448951,16611100
13270,474200882601700,1579448951,16658000
13270,474200882601700,1579448951,16749500
13270,474200882601700,1579448951,16605600
13270,474200882601700,1579448951,16713500
13270,474200882601700,1579448951,16619200
13270,474200882601700,1579448951,16660100
13270,474200882601700,1579448951,16644900
13270,474200882601700,1579448951,16700400
13270,474200882601700,1579448951,16672100
13270,474200882601700,1579448951,16625900
13280,474201382657500,1579448951,16712300
13280,474201382657500,1579448951,16654900
13280,474201382657500,1579448951,16686100
13280,474201382657500,1579448951,16701600
13280,474201382657500,1579448951,16648700
13280,474201382657500,1579448951,16634300
13280,474201382657500,1579448951,16708000
13280,474201382657500,1579448951,16638300
13280,474201382657500,1579448951,16606700
13280,474201382657500,1579448951,16710200
13280,474201382657500,1579448951,16659400
13280,474201382657500,1579448951,16712900
13280,474201382657500,1579448951,16586700
13280,474201382657500,1579448951,16684800
13280,474201382657500,1579448951,16640200
13280,474201382657500,1579448951,16669500
13280,474201382657500,1579448951,16705600
13280,474201382657500,1579448951,16624900
13280,474201382657500,1579448951,16693800
13280,474201382657500,1579448951,16668500
13280,474201382657500,1579448951,16648100
13280,474201382657500,1579448951,16690200
13280,474201382657500,1579448951,16691300
13280,474201382657500,1579448951,16604400
13280,474201382657500,1579448951,16689200
13280,474201382657500,1579448951,16751500
13280,474201382657500,1579448951,16586100
13280,474201382657500,1579448951,16666900
13280,474201382657500,1579448951,16659500
13280,474201382657500,1579448951,16641800
13290,474201882683600,1579448951,16686400
13290,474201882683600,1579448951,16681500
13290,474201882683600,1579448951,16624800
13290,474201882683600,1579448951,16675400
13290,474201882683600,1579448951,16687200
13290,474201882683600,1579448951,16654100
13290,474201882683600,1579448951,16675300
13290,474201882683600,1579448951,16743400
13290,474201882683600,1579448951,16627500
13290,474201882683600,1579448951,16693000
13290,474201882683600,1579448951,16661400
13290,474201882683600,1579448951,16654100
13290,474201882683600,1579448951,16662600
13290,474201882683600,1579448951,16640900
13290,474201882683600,1579448951,16622600
13290,474201882683600,1579448951,16876000
13290,474201882683600,1579448951,16503300
13290,474201882683600,1579448951,16745300
13290,474201882683600,1579448951,16593200
13290,474201882683600,1579448951,16752300
13290,474201882683600,1579448951,16693900
13290,474201882683600,1579448951,16513200
13290,474201882683600,1579448951,16703100
13290,474201882683600,1579448951,16532300
13290,474201882683600,1579448951,16845500
13290,474201882683600,1579448951,16636200
13290,474201882683600,1579448951,16662700
13290,474201882683600,1579448951,16696900
13290,474201882683600,1579448951,16616200
13290,474201882683600,1579448951,16646500
13300,474202382481300,1579448951,16742300
13300,474202382481300,1579448951,16591000
13300,474202382481300,1579448951,16742500
13300,474202382481300,1579448951,16605200
13300,474202382481300,1579448951,16677900
13300,474202382481300,1579448951,16607900
13300,474202382481300,1579448951,16695300
13300,474202382481300,1579448951,16702800
13300,474202382481300,1579448951,16669700
13300,474202382481300,1579448951,16658000
13300,474202382481300,1579448951,16686500
13300,474202382481300,1579448951,16675000
13300,474202382481300,1579448951,16713000
13300,474202382481300,1579448951,16639400
13300,474202382481300,1579448951,16602200
13300,474202382481300,1579448951,16650800
13300,474202382481300,1579448951,16685400
13300,474202382481300,1579448951,16684200
13300,474202382481300,1579448951,16652400
13300,474202382481300,1579448951,16647500
13300,474202382481300,1579448951,16686200
13300,474202382481300,1579448951,16683600
13300,474202382481300,1579448951,16636200
13300,474202382481300,1579448951,16653500
13300,474202382481300,1579448951,16646200
13300,474202382481300,1579448951,16777900
13300,474202382481300,1579448951,16824200
13300,474202382481300,1579448951,16521400
13300,474202382481300,1579448951,16533500
13300,474202382481300,1579448951,16664000
13310,474202882507400,1579448951,16703600
13310,474202882507400,1579448951,16656200
13310,474202882507400,1579448951,16661100
13310,474202882507400,1579448951,16668700
13310,474202882507400,1579448951,16667900
13310,474202882507400,1579448951,16711000
13310,474202882507400,1579448951,16692000
13310,474202882507400,1579448951,16600900
13310,474202882507400,1579448951,16732300
13310,474202882507400,1579448951,16646600
13310,474202882507400,1579448951,16716600
13310,474202882507400,1579448951,16543500
13310,474202882507400,1579448951,16719200
13310,474202882507400,1579448951,16627900
13310,474202882507400,1579448951,16674500
13310,474202882507400,1579448951,16663900
13310,474202882507400,1579448951,16642600
13310,474202882507400,1579448951,16703100
13310,474202882507400,1579448951,16652900
13310,474202882507400,1579448951,16634100
13310,474202882507400,1579448951,16717800
13310,474202882507400,1579448951,16620400
13310,474202882507400,1579448951,16700900
13310,474202882507400,1579448951,16705100
13310,474202882507400,1579448951,16610200
13310,474202882507400,1579448951,16726300
13310,474202882507400,1579448951,16588800
13310,474202882507400,1579448951,16688800
13310,474202882507400,1579448951,16674700
13310,474202882507400,1579448951,16655900
13320,474203382785500,1579448951,16806700
13320,474203382785500,1579448951,16504200
13320,474203382785500,1579448951,16743200
13320,474203382785500,1579448951,16662400
13320,474203382785500,1579448951,16610600
13320,474203382785500,1579448951,16796900
13320,474203382785500,1579448951,16626600
13320,474203382785500,1579448951,16627300
13320,474203382785500,1579448951,16624200
13320,474203382785500,1579448951,16687800
13320,474203382785500,1579448951,16666600
13320,474203382785500,1579448951,16490900
13320,474203382785500,1579448951,16818300
13320,474203382785500,1579448951,16688400
13320,474203382785500,1579448951,16604800
13320,474203382785500,1579448951,16703600
13320,474203382785500,1579448951,16681100
13320,474203382785500,1579448951,16641600
13320,474203382785500,1579448951,16722800
13320,474203382785500,1579448951,16768200
13320,474203382785500,1579448951,16622600
13320,474203382785500,1579448951,16669000
13320,474203382785500,1579448951,16550600
13320,474203382785500,1579448951,16653100
13320,474203382785500,1579448951,16678800
13320,474203382785500,1579448951,16631600
13320,474203382785500,1579448951,16698300
13320,474203382785500,1579448951,16667200
13320,474203382785500,1579448951,16658900
13320,474203382785500,1579448951,16728300
13330,474203882649900,1579448951,16640300
13330,474203882649900,1579448951,16648300
13330,474203882649900,1579448951,16616800
13330,474203882649900,1579448951,16706600
13330,474203882649900,1579448951,16697800
13330,474203882649900,1579448951,16626000
13330,474203882649900,1579448951,16684300
13330,474203882649900,1579448951,16651800
13330,474203882649900,1579448951,16639800
13330,474203882649900,1579448951,16748200
13330,474203882649900,1579448951,16609700
13330,474203882649900,1579448951,16654800
13330,474203882649900,1579448951,16681100
13330,474203882649900,1579448951,16649900
13330,474203882649900,1579448951,16747200
13330,474203882649900,1579448951,16823600
13330,474203882649900,1579448951,16485300
13330,474203882649900,1579448951,16624300
13330,474203882649900,1579448951,16536600
13330,474203882649900,1579448951,16799600
13330,474203882649900,1579448951,16662900
13330,474203882649900,1579448951,16636500
13330,474203882649900,1579448951,16697200
13330,474203882649900,1579448951,16664500
13330,474203882649900,1579448951,16679700
13330,474203882649900,1579448951,16653200
13330,474203882649900,1579448951,16734000
13330,474203882649900,1579448951,16564400
13330,474203882649900,1579448951,16689600
13330,474203882649900,1579448951,16674500
13340,474204382599500,1579448951,16635400
13340,474204382599500,1579448951,16687800
13340,474204382599500,1579448951,16678000
13340,474204382599500,1579448951,16663900
13340,474204382599500,1579448951,16638600
13340,474204382599500,1579448951,16687200
13340,474204382599500,1579448951,16741000
13340,474204382599500,1579448951,16562400
13340,474204382599500,1579448951,16695600
13340,474204382599500,1579448951,16890100
13340,474204382599500,1579448951,16460200
13340,474204382599500,1579448951,16651600
13340,474204382599500,1579448951,16678400
13340,474204382599500,1579448951,16629200
13340,474204382599500,1579448951,16686100
13340,474204382599500,1579448951,16667800
13340,474204382599500,1579448951,16634200
13340,474204382599500,1579448951,16671500
13340,474204382599500,1579448951,16770400
13340,474204382599500,1579448951,16602500
13340,474204382599500,1579448951,16715700
13340,474204382599500,1579448951,16842100
13340,474204382599500,1579448951,16393600
13340,474204382599500,1579448951,16697500
13340,474204382599500,1579448951,16642500
13340,474204382599500,1579448951,16686500
13340,474204382599500,1579448951,16668700
13340,474204382599500,1579448951,16666800
13340,474204382599500,1579448951,16659700
13340,474204382599500,1579448951,16662400
13350,474204882492800,1579448951,16714100
13350,474204882492800,1579448951,16608200
13350,474204882492800,1579448951,16711600
13350,474204882492800,1579448951,16638200
13350,474204882492800,1579448951,16670300
13350,474204882492800,1579448951,16670300
13350,474204882492800,1579448951,16651900
13350,474204882492800,1579448951,16670800
13350,474204882492800,1579448951,16676900
13350,474204882492800,1579448951,16637600
13350,474204882492800,1579448951,16685300
13350,474204882492800,1579448951,16698000
13350,474204882492800,1579448951,16687200
13350,474204882492800,1579448951,16610700
13350,474204882492800,1579448951,16638500
13350,474204882492800,1579448951,16772100
13350,474204882492800,1579448951,16739900
13350,474204882492800,1579448951,16539600
13350,474204882492800,1579448951,16692500
13350,474204882492800,1579448951,16636000
13350,474204882492800,1579448951,16623300
13350,474204882492800,1579448951,16662500
13350,474204882492800,1579448951,16691100
13350,474204882492800,1579448951,16667100
13350,474204882492800,1579448951,16636500
13350,474204882492800,1579448951,16700300
13350,474204882492800,1579448951,16661500
13350,474204882492800,1579448951,16638900
13350,474204882492800,1579448951,16708900
13350,474204882492800,1579448951,16623900
13360,474205382539600,1579448951,16667700
13360,474205382539600,1579448951,16683400
13360,474205382539600,1579448951,16672900
13360,474205382539600,1579448951,16726200
13360,474205382539600,1579448951,16642400
13360,474205382539600,1579448951,16627800
13360,474205382539600,1579448951,16732900
13360,474205382539600,1579448951,16640900
13360,474205382539600,1579448951,16647200
13360,474205382539600,1579448951,16728100
13360,474205382539600,1579448951,16598600
13360,474205382539600,1579448951,16681800
13360,474205382539600,1579448951,16519100
13360,474205382539600,1579448951,16873200
13360,474205382539600,1579448951,16582600
13360,474205382539600,1579448951,16632000
13360,474205382539600,1579448951,16773200
13360,474205382539600,1579448951,16555100
13360,474205382539600,1579448951,16775100
13360,474205382539600,1579448951,16532100
13360,474205382539600,1579448951,16729500
13360,474205382539600,1579448951,16658500
13360,474205382539600,1579448951,16664400
13360,474205382539600,1579448951,16658500
13360,474205382539600,1579448951,16740900
13360,474205382539600,1579448951,16576300
13360,474205382539600,1579448951,16690700
13360,474205382539600,1579448951,16662500
13360,474205382539600,1579448951,16668100
13360,474205382539600,1579448951,16673000
13370,474205882865500,1579448951,16665800
13370,474205882865500,1579448951,16655600
13370,474205882865500,1579448951,16674400
13370,474205882865500,1579448951,16661300
13370,474205882865500,1579448951,16527700
13370,474205882865500,1579448951,16810300
13370,474205882865500,1579448951,16643900
13370,474205882865500,1579448951,16677600
13370,474205882865500,1579448951,16745800
13370,474205882865500,1579448951,16676800
13370,474205882865500,1579448951,16567500
13370,474205882865500,1579448951,16759800
13370,474205882865500,1579448951,16621400
13370,474205882865500,1579448951,16625600
13370,474205882865500,1579448951,16668400
13370,474205882865500,1579448951,16631800
13370,474205882865500,1579448951,16739700
13370,474205882865500,1579448951,16652500
13370,474205882865500,1579448951,16722400
13370,474205882865500,1579448951,16590500
13370,474205882865500,1579448951,16625800
13370,474205882865500,1579448951,16711700
13370,474205882865500,1579448951,16659000
13370,474205882865500,1579448951,16625200
13370,474205882865500,1579448951,16769600
13370,474205882865500,1579448951,16508000
13370,474205882865500,1579448951,16787000
13370,474205882865500,1579448951,16667000
13370,474205882865500,1579448951,16664300
13370,474205882865500,1579448951,16691400
13380,474206382784900,1579448951,16605400
13380,474206382784900,1579448951,16665000
13380,474206382784900,1579448951,16682300
13380,474206382784900,1579448951,16641000
13380,474206382784900,1579448951,16679900
13380,474206382784900,1579448951,16633800
13380,474206382784900,1579448951,16762800
13380,474206382784900,1579448951,16649700
13380,474206382784900,1579448951,16566600
13380,474206382784900,1579448951,16718900
13380,474206382784900,1579448951,16680500
13380,474206382784900,1579448951,16655100
13380,474206382784900,1579448951,16641100
13380,474206382784900,1579448951,16729000
13380,474206382784900,1579448951,16643700
13380,474206382784900,1579448951,16623000
13380,474206382784900,1579448951,16693700
13380,474206382784900,1579448951,16654200
13380,474206382784900,1579448951,16683300
13380,474206382784900,1579448951,16666600
13380,474206382784900,1579448951,16675200
13380,474206382784900,1579448951,16642900
13380,474206382784900,1579448951,16645300
13380,474206382784900,1579448951,16691000
13380,474206382784900,1579448951,16663400
13380,474206382784900,1579448951,16662400
13380,474206382784900,1579448951,16671400
13380,474206382784900,1579448951,16662700
13380,474206382784900,1579448951,16752700
13380,474206382784900,1579448951,16640300
13390,474206883425500,1579448951,16669800
13390,474206883425500,1579448951,16583000
13390,474206883425500,1579448951,17012000
13390,474206883425500,1579448951,16416800
13390,474206883425500,1579448951,16679700
13390,474206883425500,1579448951,16598000
13390,474206883425500,1579448951,16660500
13390,474206883425500,1579448951,16656800
13390,474206883425500,1579448951,16680500
13390,474206883425500,1579448951,16640500
13390,474206883425500,1579448951,16666000
13390,474206883425500,1579448951,16637400
13390,474206883425500,1579448951,16714400
13390,474206883425500,1579448951,16644800
13390,474206883425500,1579448951,16635700
13390,474206883425500,1579448951,16735100
13390,474206883425500,1579448951,16606500
13390,474206883425500,1579448951,16805600
13390,474206883425500,1579448951,16599800
13390,474206883425500,1579448951,16667000
13390,474206883425500,1579448951,16619700
13390,474206883425500,1579448951,16661800
13390,474206883425500,1579448951,16674600
13390,474206883425500,1579448951,16668800
13390,474206883425500,1579448951,16644900
13390,474206883425500,1579448951,16690400
13390,474206883425500,1579448951,16626500
13390,474206883425500,1579448951,16698100
13390,474206883425500,1579448951,16649400
13390,474206883425500,1579448951,16643700
13400,474207382929300,1579448951,16700900
13400,474207382929300,1579448951,16658700
13400,474207382929300,1579448951,16647700
13400,474207382929300,1579448951,16706200
13400,474207382929300,1579448951,16650500
13400,474207382929300,1579448951,16667400
13400,474207382929300,1579448951,16723200
13400,474207382929300,1579448951,16627600
13400,474207382929300,1579448951,16679500
13400,474207382929300,1579448951,16717800
13400,474207382929300,1579448951,16765700
13400,474207382929300,1579448951,16901700
13400,474207382929300,1579448951,16226000
13400,474207382929300,1579448951,16676500
13400,474207382929300,1579448951,16766100
13400,474207382929300,1579448951,16569500
13400,474207382929300,1579448951,16658500
13400,474207382929300,1579448951,16671900
13400,474207382929300,1579448951,16677600
13400,474207382929300,1579448951,16680700
13400,474207382929300,1579448951,16650400
13400,474207382929300,1579448951,16642800
13400,474207382929300,1579448951,16687000
13400,474207382929300,1579448951,16668700
13400,474207382929300,1579448951,16782800
13400,474207382929300,1579448951,16516000
13400,474207382929300,1579448951,16696600
13400,474207382929300,1579448951,16664800
13400,474207382929300,1579448951,16660100
13400,474207382929300,1579448951,16760600
13410,474207882599300,1579448951,16616200
13410,474207882599300,1579448951,16620900
13410,474207882599300,1579448951,16695200
13410,474207882599300,1579448951,16615800
13410,474207882599300,1579448951,16700500
13410,474207882599300,1579448951,16651100
13410,474207882599300,1579448951,16695900
13410,474207882599300,1579448951,16636300
13410,474207882599300,1579448951,16675900
13410,474207882599300,1579448951,16913100
13410,474207882599300,1579448951,16469200
13410,474207882599300,1579448951,16582300
13410,474207882599300,1579448951,16735900
13410,474207882599300,1579448951,16619400
13410,474207882599300,1579448951,16644300
13410,474207882599300,1579448951,16688900
13410,474207882599300,1579448951,16664700
13410,474207882599300,1579448951,16567800
13410,474207882599300,1579448951,16776100
13410,474207882599300,1579448951,16900700
13410,474207882599300,1579448951,16425300
13410,474207882599300,1579448951,16723800
13410,474207882599300,1579448951,16663000
13410,474207882599300,1579448951,16617600
13410,474207882599300,1579448951,16637000
13410,474207882599300,1579448951,16790700
13410,474207882599300,1579448951,16520400
13410,474207882599300,1579448951,16686000
13410,474207882599300,1579448951,16690100
13410,474207882599300,1579448951,16657900
13420,474208382778100,1579448951,16683700
13420,474208382778100,1579448951,16621300
13420,474208382778100,1579448951,16689500
13420,474208382778100,1579448951,16678700
13420,474208382778100,1579448951,16636100
13420,474208382778100,1579448951,16844300
13420,474208382778100,1579448951,16520500
13420,474208382778100,1579448951,16897900
13420,474208382778100,1579448951,16438500
13420,474208382778100,1579448951,16636000
13420,474208382778100,1579448951,16693900
13420,474208382778100,1579448951,16630200
13420,474208382778100,1579448951,16671900
13420,474208382778100,1579448951,16763500
13420,474208382778100,1579448951,16683000
13420,474208382778100,1579448951,16575900
13420,474208382778100,1579448951,16764400
13420,474208382778100,1579448951,16563300
13420,474208382778100,1579448951,16714100
13420,474208382778100,1579448951,16614300
13420,474208382778100,1579448951,16668600
13420,474208382778100,1579448951,16665000
13420,474208382778100,1579448951,16661700
13420,474208382778100,1579448951,16659900
13420,474208382778100,1579448951,16714800
13420,474208382778100,1579448951,16597400
13420,474208382778100,1579448951,16710200
13420,474208382778100,1579448951,16656500
13420,474208382778100,1579448951,16643200
13420,474208382778100,1579448951,16693600
13430,474208882573800,1579448951,16857200
13430,474208882573800,1579448951,16463200
13430,474208882573800,1579448951,16674900
13430,474208882573800,1579448951,16650700
13430,474208882573800,1579448951,16678200
13430,474208882573800,1579448951,16681200
13430,474208882573800,1579448951,16666400
13430,474208882573800,1579448951,16657100
13430,474208882573800,1579448951,16656600
13430,474208882573800,1579448951,16764000
13430,474208882573800,1579448951,16569300
13430,474208882573800,1579448951,16646100
13430,474208882573800,1579448951,16702900
13430,474208882573800,1579448951,16654100
13430,474208882573800,1579448951,16671200
13430,474208882573800,1579448951,16668400
13430,474208882573800,1579448951,16632600
13430,474208882573800,1579448951,16686200
13430,474208882573800,1579448951,16703900
13430,474208882573800,1579448951,16600400
13430,474208882573800,1579448951,16716800
13430,474208882573800,1579448951,16697500
13430,474208882573800,1579448951,16586700
13430,474208882573800,1579448951,16684200
13430,474208882573800,1579448951,16676600
13430,474208882573800,1579448951,16694500
13430,474208882573800,1579448951,16748800
13430,474208882573800,1579448951,16557900
13430,474208882573800,1579448951,16666400
13430,474208882573800,1579448951,16660700
13440,474209382359200,1579448951,16645300
13440,474209382359200,1579448951,16676300
13440,474209382359200,1579448951,16648800
13440,474209382359200,1579448951,16692400
13440,474209382359200,1579448951,16669900
13440,474209382359200,1579448951,16689300
13440,474209382359200,1579448951,16661200
13440,474209382359200,1579448951,16736700
13440,474209382359200,1579448951,16599000
13440,474209382359200,1579448951,16748100
13440,474209382359200,1579448951,16554800
13440,474209382359200,1579448951,16709100
13440,474209382359200,1579448951,16665800
13440,474209382359200,1579448951,16626400
13440,474209382359200,1579448951,16648700
13440,474209382359200,1579448951,16687900
13440,474209382359200,1579448951,16662400
13440,474209382359200,1579448951,16665900
13440,474209382359200,1579448951,16662000
13440,474209382359200,1579448951,16744300
13440,474209382359200,1579448951,16663700
13440,474209382359200,1579448951,16683600
13440,474209382359200,1579448951,16594000
13440,474209382359200,1579448951,16651200
13440,474209382359200,1579448951,16665200
13440,474209382359200,1579448951,16658500
13440,474209382359200,1579448951,16642800
13440,474209382359200,1579448951,16695300
13440,474209382359200,1579448951,16712400
13440,474209382359200,1579448951,16636900
13450,474209882347900,1579448951,16780400
13450,474209882347900,1579448951,16602800
13450,474209882347900,1579448951,16612800
13450,474209882347900,1579448951,16619600
13450,474209882347900,1579448951,16713200
13450,474209882347900,1579448951,16667800
13450,474209882347900,1579448951,16670900
13450,474209882347900,1579448951,16638000
13450,474209882347900,1579448951,16668400
13450,474209882347900,1579448951,16645800
13450,474209882347900,1579448951,16682800
13450,474209882347900,1579448951,16669700
13450,474209882347900,1579448951,16672000
13450,474209882347900,1579448951,16626100
13450,474209882347900,1579448951,16699900
13450,474209882347900,1579448951,16670000
13450,474209882347900,1579448951,16637300
13450,474209882347900,1579448951,16825900
13450,474209882347900,1579448951,16442700
13450,474209882347900,1579448951,16749100
13450,474209882347900,1579448951,16669300
13450,474209882347900,1579448951,16806300
13450,474209882347900,1579448951,16543400
13450,474209882347900,1579448951,16718500
13450,474209882347900,1579448951,16598200
13450,474209882347900,1579448951,16770300
13450,474209882347900,1579448951,16615600
13450,474209882347900,1579448951,16519600
13450,474209882347900,1579448951,16778000
13450,474209882347900,1579448951,16612700
13460,474210382441500,1579448951,17866400
13460,474210382441500,1579448951,15464900
13460,474210382441500,1579448951,16675700
13460,474210382441500,1579448951,16689900
13460,474210382441500,1579448951,16669400
13460,474210382441500,1579448951,16644400
13460,474210382441500,1579448951,16741800
13460,474210382441500,1579448951,16662000
13460,474210382441500,1579448951,16521500
13460,474210382441500,1579448951,16747400
13460,474210382441500,1579448951,16682100
13460,474210382441500,1579448951,16672600
13460,474210382441500,1579448951,16659100
13460,474210382441500,1579448951,16633700
13460,474210382441500,1579448951,16694000
13460,474210382441500,1579448951,16787800
13460,474210382441500,1579448951,16531400
13460,474210382441500,1579448951,16700300
13460,474210382441500,1579448951,16649200
13460,474210382441500,1579448951,16657500
13460,474210382441500,1579448951,16680500
13460,474210382441500,1579448951,16706200
13460,474210382441500,1579448951,16609600
13460,474210382441500,1579448951,16646300
13460,474210382441500,1579448951,16644800
13460,474210382441500,1579448951,16796000
13460,474210382441500,1579448951,16555500
13460,474210382441500,1579448951,16859400
13460,474210382441500,1579448951,16483200
13460,474210382441500,1579448951,16677000
13470,474210882152400,1579448951,16672900
13470,474210882152400,1579448951,16660500
13470,474210882152400,1579448951,16668100
13470,474210882152400,1579448951,16639600
13470,474210882152400,1579448951,16686900
13470,474210882152400,1579448951,16676500
13470,474210882152400,1579448951,16683500
13470,474210882152400,1579448951,16621300
13470,474210882152400,1579448951,16693900
13470,474210882152400,1579448951,16875300
13470,474210882152400,1579448951,16487800
13470,474210882152400,1579448951,16652400
13470,474210882152400,1579448951,16649800
13470,474210882152400,1579448951,16659800
13470,474210882152400,1579448951,16662500
13470,474210882152400,1579448951,16668400
13470,474210882152400,1579448951,16715700
13470,474210882152400,1579448951,16630400
13470,474210882152400,1579448951,16729600
13470,474210882152400,1579448951,16583300
13470,474210882152400,1579448951,16700200
13470,474210882152400,1579448951,16616400
13470,474210882152400,1579448951,16689500
13470,474210882152400,1579448951,16964800
13470,474210882152400,1579448951,16339200
13470,474210882152400,1579448951,16665100
13470,474210882152400,1579448951,16698900
13470,474210882152400,1579448951,16667200
13470,474210882152400,1579448951,16639200
13470,474210882152400,1579448951,16682900
13480,474211382472600,1579448951,16650000
13480,474211382472600,1579448951,16685700
13480,474211382472600,1579448951,16635600
13480,474211382472600,1579448951,16696800
13480,474211382472600,1579448951,16659500
13480,474211382472600,1579448951,16694000
13480,474211382472600,1579448951,16935400
13480,474211382472600,1579448951,16655100
13480,474211382472600,1579448951,16345500
13480,474211382472600,1579448951,16712100
13480,474211382472600,1579448951,16655000
13480,474211382472600,1579448951,16667200
13480,474211382472600,1579448951,16646500
13480,474211382472600,1579448951,16687200
13480,474211382472600,1579448951,16667000
13480,474211382472600,1579448951,16858200
13480,474211382472600,1579448951,16475600
13480,474211382472600,1579448951,16661100
13480,474211382472600,1579448951,16691700
13480,474211382472600,1579448951,16613500
13480,474211382472600,1579448951,16679100
13480,474211382472600,1579448951,16681500
13480,474211382472600,1579448951,16661700
13480,474211382472600,1579448951,16635500
13480,474211382472600,1579448951,16708800
13480,474211382472600,1579448951,16692200
13480,474211382472600,1579448951,16682000
13480,474211382472600,1579448951,16698300
13480,474211382472600,1579448951,16680300
13480,474211382472600,1579448951,16591300
13490,474211882356600,1579448951,16720100
13490,474211882356600,1579448951,16617100
13490,474211882356600,1579448951,16618500
13490,474211882356600,1579448951,16685600
13490,474211882356600,1579448951,16665700
13490,474211882356600,1579448951,16675600
13490,474211882356600,1579448951,16670400
13490,474211882356600,1579448951,16710500
13490,474211882356600,1579448951,16615300
13490,474211882356600,1579448951,16687900
13490,474211882356600,1579448951,16645700
13490,474211882356600,1579448951,16721900
13490,474211882356600,1579448951,16602200
13490,474211882356600,1579448951,16658500
13490,474211882356600,1579448951,16650300
13490,474211882356600,1579448951,16691600
13490,474211882356600,1579448951,16645500
13490,474211882356600,1579448951,16684000
13490,474211882356600,1579448951,16717300
13490,474211882356600,1579448951,16507400
13490,474211882356600,1579448951,16775800
13490,474211882356600,1579448951,16671200
13490,474211882356600,1579448951,16663100
13490,474211882356600,1579448951,16664100
13490,474211882356600,1579448951,16689200
13490,474211882356600,1579448951,16744500
13490,474211882356600,1579448951,16622900
13490,474211882356600,1579448951,16651500
13490,474211882356600,1579448951,16666000
13490,474211882356600,1579448951,16593100
13500,474212382009900,1579448951,16741400
13500,474212382009900,1579448951,16620400
13500,474212382009900,1579448951,16706900
13500,474212382009900,1579448951,16597500
13500,474212382009900,1579448951,16701700
13500,474212382009900,1579448951,16657800
13500,474212382009900,1579448951,16839100
13500,474212382009900,1579448951,16756800
13500,474212382009900,1579448951,16390300
13500,474212382009900,1579448951,16768000
13500,474212382009900,1579448951,16577700
13500,474212382009900,1579448951,16656700
13500,474212382009900,1579448951,16665200
13500,474212382009900,1579448951,16666700
13500,474212382009900,1579448951,16676400
13500,474212382009900,1579448951,16639600
13500,474212382009900,1579448951,16753400
13500,474212382009900,1579448951,16566400
13500,474212382009900,1579448951,16722600
13500,474212382009900,1579448951,16618300
13500,474212382009900,1579448951,16695500
13500,474212382009900,1579448951,16704700
13500,474212382009900,1579448951,16642800
13500,474212382009900,1579448951,16651400
13500,474212382009900,1579448951,16670600
13500,474212382009900,1579448951,16619200
13500,474212382009900,1579448951,16726400
13500,474212382009900,1579448951,16612400
13500,474212382009900,1579448951,16829800
13500,474212382009900,1579448951,16506900
13510,474212882168100,1579448951,16663000
13510,474212882168100,1579448951,16688500
13510,474212882168100,1579448951,16677300
13510,474212882168100,1579448951,16636600
13510,474212882168100,1579448951,16690700
13510,474212882168100,1579448951,16674500
13510,474212882168100,1579448951,16677800
13510,474212882168100,1579448951,16643700
13510,474212882168100,1579448951,16685500
13510,474212882168100,1579448951,16675800
13510,474212882168100,1579448951,16673600
13510,474212882168100,1579448951,16639700
13510,474212882168100,1579448951,16666500
13510,474212882168100,1579448951,16648500
13510,474212882168100,1579448951,16667700
13510,474212882168100,1579448951,16677300
13510,474212882168100,1579448951,16654800
13510,474212882168100,1579448951,16634900
13510,474212882168100,1579448951,16750800
13510,474212882168100,1579448951,16612800
13510,474212882168100,1579448951,16707400
13510,474212882168100,1579448951,16601200
13510,474212882168100,1579448951,16668500
13510,474212882168100,1579448951,16689200
13510,474212882168100,1579448951,16684400
13510,474212882168100,1579448951,16653400
13510,474212882168100,1579448951,16699700
13510,474212882168100,1579448951,16628600
13510,474212882168100,1579448951,16666900
13510,474212882168100,1579448951,16658000
13520,474213382459100,1579448951,16677000
13520,474213382459100,1579448951,16651900
13520,474213382459100,1579448951,16670100
13520,474213382459100,1579448951,16684600
13520,474213382459100,1579448951,16622000
13520,474213382459100,1579448951,16778600
13520,474213382459100,1579448951,16709400
13520,474213382459100,1579448951,16731200
13520,474213382459100,1579448951,16545600
13520,474213382459100,1579448951,16649700
13520,474213382459100,1579448951,16616800
13520,474213382459100,1579448951,16660600
13520,474213382459100,1579448951,16641100
13520,474213382459100,1579448951,16688000
13520,474213382459100,1579448951,16665100
13520,474213382459100,1579448951,16641100
13520,474213382459100,1579448951,16689600
13520,474213382459100,1579448951,16505800
13520,474213382459100,1579448951,16929700
13520,474213382459100,1579448951,16552600
13520,474213382459100,1579448951,16665300
13520,474213382459100,1579448951,16856400
13520,474213382459100,1579448951,16493700
13520,474213382459100,1579448951,16693200
13520,474213382459100,1579448951,16615200
13520,474213382459100,1579448951,16687600
13520,474213382459100,1579448951,16665400
13520,474213382459100,1579448951,16645700
13520,474213382459100,1579448951,16684100
13520,474213382459100,1579448951,16667100
13530,474213882738800,1579448951,16979800
13530,474213882738800,1579448951,16332400
13530,474213882738800,1579448951,16698600
13530,474213882738800,1579448951,16854700
13530,474213882738800,1579448951,16467900
13530,474213882738800,1579448951,16649100
13530,474213882738800,1579448951,16669600
13530,474213882738800,1579448951,16680800
13530,474213882738800,1579448951,16681300
13530,474213882738800,1579448951,16631900
13530,474213882738800,1579448951,16688900
13530,474213882738800,1579448951,16660500
13530,474213882738800,1579448951,16669600
13530,474213882738800,1579448951,16672200
13530,474213882738800,1579448951,16656400
13530,474213882738800,1579448951,16640800
13530,474213882738800,1579448951,16690700
13530,474213882738800,1579448951,16666000
13530,474213882738800,1579448951,16792500
13530,474213882738800,1579448951,16644400
13530,474213882738800,1579448951,16560400
13530,474213882738800,1579448951,16666100
13530,474213882738800,1579448951,16658700
13530,474213882738800,1579448951,16671200
13530,474213882738800,1579448951,16674600
13530,474213882738800,1579448951,16623800
13530,474213882738800,1579448951,16798900
13530,474213882738800,1579448951,16667900
13530,474213882738800,1579448951,16772700
13530,474213882738800,1579448951,16375200
13540,474214381964900,1579448951,17051300
13540,474214381964900,1579448951,16289700
13540,474214381964900,1579448951,16712600
13540,474214381964900,1579448951,16701400
13540,474214381964900,1579448951,16663600
13540,474214381964900,1579448951,16688900
13540,474214381964900,1579448951,16615600
13540,474214381964900,1579448951,16776200
13540,474214381964900,1579448951,16482900
13540,474214381964900,1579448951,16735500
13540,474214381964900,1579448951,16692700
13540,474214381964900,1579448951,16665500
13540,474214381964900,1579448951,16670100
13540,474214381964900,1579448951,16663100
13540,474214381964900,1579448951,16641100
13540,474214381964900,1579448951,16728100
13540,474214381964900,1579448951,16619800
13540,474214381964900,1579448951,16673900
13540,474214381964900,1579448951,16712600
13540,474214381964900,1579448951,16588300
13540,474214381964900,1579448951,16704400
13540,474214381964900,1579448951,16663400
13540,474214381964900,1579448951,16659900
13540,474214381964900,1579448951,16670100
13540,474214381964900,1579448951,16706600
13540,474214381964900,1579448951,16637000
13540,474214381964900,1579448951,16643800
13540,474214381964900,1579448951,16647100
13540,474214381964900,1579448951,16698300
13540,474214381964900,1579448951,16641400
13550,474214882113900,1579448951,16696500
13550,474214882113900,1579448951,16657300
13550,474214882113900,1579448951,16533400
13550,474214882113900,1579448951,16867500
13550,474214882113900,1579448951,16593800
13550,474214882113900,1579448951,16678600
13550,474214882113900,1579448951,16642900
13550,474214882113900,1579448951,16675300
13550,474214882113900,1579448951,16687000
13550,474214882113900,1579448951,16867800
13550,474214882113900,1579448951,16521600
13550,474214882113900,1579448951,16619400
13550,474214882113900,1579448951,16638400
13550,474214882113900,1579448951,16663900
13550,474214882113900,1579448951,16670700
13550,474214882113900,1579448951,16669600
13550,474214882113900,1579448951,16650400
13550,474214882113900,1579448951,16675900
13550,474214882113900,1579448951,16664400
13550,474214882113900,1579448951,16668400
13550,474214882113900,1579448951,16638700
13550,474214882113900,1579448951,16694000
13550,474214882113900,1579448951,16657600
13550,474214882113900,1579448951,16669400
13550,474214882113900,1579448951,16666100
13550,474214882113900,1579448951,16661800
13550,474214882113900,1579448951,16696100
13550,474214882113900,1579448951,16704300
13550,474214882113900,1579448951,16606700
13550,474214882113900,1579448951,16656300
13560,474215381936200,1579448951,16682800
13560,474215381936200,1579448951,16650600
13560,474215381936200,1579448951,16673600
13560,474215381936200,1579448951,16668200
13560,474215381936200,1579448951,16634400
13560,474215381936200,1579448951,16702000
13560,474215381936200,1579448951,16691400
13560,474215381936200,1579448951,16716900
13560,474215381936200,1579448951,16619300
13560,474215381936200,1579448951,16605700
13560,474215381936200,1579448951,16707800
13560,474215381936200,1579448951,16643900
13560,474215381936200,1579448951,16710300
13560,474215381936200,1579448951,16586300
13560,474215381936200,1579448951,16700400
13560,474215381936200,1579448951,16668800
13560,474215381936200,1579448951,16645600
13560,474215381936200,1579448951,16683600
13560,474215381936200,1579448951,16760800
13560,474215381936200,1579448951,16812200
13560,474215381936200,1579448951,16428400
13560,474215381936200,1579448951,16552900
13560,474215381936200,1579448951,16781000
13560,474215381936200,1579448951,16700700
13560,474215381936200,1579448951,16642200
13560,474215381936200,1579448951,16664700
13560,474215381936200,1579448951,16652800
13560,474215381936200,1579448951,16687700
13560,474215381936200,1579448951,16614600
13560,474215381936200,1579448951,16666500
13570,474215882923800,1579448951,16747000
13570,474215882923800,1579448951,16615400
13570,474215882923800,1579448951,16631700
13570,474215882923800,1579448951,16674000
13570,474215882923800,1579448951,16689800
13570,474215882923800,1579448951,16667000
13570,474215882923800,1579448951,16696700
13570,474215882923800,1579448951,16635100
13570,474215882923800,1579448951,16674200
13570,474215882923800,1579448951,16792500
13570,474215882923800,1579448951,16505400
13570,474215882923800,1579448951,16692100
13570,474215882923800,1579448951,16669300
13570,474215882923800,1579448951,16667400
13570,474215882923800,1579448951,16630200
13570,474215882923800,1579448951,16702600
13570,474215882923800,1579448951,16667600
13570,474215882923800,1579448951,16665900
13570,474215882923800,1579448951,16705300
13570,474215882923800,1579448951,16671800
13570,474215882923800,1579448951,16621000
13570,474215882923800,1579448951,16510000
13570,474215882923800,1579448951,16811700
13570,474215882923800,1579448951,16695000
13570,474215882923800,1579448951,16570600
13570,474215882923800,1579448951,16730400
13570,474215882923800,1579448951,16650100
13570,474215882923800,1579448951,16974200
13570,474215882923800,1579448951,16548600
13570,474215882923800,1579448951,16681300
13580,474216382467000,1579448951,16496500
13580,474216382467000,1579448951,16844800
13580,474216382467000,1579448951,16442500
13580,474216382467000,1579448951,16695500
13580,474216382467000,1579448951,16659600
13580,474216382467000,1579448951,16646100
13580,474216382467000,1579448951,16703500
13580,474216382467000,1579448951,16704900
13580,474216382467000,1579448951,16682700
13580,474216382467000,1579448951,16864900
13580,474216382467000,1579448951,16381800
13580,474216382467000,1579448951,16721700
13580,474216382467000,1579448951,16605000
13580,474216382467000,1579448951,16686400
13580,474216382467000,1579448951,16826000
13580,474216382467000,1579448951,16550300
13580,474216382467000,1579448951,16597600
13580,474216382467000,1579448951,16688600
13580,474216382467000,1579448951,16717500
13580,474216382467000,1579448951,16610000
13580,474216382467000,1579448951,16650700
13580,474216382467000,1579448951,16690500
13580,474216382467000,1579448951,16659200
13580,474216382467000,1579448951,16672700
13580,474216382467000,1579448951,16678000
13580,474216382467000,1579448951,16623900
13580,474216382467000,1579448951,16951900
13580,474216382467000,1579448951,16417600
13580,474216382467000,1579448951,16659400
13580,474216382467000,1579448951,16810600
13590,474216882199800,1579448951,16537100
13590,474216882199800,1579448951,16646900
13590,474216882199800,1579448951,16665500
13590,474216882199800,1579448951,16670700
13590,474216882199800,1579448951,16659300
13590,474216882199800,1579448951,16784000
13590,474216882199800,1579448951,16564000
13590,474216882199800,1579448951,16650400
13590,474216882199800,1579448951,16643500
13590,474216882199800,1579448951,16734700
13590,474216882199800,1579448951,16682200
13590,474216882199800,1579448951,16580900
13590,474216882199800,1579448951,16761200
13590,474216882199800,1579448951,16650900
13590,474216882199800,1579448951,16446000
13590,474216882199800,1579448951,16807700
13590,474216882199800,1579448951,16690900
13590,474216882199800,1579448951,16664600
13590,474216882199800,1579448951,16713300
13590,474216882199800,1579448951,16591300
13590,474216882199800,1579448951,16740400
13590,474216882199800,1579448951,16648400
13590,474216882199800,1579448951,16612900
13590,474216882199800,1579448951,16727100
13590,474216882199800,1579448951,16629900
13590,474216882199800,1579448951,16711200
13590,474216882199800,1579448951,16628500
13590,474216882199800,1579448951,16672400
13590,474216882199800,1579448951,16708900
13590,474216882199800,1579448951,16671800
13600,474217382103800,1579448951,16619100
13600,474217382103800,1579448951,16620000
13600,474217382103800,1579448951,16693600
13600,474217382103800,1579448951,16667300
13600,474217382103800,1579448951,16665400
13600,474217382103800,1579448951,16640900
13600,474217382103800,1579448951,16666300
13600,474217382103800,1579448951,16751300
13600,474217382103800,1579448951,16604000
13600,474217382103800,1579448951,16717900
13600,474217382103800,1579448951,16645000
13600,474217382103800,1579448951,16647200
13600,474217382103800,1579448951,16711900
13600,474217382103800,1579448951,16667000
13600,474217382103800,1579448951,16671900
13600,474217382103800,1579448951,16607000
13600,474217382103800,1579448951,16671300
13600,474217382103800,1579448951,16670100
13600,474217382103800,1579448951,16698700
13600,474217382103800,1579448951,16499100
13600,474217382103800,1579448951,16798800
13600,474217382103800,1579448951,16519500
13600,474217382103800,1579448951,16790600
13600,474217382103800,1579448951,16715900
13600,474217382103800,1579448951,16636600
13600,474217382103800,1579448951,16649200
13600,474217382103800,1579448951,16668100
13600,474217382103800,1579448951,16641000
13600,474217382103800,1579448951,16697500
13600,474217382103800,1579448951,16705400
13610,474217882396300,1579448951,16814100
13610,474217882396300,1579448951,16612500
13610,474217882396300,1579448951,16770700
13610,474217882396300,1579448951,16479900
13610,474217882396300,1579448951,16585800
13610,474217882396300,1579448951,16757500
13610,474217882396300,1579448951,16620700
13610,474217882396300,1579448951,16616500
13610,474217882396300,1579448951,16675000
13610,474217882396300,1579448951,16698100
13610,474217882396300,1579448951,16724100
13610,474217882396300,1579448951,16622200
13610,474217882396300,1579448951,16697700
13610,474217882396300,1579448951,16707000
13610,474217882396300,1579448951,16678600
13610,474217882396300,1579448951,16622900
13610,474217882396300,1579448951,16839200
13610,474217882396300,1579448951,16421300
13610,474217882396300,1579448951,16733700
13610,474217882396300,1579448951,16852100
13610,474217882396300,1579448951,16436700
13610,474217882396300,1579448951,16625700
13610,474217882396300,1579448951,16688500
13610,474217882396300,1579448951,16660100
13610,474217882396300,1579448951,16672600
13610,474217882396300,1579448951,16628700
13610,474217882396300,1579448951,16705400
13610,474217882396300,1579448951,16654200
13610,474217882396300,1579448951,16640400
13610,474217882396300,1579448951,16755400
13620,474218382088500,1579448951,16656200
13620,474218382088500,1579448951,16692400
13620,474218382088500,1579448951,16566800
13620,474218382088500,1579448951,16695200
13620,474218382088500,1579448951,16617400
13620,474218382088500,1579448951,16710800
13620,474218382088500,1579448951,16680800
13620,474218382088500,1579448951,16577400
13620,474218382088500,1579448951,16642200
13620,474218382088500,1579448951,16741800
13620,474218382088500,1579448951,16739400
13620,474218382088500,1579448951,16655500
13620,474218382088500,1579448951,16703600
13620,474218382088500,1579448951,16482900
13620,474218382088500,1579448951,16857700
13620,474218382088500,1579448951,16619500
13620,474218382088500,1579448951,16653200
13620,474218382088500,1579448951,16703500
13620,474218382088500,1579448951,16619800
13620,474218382088500,1579448951,16702100
13620,474218382088500,1579448951,16647000
13620,474218382088500,1579448951,16701700
13620,474218382088500,1579448951,16679500
13620,474218382088500,1579448951,16623300
13620,474218382088500,1579448951,16648800
13620,474218382088500,1579448951,16649300
13620,474218382088500,1579448951,16699200
13620,474218382088500,1579448951,16728300
13620,474218382088500,1579448951,16602200
13620,474218382088500,1579448951,16703700
13630,474218881923600,1579448951,16675100
13630,474218881923600,1579448951,16698600
13630,474218881923600,1579448951,16598900
13630,474218881923600,1579448951,16747100
13630,474218881923600,1579448951,16642800
13630,474218881923600,1579448951,16566200
13630,474218881923600,1579448951,16683500
13630,474218881923600,1579448951,16640700
13630,474218881923600,1579448951,16670100
13630,474218881923600,1579448951,16653000
13630,474218881923600,1579448951,16659100
13630,474218881923600,1579448951,16681300
13630,474218881923600,1579448951,16638300
13630,474218881923600,1579448951,16685200
13630,474218881923600,1579448951,16668800
13630,474218881923600,1579448951,16668800
13630,474218881923600,1579448951,16664100
13630,474218881923600,1579448951,16677600
13630,474218881923600,1579448951,16715000
13630,474218881923600,1579448951,16576300
13630,474218881923600,1579448951,16718100
13630,474218881923600,1579448951,16659800
13630,474218881923600,1579448951,16656500
13630,474218881923600,1579448951,16772500
13630,474218881923600,1579448951,16557100
13630,474218881923600,1579448951,16625600
13630,474218881923600,1579448951,16707600
13630,474218881923600,1579448951,16661200
13630,474218881923600,1579448951,16731400
13630,474218881923600,1579448951,16665100
13640,474219382229700,1579448951,16713700
13640,474219382229700,1579448951,16564100
13640,474219382229700,1579448951,16626200
13640,474219382229700,1579448951,16745900
13640,474219382229700,1579448951,16632900
13640,474219382229700,1579448951,16720400
13640,474219382229700,1579448951,16851100
13640,474219382229700,1579448951,16457500
13640,474219382229700,1579448951,16723500
13640,474219382229700,1579448951,16593900
13640,474219382229700,1579448951,16647100
13640,474219382229700,1579448951,16654200
13640,474219382229700,1579448951,16671700
13640,474219382229700,1579448951,16651800
13640,474219382229700,1579448951,16664300
13640,474219382229700,1579448951,16761300
13640,474219382229700,1579448951,16610500
13640,474219382229700,1579448951,16786900
13640,474219382229700,1579448951,16543100
13640,474219382229700,1579448951,16704100
13640,474219382229700,1579448951,16593300
13640,474219382229700,1579448951,16742300
13640,474219382229700,1579448951,16616100
13640,474219382229700,1579448951,16703800
13640,474219382229700,1579448951,16732300
13640,474219382229700,1579448951,16610400
13640,474219382229700,1579448951,16618500
13640,474219382229700,1579448951,16709600
13640,474219382229700,1579448951,16574300
13640,474219382229700,1579448951,16748700
13650,474219881836600,1579448951,16868800
13650,474219881836600,1579448951,16398800
13650,474219881836600,1579448951,16669800
13650,474219881836600,1579448951,16671200
13650,474219881836600,1579448951,16661200
13650,474219881836600,1579448951,16648400
13650,474219881836600,1579448951,16700700
13650,474219881836600,1579448951,16641100
13650,474219881836600,1579448951,16671200
13650,474219881836600,1579448951,16769300
13650,474219881836600,1579448951,16581500
13650,474219881836600,1579448951,16661700
13650,474219881836600,1579448951,16649800
13650,474219881836600,1579448951,16675600
13650,474219881836600,1579448951,16639500
13650,474219881836600,1579448951,16662400
13650,474219881836600,1579448951,16697200
13650,474219881836600,1579448951,16656800
13650,474219881836600,1579448951,16712200
13650,474219881836600,1579448951,16620800
13650,474219881836600,1579448951,16669600
13650,474219881836600,1579448951,16667600
13650,474219881836600,1579448951,16639000
13650,474219881836600,1579448951,16696700
13650,474219881836600,1579448951,16634100
13650,474219881836600,1579448951,16686600
13650,474219881836600,1579448951,16652600
13650,474219881836600,1579448951,16844800
13650,474219881836600,1579448951,16480200
13650,474219881836600,1579448951,16730100
13660,474220381745500,1579448951,16671100
13660,474220381745500,1579448951,16621300
13660,474220381745500,1579448951,16666200
13660,474220381745500,1579448951,16668500
13660,474220381745500,1579448951,16781400
13660,474220381745500,1579448951,16506600
13660,474220381745500,1579448951,16728900
13660,474220381745500,1579448951,16718700
13660,474220381745500,1579448951,16532100
13660,474220381745500,1579448951,16937600
13660,474220381745500,1579448951,17291400
13660,474220381745500,1579448951,15853700
13660,474220381745500,1579448951,16682500
13660,474220381745500,1579448951,16658000
13660,474220381745500,1579448951,16638100
13660,474220381745500,1579448951,16670900
13660,474220381745500,1579448951,16664000
13660,474220381745500,1579448951,16635800
13660,474220381745500,1579448951,16700600
13660,474220381745500,1579448951,16661600
13660,474220381745500,1579448951,16702800
13660,474220381745500,1579448951,16600400
13660,474220381745500,1579448951,16657700
13660,474220381745500,1579448951,16664600
13660,474220381745500,1579448951,16771000
13660,474220381745500,1579448951,16613000
13660,474220381745500,1579448951,16705800
13660,474220381745500,1579448951,16603000
13660,474220381745500,1579448951,16661600
13660,474220381745500,1579448951,16640600
13670,474220882063300,1579448951,16736200
13670,474220882063300,1579448951,16620800
13670,474220882063300,1579448951,16649900
13670,474220882063300,1579448951,16726500
13670,474220882063300,1579448951,16635200
13670,474220882063300,1579448951,16729800
13670,474220882063300,1579448951,16616700
13670,474220882063300,1579448951,16643800
13670,474220882063300,1579448951,16667000
13670,474220882063300,1579448951,16648400
13670,474220882063300,1579448951,16693300
13670,474220882063300,1579448951,16672200
13670,474220882063300,1579448951,16692000
13670,474220882063300,1579448951,16617900
13670,474220882063300,1579448951,16671100
13670,474220882063300,1579448951,16673100
13670,474220882063300,1579448951,16876100
13670,474220882063300,1579448951,16461600
13670,474220882063300,1579448951,16725500
13670,474220882063300,1579448951,16610200
13670,474220882063300,1579448951,16890700
13670,474220882063300,1579448951,16530100
13670,474220882063300,1579448951,16632700
13670,474220882063300,1579448951,16601600
13670,474220882063300,1579448951,16673500
13670,474220882063300,1579448951,16651000
13670,474220882063300,1579448951,16643300
13670,474220882063300,1579448951,16661900
13670,474220882063300,1579448951,16697900
13670,474220882063300,1579448951,16709900
13680,474221381999900,1579448951,16631800
13680,474221381999900,1579448951,16657800
13680,474221381999900,1579448951,17025500
13680,474221381999900,1579448951,16279400
13680,474221381999900,1579448951,16720100
13680,474221381999900,1579448951,16672900
13680,474221381999900,1579448951,16635900
13680,474221381999900,1579448951,16715500
13680,474221381999900,1579448951,16609600
13680,474221381999900,1579448951,16672700
13680,474221381999900,1579448951,16667200
13680,474221381999900,1579448951,16670100
13680,474221381999900,1579448951,16655000
13680,474221381999900,1579448951,16632400
13680,474221381999900,1579448951,16746600
13680,474221381999900,1579448951,16613300
13680,474221381999900,1579448951,16697000
13680,474221381999900,1579448951,16633100
13680,474221381999900,1579448951,16682800
13680,474221381999900,1579448951,16664700
13680,474221381999900,1579448951,16660300
13680,474221381999900,1579448951,16702700
13680,474221381999900,1579448951,16605400
13680,474221381999900,1579448951,16778300
13680,474221381999900,1579448951,16574600
13680,474221381999900,1579448951,16635400
13680,474221381999900,1579448951,16745400
13680,474221381999900,1579448951,16793700
13680,474221381999900,1579448951,16527600
13680,474221381999900,1579448951,16657100
13690,474221881867000,1579448951,16618900
13690,474221881867000,1579448951,16679400
13690,474221881867000,1579448951,16664500
13690,474221881867000,1579448951,16671500
13690,474221881867000,1579448951,16664400
13690,474221881867000,1579448951,16681400
13690,474221881867000,1579448951,16705100
13690,474221881867000,1579448951,16614700
13690,474221881867000,1579448951,16640200
13690,474221881867000,1579448951,16713800
13690,474221881867000,1579448951,16658700
13690,474221881867000,1579448951,16659400
13690,474221881867000,1579448951,16626600
13690,474221881867000,1579448951,16766300
13690,474221881867000,1579448951,16601200
13690,474221881867000,1579448951,16671100
13690,474221881867000,1579448951,16652400
13690,474221881867000,1579448951,16660500
13690,474221881867000,1579448951,16720200
13690,474221881867000,1579448951,16587900
13690,474221881867000,1579448951,16706400
13690,474221881867000,1579448951,16671200
13690,474221881867000,1579448951,16654600
13690,474221881867000,1579448951,16665000
13690,474221881867000,1579448951,16644200
13690,474221881867000,1579448951,16674900
13690,474221881867000,1579448951,16685600
13690,474221881867000,1579448951,16637300
13690,474221881867000,1579448951,16662100
13690,474221881867000,1579448951,16734200
13700,474222381772800,1579448951,16694100
13700,474222381772800,1579448951,16588700
13700,474222381772800,1579448951,16666700
13700,474222381772800,1579448951,16629200
13700,474222381772800,1579448951,16680500
13700,474222381772800,1579448951,16692800
13700,474222381772800,1579448951,16596400
13700,474222381772800,1579448951,16816100
13700,474222381772800,1579448951,16484900
13700,474222381772800,1579448951,16847500
13700,474222381772800,1579448951,16571400
13700,474222381772800,1579448951,16666400
13700,474222381772800,1579448951,16686900
13700,474222381772800,1579448951,16663100
13700,474222381772800,1579448951,16662800
13700,474222381772800,1579448951,16669100
13700,474222381772800,1579448951,16662200
13700,474222381772800,1579448951,16667400
13700,474222381772800,1579448951,16669200
13700,474222381772800,1579448951,16660500
13700,474222381772800,1579448951,16671700
13700,474222381772800,1579448951,16641600
13700,474222381772800,1579448951,16709000
13700,474222381772800,1579448951,16679700
13700,474222381772800,1579448951,16603200
13700,474222381772800,1579448951,16670700
13700,474222381772800,1579448951,16766600
13700,474222381772800,1579448951,16609300
13700,474222381772800,1579448951,16616800
13700,474222381772800,1579448951,16695600
13710,474222881929700,1579448951,16858600
13710,474222881929700,1579448951,16679200
13710,474222881929700,1579448951,16455800
13710,474222881929700,1579448951,16635600
13710,474222881929700,1579448951,16885500
13710,474222881929700,1579448951,16456600
13710,474222881929700,1579448951,16701800
13710,474222881929700,1579448951,16623500
13710,474222881929700,1579448951,16694800
13710,474222881929700,1579448951,16713000
13710,474222881929700,1579448951,16594200
13710,474222881929700,1579448951,16697000
13710,474222881929700,1579448951,16886900
13710,474222881929700,1579448951,16257600
13710,474222881929700,1579448951,16882600
13710,474222881929700,1579448951,16633200
13710,474222881929700,1579448951,16670900
13710,474222881929700,1579448951,16745600
13710,474222881929700,1579448951,16581700
13710,474222881929700,1579448951,16662100
13710,474222881929700,1579448951,16681300
13710,474222881929700,1579448951,16668000
13710,474222881929700,1579448951,16675500
13710,474222881929700,1579448951,16614200
13710,474222881929700,1579448951,16761600
13710,474222881929700,1579448951,16619100
13710,474222881929700,1579448951,16618400
13710,474222881929700,1579448951,16699000
13710,474222881929700,1579448951,16658100
13710,474222881929700,1579448951,16676500
13720,474223381551900,1579448951,17166200
13720,474223381551900,1579448951,16423300
13720,474223381551900,1579448951,16638100
13720,474223381551900,1579448951,16403600
13720,474223381551900,1579448951,16691700
13720,474223381551900,1579448951,16663800
13720,474223381551900,1579448951,16666000
13720,474223381551900,1579448951,16696400
13720,474223381551900,1579448951,16636800
13720,474223381551900,1579448951,16726000
13720,474223381551900,1579448951,16582300
13720,474223381551900,1579448951,16701500
13720,474223381551900,1579448951,16646600
13720,474223381551900,1579448951,17320000
13720,474223381551900,1579448951,15993800
13720,474223381551900,1579448951,16674300
13720,474223381551900,1579448951,16714300
13720,474223381551900,1579448951,16660200
13720,474223381551900,1579448951,16645200
13720,474223381551900,1579448951,16700600
13720,474223381551900,1579448951,16604500
13720,474223381551900,1579448951,16690700
13720,474223381551900,1579448951,16663400
13720,474223381551900,1579448951,16633700
13720,474223381551900,1579448951,16669000
13720,474223381551900,1579448951,16694200
13720,474223381551900,1579448951,16914500
13720,474223381551900,1579448951,16506000
13720,474223381551900,1579448951,16557200
13720,474223381551900,1579448951,16682600
13730,474223881882400,1579448951,16673700
13730,474223881882400,1579448951,16635000
13730,474223881882400,1579448951,16697100
13730,474223881882400,1579448951,16663500
13730,474223881882400,1579448951,16641000
13730,474223881882400,1579448951,16670200
13730,474223881882400,1579448951,16741900
13730,474223881882400,1579448951,16599600
13730,474223881882400,1579448951,16685300
13730,474223881882400,1579448951,16704000
13730,474223881882400,1579448951,16666800
13730,474223881882400,1579448951,16593800
13730,474223881882400,1579448951,16698600
13730,474223881882400,1579448951,16651600
13730,474223881882400,1579448951,16664900
13730,474223881882400,1579448951,16498500
13730,474223881882400,1579448951,16819800
13730,474223881882400,1579448951,16653300
13730,474223881882400,1579448951,16705500
13730,474223881882400,1579448951,16662500
13730,474223881882400,1579448951,16675600
13730,474223881882400,1579448951,16665400
13730,474223881882400,1579448951,16666000
13730,474223881882400,1579448951,16702300
13730,474223881882400,1579448951,16617600
13730,474223881882400,1579448951,16641800
13730,474223881882400,1579448951,16715200
13730,474223881882400,1579448951,16609000
13730,474223881882400,1579448951,16694000
13730,474223881882400,1579448951,16659800
13740,474224385325300,1579448951,16678600
13740,474224385325300,1579448951,16726100
13740,474224385325300,1579448951,16612400
13740,474224385325300,1579448951,16656300
13740,474224385325300,1579448951,16541700
13740,474224385325300,1579448951,16785700
13740,474224385325300,1579448951,16676400
13740,474224385325300,1579448951,16717000
13740,474224385325300,1579448951,16668500
13740,474224385325300,1579448951,16682600
13740,474224385325300,1579448951,16425100
13740,474224385325300,1579448951,16833000
13740,474224385325300,1579448951,16670600
13740,474224385325300,1579448951,16654200
13740,474224385325300,1579448951,16643500
13740,474224385325300,1579448951,16713500
13740,474224385325300,1579448951,16624300
13740,474224385325300,1579448951,16691800
13740,474224385325300,1579448951,16674700
13740,474224385325300,1579448951,16659500
13740,474224385325300,1579448951,16700700
13740,474224385325300,1579448951,16544600
13740,474224385325300,1579448951,16755200
13740,474224385325300,1579448951,16661200
13740,474224385325300,1579448951,16663300
13740,474224385325300,1579448951,16659400
13740,474224385325300,1579448951,16684300
13740,474224385325300,1579448951,16712700
13740,474224385325300,1579448951,16602100
13740,474224385325300,1579448951,16916000
13750,474224881764300,1579448951,16508000
13750,474224881764300,1579448951,16827100
13750,474224881764300,1579448951,16478100
13750,474224881764300,1579448951,16837200
13750,474224881764300,1579448951,16472500
13750,474224881764300,1579448951,16651800
13750,474224881764300,1579448951,16654600
13750,474224881764300,1579448951,16653800
13750,474224881764300,1579448951,16670700
13750,474224881764300,1579448951,16694200
13750,474224881764300,1579448951,16608800
13750,474224881764300,1579448951,16739300
13750,474224881764300,1579448951,16697700
13750,474224881764300,1579448951,16662700
13750,474224881764300,1579448951,16690300
13750,474224881764300,1579448951,16619000
13750,474224881764300,1579448951,16650200
13750,474224881764300,1579448951,16663200
13750,474224881764300,1579448951,16663400
13750,474224881764300,1579448951,16630800
13750,474224881764300,1579448951,16595900
13750,474224881764300,1579448951,16708700
13750,474224881764300,1579448951,16701300
13750,474224881764300,1579448951,16672600
13750,474224881764300,1579448951,16793100
13750,474224881764300,1579448951,16535900
13750,474224881764300,1579448951,16702200
13750,474224881764300,1579448951,16594200
13750,474224881764300,1579448951,16832800
13750,474224881764300,1579448951,16528700
13760,474225381512400,1579448951,16665900
13760,474225381512400,1579448951,16657300
13760,474225381512400,1579448951,16644600
13760,474225381512400,1579448951,16689800
13760,474225381512400,1579448951,16732800
13760,474225381512400,1579448951,16592500
13760,474225381512400,1579448951,16711300
13760,474225381512400,1579448951,16621200
13760,474225381512400,1579448951,16740100
13760,474225381512400,1579448951,16794200
13760,474225381512400,1579448951,16444100
13760,474225381512400,1579448951,16615000
13760,474225381512400,1579448951,16723000
13760,474225381512400,1579448951,16681300
13760,474225381512400,1579448951,16673500
13760,474225381512400,1579448951,16639200
13760,474225381512400,1579448951,16686700
13760,474225381512400,1579448951,16526900
13760,474225381512400,1579448951,16819300
13760,474225381512400,1579448951,16650600
13760,474225381512400,1579448951,16690900
13760,474225381512400,1579448951,16640300
13760,474225381512400,1579448951,16686500
13760,474225381512400,1579448951,16642400
13760,474225381512400,1579448951,16653400
13760,474225381512400,1579448951,16730200
13760,474225381512400,1579448951,16630000
13760,474225381512400,1579448951,16663600
13760,474225381512400,1579448951,16665000
13760,474225381512400,1579448951,16644400
13770,474225881846700,1579448951,16741000
13770,474225881846700,1579448951,16626100
13770,474225881846700,1579448951,16683000
13770,474225881846700,1579448951,16633500
13770,474225881846700,1579448951,16635800
13770,474225881846700,1579448951,16700300
13770,474225881846700,1579448951,16696000
13770,474225881846700,1579448951,16595800
13770,474225881846700,1579448951,16707800
13770,474225881846700,1579448951,16663700
13770,474225881846700,1579448951,16669700
13770,474225881846700,1579448951,16657700
13770,474225881846700,1579448951,16672300
13770,474225881846700,1579448951,16687400
13770,474225881846700,1579448951,16669800
13770,474225881846700,1579448951,16641200
13770,474225881846700,1579448951,16633100
13770,474225881846700,1579448951,16752000
13770,474225881846700,1579448951,16622200
13770,474225881846700,1579448951,16686200
13770,474225881846700,1579448951,16633700
13770,474225881846700,1579448951,16740300
13770,474225881846700,1579448951,16613500
13770,474225881846700,1579448951,16595000
13770,474225881846700,1579448951,16710900
13770,474225881846700,1579448951,16658700
13770,474225881846700,1579448951,16648600
13770,474225881846700,1579448951,16695900
13770,474225881846700,1579448951,16665900
13770,474225881846700,1579448951,16633300
