899292865538900|5888|-2.729097200553042,-4.0,-8.183171589290879|[-2.0, -2.0, -2.0, 3.0, 3.0, 3.0]|[0.9603964, -0.11168299, 0.2552754, 0.0, 0.0, 0.9161573, 0.40081882, 0.0, -0.27863708, -0.38494495, 0.87987417, 0.0, -0.34088016, -0.2097652, -9.600107, 1.0]|[0.88194364, 0.0, 0.0, 0.0, 0.0, 1.4111098, 0.0, 0.0, 0.0, 0.0, -1.0002604, -1.0, 0.0, 0.0, -0.100013025, 0.0]
899293014135000|5888|-3.4984968584336116,-4.0,-7.916806360554631|[-2.0, -2.0, -2.0, 3.0, 3.0, 3.0]|[0.9271008, -0.15023172, 0.3433868, 0.0, 0.0, 0.9161573, 0.40081882, 0.0, -0.37481204, -0.37159944, 0.8493701, 0.0, -0.27614474, -0.19716334, -9.628911, 1.0]|[0.7922853, 0.0, 0.0, 0.0, 0.0, 1.2676566, 0.0, 0.0, 0.0, 0.0, -1.0002604, -1.0, 0.0, 0.0, -0.100013025, 0.0]
899293157532100|5888|-4.1656533096825115,-4.0,-7.610765487147887|[-2.0, -2.0, -2.0, 3.0, 3.0, 3.0]|[0.8888456, -0.18365788, 0.41978946, 0.0, 0.0, 0.9161573, 0.40081882, 0.0, -0.45820674, -0.35626605, 0.8143224, 0.0, -0.21531868, -0.18811703, -9.64959, 1.0]|[0.7865692, 0.0, 0.0, 0.0, 0.0, 1.2585107, 0.0, 0.0, 0.0, 0.0, -1.0002604, -1.0, 0.0, 0.0, -0.100013025, 0.0]
899293307313300|5888|-4.818718211381906,-4.0,-7.234142336680918|[-2.0, -2.0, -2.0, 3.0, 3.0, 3.0]|[0.84176767, -0.21637793, 0.49457812, 0.0, 0.0, 0.9161573, 0.40081882, 0.0, -0.53983974, -0.33739632, 0.7711916, 0.0, -0.15096402, -0.18119192, -9.665418, 1.0]|[0.7858372, 0.0, 0.0, 0.0, 0.0, 1.2573395, 0.0, 0.0, 0.0, 0.0, -1.0002604, -1.0, 0.0, 0.0, -0.100013025, 0.0]
899293479310900|5888|-5.525879722952055,-4.0,-6.724189345643282|[-2.0, -2.0, -2.0, 3.0, 3.0, 3.0]|[0.7780235, -0.25180846, 0.5755622, 0.0, 0.0, 0.9161573, 0.40081882, 0.0, -0.6282351, -0.31184646, 0.7127919, 0.0, -0.07489252, -0.17625117, -9.67671, 1.0]|[0.7857457, 0.0, 0.0, 0.0, 0.0, 1.2571931, 0.0, 0.0, 0.0, 0.0, -1.0002604, -1.0, 0.0, 0.0, -0.100013025, 0.0]
899293684535100|5888|-6.287940958858428,-4.0,-6.022656920067476|[-2.0, -2.0, -2.0, 3.0, 3.0, 3.0]|[0.690332, -0.28998947, 0.66283303, 0.0, 0.0, 0.9161573, 0.40081882, 0.0, -0.7234926, -0.27669805, 0.6324527, 0.0, 0.016581059, -0.17473507, -9.680176, 1.0]|[0.785734, 0.0, 0.0, 0.0, 0.0, 1.2571744, 0.0, 0.0, 0.0, 0.0, -1.0002604, -1.0, 0.0, 0.0, -0.100013025, 0.0]
899293860332900|5888|-6.860169254027966,-4.0,-5.352653610151577|[-2.0, -2.0, -2.0, 3.0, 3.0, 3.0]|[0.6065817, -0.31865945, 0.72836447, 0.0, 0.0, 0.9161573, 0.40081882, 0.0, -0.7950212, -0.24312936, 0.55572426, 0.0, 0.094219685, -0.17718422, -9.674578, 1.0]|[0.78573287, 0.0, 0.0, 0.0, 0.0, 1.2571726, 0.0, 0.0, 0.0, 0.0, -1.0002604, -1.0, 0.0, 0.0, -0.100013025, 0.0]
899294033403600|5888|-7.345467108405586,-4.0,-4.6399975927211585|[-2.0, -2.0, -2.0, 3.0, 3.0, 3.0]|[0.51749974, -0.34297398, 0.78394055, 0.0, 0.0, 0.9161573, 0.40081882, 0.0, -0.8556833, -0.20742364, 0.47411117, 0.0, 0.16909099, -0.18287998, -9.661559, 1.0]|[0.7857328, 0.0, 0.0, 0.0, 0.0, 1.2571725, 0.0, 0.0, 0.0, 0.0, -1.0002604, -1.0, 0.0, 0.0, -0.100013025, 0.0]
899294199040700|5888|-7.733492108067878,-4.0,-3.9171028551274105|[-2.0, -2.0, -2.0, 3.0, 3.0, 3.0]|[0.42713776, -0.362415, 0.8283771, 0.0, 0.0, 0.9161573, 0.40081882, 0.0, -0.90418655, -0.17120485, 0.39132538, 0.0, 0.23852515, -0.1912688, -9.6423855, 1.0]|[0.7857328, 0.0, 0.0, 0.0, 0.0, 1.2571725, 0.0, 0.0, 0.0, 0.0, -1.0002604, -1.0, 0.0, 0.0, -0.100013025, 0.0]
899294358643600|5888|-8.044658417956128,-4.0,-3.1604754004432607|[-2.0, -2.0, -2.0, 3.0, 3.0, 3.0]|[0.33255938, -0.37800515, 0.86401176, 0.0, 0.0, 0.9161573, 0.40081882, 0.0, -0.94308233, -0.13329606, 0.3046767, 0.0, 0.3052621, -0.2024279, -9.6168785, 1.0]|[0.7857328, 0.0, 0.0, 0.0, 0.0, 1.2571725, 0.0, 0.0, 0.0, 0.0, -1.0002604, -1.0, 0.0, 0.0, -0.100013025, 0.0]
899294529854800|5888|-8.280293433427317,-4.0,-2.361997338818611|[-2.0, -2.0, -2.0, 3.0, 3.0, 3.0]|[0.23274958, -0.389811, 0.8909966, 0.0, 0.0, 0.9161573, 0.40081882, 0.0, -0.9725367, -0.09329041, 0.21323523, 0.0, 0.36989427, -0.21652792, -9.58465, 1.0]|[0.7857328, 0.0, 0.0, 0.0, 0.0, 1.2571725, 0.0, 0.0, 0.0, 0.0, -1.0002604, -1.0, 0.0, 0.0, -0.100013025, 0.0]
899294706529700|5888|-8.442179487667005,-4.0,-1.4600963418749586|[-2.0, -2.0, -2.0, 3.0, 3.0, 3.0]|[0.1200119, -0.39792186, 0.9095357, 0.0, 0.0, 0.9161573, 0.40081882, 0.0, -0.9927724, -0.04810303, 0.10994978, 0.0, 0.43638134, -0.23506637, -9.542276, 1.0]|[0.7857328, 0.0, 0.0, 0.0, 0.0, 1.2571725, 0.0, 0.0, 0.0, 0.0, -1.0002604, -1.0, 0.0, 0.0, -0.100013025, 0.0]
899294891362700|5888|-8.499949852030113,-4.0,-0.5283260481418495|[-2.0, -2.0, -2.0, 3.0, 3.0, 3.0]|[0.0035408977, -0.4008163, 0.9161515, 0.0, 0.0, 0.9161573, 0.40081882, 0.0, -0.9999937, -0.0014192584, 0.0032440193, 0.0, 0.49822524, -0.2569611, -9.49223, 1.0]|[0.7857328, 0.0, 0.0, 0.0, 0.0, 1.2571725, 0.0, 0.0, 0.0, 0.0, -1.0002604, -1.0, 0.0, 0.0, -0.100013025, 0.0]
899295074927000|5888|-8.451710311125709,-4.0,0.3776691449158136|[-2.0, -2.0, -2.0, 3.0, 3.0, 3.0]|[-0.10970859, -0.39839938, 0.9106272, 0.0, 0.0, 0.9161573, 0.40081882, 0.0, -0.9939638, 0.04397327, -0.10051033, 0.0, 0.55183583, -0.2808656, -9.4375925, 1.0]|[0.7857328, 0.0, 0.0, 0.0, 0.0, 1.2571725, 0.0, 0.0, 0.0, 0.0, -1.0002604, -1.0, 0.0, 0.0, -0.100013025, 0.0]
899295267220600|5888|-8.28646866338346,-4.0,1.3360026563562428|[-2.0, -2.0, -2.0, 3.0, 3.0, 3.0]|[-0.22949994, -0.39012042, 0.8917038, 0.0, 0.0, 0.9161573, 0.40081882, 0.0, -0.9733086, 0.09198789, -0.21025804, 0.0, 0.6014011, -0.30901253, -9.373256, 1.0]|[0.7857328, 0.0, 0.0, 0.0, 0.0, 1.2571725, 0.0, 0.0, 0.0, 0.0, -1.0002604, -1.0, 0.0, 0.0, -0.100013025, 0.0]
899295454444500|5888|-8.018134689735888,-4.0,2.2345293538358533|[-2.0, -2.0, -2.0, 3.0, 3.0, 3.0]|[-0.34181604, -0.37667623, 0.86097425, 0.0, 0.0, 0.9161573, 0.40081882, 0.0, -0.9397668, 0.1370063, -0.31315726, 0.0, 0.6407907, -0.3382436, -9.306442, 1.0]|[0.7857328, 0.0, 0.0, 0.0, 0.0, 1.2571725, 0.0, 0.0, 0.0, 0.0, -1.0002604, -1.0, 0.0, 0.0, -0.100013025, 0.0]
899295626212400|5888|-7.673447853433373,-4.0,3.0414186273401924|[-2.0, -2.0, -2.0, 3.0, 3.0, 3.0]|[-0.44267726, -0.3594066, 0.8215008, 0.0, 0.0, 0.9161573, 0.40081882, 0.0, -0.89668095, 0.17743337, -0.405562, 0.0, 0.6696789, -0.36709225, -9.240502, 1.0]|[0.7857328, 0.0, 0.0, 0.0, 0.0, 1.2571725, 0.0, 0.0, 0.0, 0.0, -1.0002604, -1.0, 0.0, 0.0, -0.100013025, 0.0]
899295791789000|5888|-7.266837699169628,-4.0,3.7673068266878715|[-2.0, -2.0, -2.0, 3.0, 3.0, 3.0]|[-0.53341347, -0.33903444, 0.77493584, 0.0, 0.0, 0.9161573, 0.40081882, 0.0, -0.8458546, 0.21380216, -0.48869064, 0.0, 0.6896353, -0.39546275, -9.175655, 1.0]|[0.7857328, 0.0, 0.0, 0.0, 0.0, 1.2571725, 0.0, 0.0, 0.0, 0.0, -1.0002604, -1.0, 0.0, 0.0, -0.100013025, 0.0]
899295953319200|5888|-6.795996034221304,-4.0,4.435629031549041|[-2.0, -2.0, -2.0, 3.0, 3.0, 3.0]|[-0.6169535, -0.3154442, 0.72101533, 0.0, 0.0, 0.9161573, 0.40081882, 0.0, -0.78699946, 0.24728657, -0.56522644, 0.0, 0.7019758, -0.42400014, -9.110427, 1.0]|[0.7857328, 0.0, 0.0, 0.0, 0.0, 1.2571725, 0.0, 0.0, 0.0, 0.0, -1.0002604, -1.0, 0.0, 0.0, -0.100013025, 0.0]
899296122366400|5888|-6.244244257124137,-4.0,5.068092843559299|[-2.0, -2.0, -2.0, 3.0, 3.0, 3.0]|[-0.6960115, -0.28780013, 0.6578289, 0.0, 0.0, 0.9161573, 0.40081882, 0.0, -0.7180305, 0.2789745, -0.63765603, 0.0, 0.7070203, -0.45366633, -9.04262, 1.0]|[0.7857328, 0.0, 0.0, 0.0, 0.0, 1.2571725, 0.0, 0.0, 0.0, 0.0, -1.0002604, -1.0, 0.0, 0.0, -0.100013025, 0.0]
899296291569100|5888|-5.611863816602352,-4.0,5.6537670024556235|[-2.0, -2.0, -2.0, 3.0, 3.0, 3.0]|[-0.7692206, -0.25611648, 0.58540905, 0.0, 0.0, 0.9161573, 0.40081882, 0.0, -0.63898313, 0.30831808, -0.70472705, 0.0, 0.7040992, -0.48417974, -8.972874, 1.0]|[0.7857328, 0.0, 0.0, 0.0, 0.0, 1.2571725, 0.0, 0.0, 0.0, 0.0, -1.0002604, -1.0, 0.0, 0.0, -0.100013025, 0.0]
899296460428900|5888|-4.93424338421039,-4.0,6.15863992190495|[-2.0, -2.0, -2.0, 3.0, 3.0, 3.0]|[-0.83233, -0.22216597, 0.5078079, 0.0, 0.0, 0.9161573, 0.40081882, 0.0, -0.5542803, 0.3336135, -0.7625452, 0.0, 0.6933062, -0.51380277, -8.905165, 1.0]|[0.7857328, 0.0, 0.0, 0.0, 0.0, 1.2571725, 0.0, 0.0, 0.0, 0.0, -1.0002604, -1.0, 0.0, 0.0, -0.100013025, 0.0]
899296637037600|5888|-4.169516544034224,-4.0,6.608772631970936|[-2.0, -2.0, -2.0, 3.0, 3.0, 3.0]|[-0.88859653, -0.18385142, 0.4202318, 0.0, 0.0, 0.9161573, 0.40081882, 0.0, -0.45868957, 0.3561662, -0.8140942, 0.0, 0.6736429, -0.5442362, -8.835602, 1.0]|[0.7857328, 0.0, 0.0, 0.0, 0.0, 1.2571725, 0.0, 0.0, 0.0, 0.0, -1.0002604, -1.0, 0.0, 0.0, -0.100013025, 0.0]
899296830588100|5888|-3.2824820289615673,-4.0,7.000519565903801|[-2.0, -2.0, -2.0, 3.0, 3.0, 3.0]|[-0.9375649, -0.13940889, 0.31864887, 0.0, 0.0, 0.9161573, 0.40081882, 0.0, -0.3478102, 0.37579367, -0.85895693, 0.0, 0.64268804, -0.57627106, -8.76238, 1.0]|[0.7857328, 0.0, 0.0, 0.0, 0.0, 1.2571725, 0.0, 0.0, 0.0, 0.0, -1.0002604, -1.0, 0.0, 0.0, -0.100013025, 0.0]
899297033860700|5888|-2.31751114256366,-4.0,7.290805686619137|[-2.0, -2.0, -2.0, 3.0, 3.0, 3.0]|[-0.9738507, -0.091061525, 0.20814063, 0.0, 0.0, 0.9161573, 0.40081882, 0.0, -0.22718874, 0.3903377, -0.89220047, 0.0, 0.60052085, -0.6077168, -8.690504, 1.0]|[0.7857328, 0.0, 0.0, 0.0, 0.0, 1.2571725, 0.0, 0.0, 0.0, 0.0, -1.0002604, -1.0, 0.0, 0.0, -0.100013025, 0.0]
899297240821000|5888|-1.2741778452676726,-4.0,7.462452427732103|[-2.0, -2.0, -2.0, 3.0, 3.0, 3.0]|[-0.9953065, -0.038788132, 0.088658586, 0.0, 0.0, 0.9161573, 0.40081882, 0.0, -0.09677223, 0.39893758, -0.9118573, 0.0, 0.5460392, -0.63815355, -8.620934, 1.0]|[0.7857328, 0.0, 0.0, 0.0, 0.0, 1.2571725, 0.0, 0.0, 0.0, 0.0, -1.0002604, -1.0, 0.0, 0.0, -0.100013025, 0.0]
899297442463900|5888|-0.2584859247458837,-4.0,7.496353603452889|[-2.0, -2.0, -2.0, 3.0, 3.0, 3.0]|[-0.99954414, 0.012100467, -0.027658211, 0.0, 0.0, 0.9161573, 0.40081882, 0.0, 0.030189369, 0.4006361, -0.91573966, 0.0, 0.48467827, -0.66444707, -8.560835, 1.0]|[0.7857328, 0.0, 0.0, 0.0, 0.0, 1.2571725, 0.0, 0.0, 0.0, 0.0, -1.0002604, -1.0, 0.0, 0.0, -0.100013025, 0.0]
899297642399900|5888|0.7376065031513406,-4.0,7.40369091901735|[-2.0, -2.0, -2.0, 3.0, 3.0, 3.0]|[-0.98796135, 0.06200699, -0.14173026, 0.0, 0.0, 0.9161573, 0.40081882, 0.0, 0.1547008, 0.3959935, -0.905128, 0.0, 0.41663015, -0.68707895, -8.509104, 1.0]|[0.7857328, 0.0, 0.0, 0.0, 0.0, 1.2571725, 0.0, 0.0, 0.0, 0.0, -1.0002604, -1.0, 0.0, 0.0, -0.100013025, 0.0]
899297846200600|5888|1.7268402579475435,-4.0,7.183826030408568|[-2.0, -2.0, -2.0, 3.0, 3.0, 3.0]|[-0.96047825, 0.11156993, -0.25501698, 0.0, 0.0, 0.9161573, 0.40081882, 0.0, 0.27835503, 0.38497776, -0.87994915, 0.0, 0.3410616, -0.7063525, -8.465051, 1.0]|[0.7857328, 0.0, 0.0, 0.0, 0.0, 1.2571725, 0.0, 0.0, 0.0, 0.0, -1.0002604, -1.0, 0.0, 0.0, -0.100013025, 0.0]
899298051232400|5888|2.696757796451976,-4.0,6.833535272351497|[-2.0, -2.0, -2.0, 3.0, 3.0, 3.0]|[-0.91669196, 0.16016504, -0.36609152, 0.0, 0.0, 0.9161573, 0.40081882, 0.0, 0.3995946, 0.36742738, -0.83983403, 0.0, 0.25854754, -0.72187495, -8.429571, 1.0]|[0.7857328, 0.0, 0.0, 0.0, 0.0, 1.2571725, 0.0, 0.0, 0.0, 0.0, -1.0002604, -1.0, 0.0, 0.0, -0.100013025, 0.0]
899298279639800|5888|3.718275765782721,-4.0,6.297510541647597|[-2.0, -2.0, -2.0, 3.0, 3.0, 3.0]|[-0.8496889, 0.21134555, -0.48307556, 0.0, 0.0, 0.9161573, 0.40081882, 0.0, 0.5272845, 0.3405713, -0.7784487, 0.0, 0.16120219, -0.7340367, -8.4017725, 1.0]|[0.7857328, 0.0, 0.0, 0.0, 0.0, 1.2571725, 0.0, 0.0, 0.0, 0.0, -1.0002604, -1.0, 0.0, 0.0, -0.100013025, 0.0]
899298501264000|5888|4.6285680313228,-4.0,5.639852599867027|[-2.0, -2.0, -2.0, 3.0, 3.0, 3.0]|[-0.7674816, 0.25695333, -0.5873219, 0.0, 0.0, 0.9161573, 0.40081882, 0.0, 0.641071, 0.3076211, -0.7031339, 0.0, 0.063205004, -0.7403656, -8.387306, 1.0]|[0.7857328, 0.0, 0.0, 0.0, 0.0, 1.2571725, 0.0, 0.0, 0.0, 0.0, -1.0002604, -1.0, 0.0, 0.0, -0.100013025, 0.0]
899298749916000|5888|5.4645942987678495,-4.0,4.831380201327448|[-2.0, -2.0, -2.0, 3.0, 3.0, 3.0]|[-0.66642237, 0.29884022, -0.6830634, 0.0, 0.0, 0.9161573, 0.40081882, 0.0, 0.74557436, 0.26711464, -0.6105477, 0.0, -0.039574623, -0.7410561, -8.385728, 1.0]|[0.7857328, 0.0, 0.0, 0.0, 0.0, 1.2571725, 0.0, 0.0, 0.0, 0.0, -1.0002604, -1.0, 0.0, 0.0, -0.100013025, 0.0]
899298975229000|5888|6.19921178903067,-4.0,3.8727064165928766|[-2.0, -2.0, -2.0, 3.0, 3.0, 3.0]|[-0.54658824, 0.33564627, -0.76719147, 0.0, 0.0, 0.9161573, 0.40081882, 0.0, 0.83740145, 0.21908286, -0.5007608, 0.0, -0.14540601, -0.73544323, -8.398558, 1.0]|[0.7857328, 0.0, 0.0, 0.0, 0.0, 1.2571725, 0.0, 0.0, 0.0, 0.0, -1.0002604, -1.0, 0.0, 0.0, -0.100013025, 0.0]
899299180881800|5888|6.710451189317126,-4.0,2.9654572059795328|[-2.0, -2.0, -2.0, 3.0, 3.0, 3.0]|[-0.4331821, 0.36126056, -0.82573843, 0.0, 0.0, 0.9161573, 0.40081882, 0.0, 0.9013064, 0.17362754, -0.39686292, 0.0, -0.23406172, -0.7255229, -8.421233, 1.0]|[0.7857328, 0.0, 0.0, 0.0, 0.0, 1.2571725, 0.0, 0.0, 0.0, 0.0, -1.0002604, -1.0, 0.0, 0.0, -0.100013025, 0.0]
899299380631200|5888|7.0786274516352705,-4.0,2.062109667699673|[-2.0, -2.0, -2.0, 3.0, 3.0, 3.0]|[-0.32026356, 0.37970707, -0.86790186, 0.0, 0.0, 0.9161573, 0.40081882, 0.0, 0.94732845, 0.12836766, -0.2934118, 0.0, -0.31353128, -0.7121161, -8.451877, 1.0]|[0.7857328, 0.0, 0.0, 0.0, 0.0, 1.2571725, 0.0, 0.0, 0.0, 0.0, -1.0002604, -1.0, 0.0, 0.0, -0.100013025, 0.0]
899299579847300|5888|7.3367730911345745,-4.0,1.1077896373807619|[-2.0, -2.0, -2.0, 3.0, 3.0, 3.0]|[-0.2009738, 0.39264077, -0.8974646, 0.0, 0.0, 0.9161573, 0.40081882, 0.0, 0.9795966, 0.08055408, -0.1841236, 0.0, -0.38931215, -0.69467616, -8.491739, 1.0]|[0.7857328, 0.0, 0.0, 0.0, 0.0, 1.2571725, 0.0, 0.0, 0.0, 0.0, -1.0002604, -1.0, 0.0, 0.0, -0.100013025, 0.0]
899299791289000|5888|7.482904103026783,-4.0,0.02272562772287756|[-2.0, -2.0, -2.0, 3.0, 3.0, 3.0]|[-0.06534076, 0.39996228, -0.9141995, 0.0, 0.0, 0.9161573, 0.40081882, 0.0, 0.997863, 0.026189806, -0.059862413, 0.0, -0.46626154, -0.6711547, -8.545503, 1.0]|[0.7857328, 0.0, 0.0, 0.0, 0.0, 1.2571725, 0.0, 0.0, 0.0, 0.0, -1.0002604, -1.0, 0.0, 0.0, -0.100013025, 0.0]
899299989098100|5888|7.485866091251438,-4.0,-0.975334379779639|[-2.0, -2.0, -2.0, 3.0, 3.0, 3.0]|[0.059416715, 0.40011063, -0.91453856, 0.0, 0.0, 0.9161573, 0.40081882, 0.0, 0.99823314, -0.023815338, 0.054435056, 0.0, -0.5288255, -0.64622664, -8.602481, 1.0]|[0.7857328, 0.0, 0.0, 0.0, 0.0, 1.2571725, 0.0, 0.0, 0.0, 0.0, -1.0002604, -1.0, 0.0, 0.0, -0.100013025, 0.0]
899300190651500|5888|7.362707081271793,-4.0,-1.9757497599927376|[-2.0, -2.0, -2.0, 3.0, 3.0, 3.0]|[0.18446873, 0.39394012, -0.90043455, 0.0, 0.0, 0.9161573, 0.40081882, 0.0, 0.9828384, -0.07393854, 0.16900237, 0.0, -0.58365345, -0.6180794, -8.666818, 1.0]|[0.7857328, 0.0, 0.0, 0.0, 0.0, 1.2571725, 0.0, 0.0, 0.0, 0.0, -1.0002604, -1.0, 0.0, 0.0, -0.100013025, 0.0]
899300407646900|5888|7.090893866011726,-4.0,-3.025535649114005|[-2.0, -2.0, -2.0, 3.0, 3.0, 3.0]|[0.3156919, 0.38032165, -0.8693066, 0.0, 0.0, 0.9161573, 0.40081882, 0.0, 0.9488617, -0.12653525, 0.28922343, 0.0, -0.63227725, -0.5849718, -8.742492, 1.0]|[0.7857328, 0.0, 0.0, 0.0, 0.0, 1.2571725, 0.0, 0.0, 0.0, 0.0, -1.0002604, -1.0, 0.0, 0.0, -0.100013025, 0.0]
899300620659900|5888|6.679694409400156,-4.0,-4.028737477856396|[-2.0, -2.0, -2.0, 3.0, 3.0, 3.0]|[0.44109207, 0.3597196, -0.8222162, 0.0, 0.0, 0.9161573, 0.40081882, 0.0, 0.89746183, -0.176798, 0.40410972, 0.0, -0.66927814, -0.54953945, -8.82348, 1.0]|[0.7857328, 0.0, 0.0, 0.0, 0.0, 1.2571725, 0.0, 0.0, 0.0, 0.0, -1.0002604, -1.0, 0.0, 0.0, -0.100013025, 0.0]
899300835004100|5888|6.140285177117477,-4.0,-4.961682728136765|[-2.0, -2.0, -2.0, 3.0, 3.0, 3.0]|[0.5577103, 0.33269393, -0.7604433, 0.0, 0.0, 0.9161573, 0.40081882, 0.0, 0.8300357, -0.22354078, 0.5109503, 0.0, -0.69387364, -0.51265526, -8.907787, 1.0]|[0.7857328, 0.0, 0.0, 0.0, 0.0, 1.2571725, 0.0, 0.0, 0.0, 0.0, -1.0002604, -1.0, 0.0, 0.0, -0.100013025, 0.0]
899301051509400|5888|5.474538511130191,-4.0,-5.820233977845561|[-2.0, -2.0, -2.0, 3.0, 3.0, 3.0]|[0.6650293, 0.29933843, -0.68420213, 0.0, 0.0, 0.9161573, 0.40081882, 0.0, 0.7468173, -0.26655626, 0.60927147, 0.0, -0.70592284, -0.47446966, -8.995069, 1.0]|[0.7857328, 0.0, 0.0, 0.0, 0.0, 1.2571725, 0.0, 0.0, 0.0, 0.0, -1.0002604, -1.0, 0.0, 0.0, -0.100013025, 0.0]
899301285547300|5888|4.643207970150883,-4.0,-6.627594289423598|[-2.0, -2.0, -2.0, 3.0, 3.0, 3.0]|[0.76594925, 0.25768682, -0.58899844, 0.0, 0.0, 0.9161573, 0.40081882, 0.0, 0.642901, -0.30700687, 0.70173, 0.0, -0.70442533, -0.43341875, -9.0889, 1.0]|[0.7857328, 0.0, 0.0, 0.0, 0.0, 1.2571725, 0.0, 0.0, 0.0, 0.0, -1.0002604, -1.0, 0.0, 0.0, -0.100013025, 0.0]
899301505518900|5888|3.740109921322187,-4.0,-7.283912429793361|[-2.0, -2.0, -2.0, 3.0, 3.0, 3.0]|[0.847989, 0.21243946, -0.4855759, 0.0, 0.0, 0.9161573, 0.40081882, 0.0, 0.5300137, -0.33988997, 0.77689135, 0.0, -0.6890011, -0.3943534, -9.178191, 1.0]|[0.7857328, 0.0, 0.0, 0.0, 0.0, 1.2571725, 0.0, 0.0, 0.0, 0.0, -1.0002604, -1.0, 0.0, 0.0, -0.100013025, 0.0]
899301717345500|5888|2.8063062543454578,-4.0,-7.784801915802262|[-2.0, -2.0, -2.0, 3.0, 3.0, 3.0]|[0.91060024, 0.16565368, -0.378637, 0.0, 0.0, 0.9161573, 0.40081882, 0.0, 0.41328818, -0.36498573, 0.8342531, 0.0, -0.66194344, -0.3584125, -9.260342, 1.0]|[0.7857328, 0.0, 0.0, 0.0, 0.0, 1.2571725, 0.0, 0.0, 0.0, 0.0, -1.0002604, -1.0, 0.0, 0.0, -0.100013025, 0.0]
899301920323000|5888|1.8442048266594213,-4.0,-8.148836756701428|[-2.0, -2.0, -2.0, 3.0, 3.0, 3.0]|[0.9561045, 0.11745019, -0.2684576, 0.0, 0.0, 0.9161573, 0.40081882, 0.0, 0.29302564, -0.3832247, 0.8759421, 0.0, -0.62456584, -0.3251915, -9.336275, 1.0]|[0.7857328, 0.0, 0.0, 0.0, 0.0, 1.2571725, 0.0, 0.0, 0.0, 0.0, -1.0002604, -1.0, 0.0, 0.0, -0.100013025, 0.0]
899302122828200|5888|0.8684696816099802,-4.0,-8.382086698997568|[-2.0, -2.0, -2.0, 3.0, 3.0, 3.0]|[0.98526084, 0.06856355, -0.15671669, 0.0, 0.0, 0.9161573, 0.40081882, 0.0, 0.17105871, -0.39491108, 0.90265393, 0.0, -0.5781598, -0.29490495, -9.405502, 1.0]|[0.7857328, 0.0, 0.0, 0.0, 0.0, 1.2571725, 0.0, 0.0, 0.0, 0.0, -1.0002604, -1.0, 0.0, 0.0, -0.100013025, 0.0]
899302345799100|5888|-0.2534190102388436,-4.0,-8.496198960474175|[-2.0, -2.0, -2.0, 3.0, 3.0, 3.0]|[0.99952483, 0.012354254, -0.028238295, 0.0, 0.0, 0.9161573, 0.40081882, 0.0, 0.03082254, -0.40062836, 0.91572195, 0.0, -0.51517296, -0.263942, -9.4762745, 1.0]|[0.7857328, 0.0, 0.0, 0.0, 0.0, 1.2571725, 0.0, 0.0, 0.0, 0.0, -1.0002604, -1.0, 0.0, 0.0, -0.100013025, 0.0]
899302565189100|5888|-0.5,-4.0,-8.5|[-2.0, -2.0, -2.0, 3.0, 3.0, 3.0]|[0.9647378, 0.105500564, -0.24114414, 0.0, 0.0, 0.9161573, 0.40081882, 0.0, 0.2632126, -0.38668507, 0.8838516, 0.0, -2.719676, -0.43055654, -9.095442, 1.0]|[0.7857328, 0.0, 0.0, 0.0, 0.0, 1.2571725, 0.0, 0.0, 0.0, 0.0, -1.0002604, -1.0, 0.0, 0.0, -0.100013025, 0.0]
899302767366200|5888|-0.5,-4.0,-8.5|[-2.0, -2.0, -2.0, 3.0, 3.0, 3.0]|[0.83262926, 0.22198579, -0.5073961, 0.0, 0.0, 0.9161573, 0.40081882, 0.0, 0.55383074, -0.33373347, 0.7628194, 0.0, -5.123876, -0.9388876, -7.9335423, 1.0]|[0.7857328, 0.0, 0.0, 0.0, 0.0, 1.2571725, 0.0, 0.0, 0.0, 0.0, -1.0002604, -1.0, 0.0, 0.0, -0.100013025, 0.0]
899302965791500|5888|-0.5,-4.0,-8.5|[-2.0, -2.0, -2.0, 3.0, 3.0, 3.0]|[0.624109, 0.3131747, -0.7158278, 0.0, 0.0, 0.9161573, 0.40081882, 0.0, 0.78133726, -0.25015464, 0.57178205, 0.0, -6.9534216, -1.6949022, -6.2055087, 1.0]|[0.7857328, 0.0, 0.0, 0.0, 0.0, 1.2571725, 0.0, 0.0, 0.0, 0.0, -1.0002604, -1.0, 0.0, 0.0, -0.100013025, 0.0]
899303176660000|5888|-0.5,-4.0,-8.5|[-2.0, -2.0, -2.0, 3.0, 3.0, 3.0]|[0.33805123, 0.3772217, -0.86222106, 0.0, 0.0, 0.9161573, 0.40081882, 0.0, 0.9411277, -0.1354973, 0.30970812, 0.0, -8.168612, -2.7015128, -3.9046836, 1.0]|[0.7857328, 0.0, 0.0, 0.0, 0.0, 1.2571725, 0.0, 0.0, 0.0, 0.0, -1.0002604, -1.0, 0.0, 0.0, -0.100013025, 0.0]
899303364229900|5888|-0.5,-4.0,-8.5|[-2.0, -2.0, -2.0, 3.0, 3.0, 3.0]|[0.046401437, 0.4003871, -0.9151705, 0.0, 0.0, 0.9161573, 0.40081882, 0.0, 0.9989229, -0.01859857, 0.042511016, 0.0, -8.514046, -3.7067351, -1.6070337, 1.0]|[0.7857328, 0.0, 0.0, 0.0, 0.0, 1.2571725, 0.0, 0.0, 0.0, 0.0, -1.0002604, -1.0, 0.0, 0.0, -0.100013025, 0.0]
899303550378000|5888|-0.5,-4.0,-8.5|[-2.0, -2.0, -2.0, 3.0, 3.0, 3.0]|[-0.24414292, 0.38868973, -0.88843364, 0.0, 0.0, 0.9161573, 0.40081882, 0.0, 0.9697392, 0.09785708, -0.22367331, 0.0, -8.120712, -4.690759, 0.6421647, 1.0]|[0.7857328, 0.0, 0.0, 0.0, 0.0, 1.2571725, 0.0, 0.0, 0.0, 0.0, -1.0002604, -1.0, 0.0, 0.0, -0.100013025, 0.0]
899303769248200|5888|-0.5,-4.0,-8.5|[-2.0, -2.0, -2.0, 3.0, 3.0, 3.0]|[-0.5552844, 0.33334517, -0.76193184, 0.0, 0.0, 0.9161573, 0.40081882, 0.0, 0.8316605, 0.22256844, -0.50872785, 0.0, -6.791472, -5.7231336, 3.0018775, 1.0]|[0.7857328, 0.0, 0.0, 0.0, 0.0, 1.2571725, 0.0, 0.0, 0.0, 0.0, -1.0002604, -1.0, 0.0, 0.0, -0.100013025, 0.0]
899303976680000|5888|-0.5,-4.0,-8.5|[-2.0, -2.0, -2.0, 3.0, 3.0, 3.0]|[-0.7931677, 0.24409994, -0.5579427, 0.0, 0.0, 0.9161573, 0.40081882, 0.0, 0.6090032, 0.31791654, -0.7266664, 0.0, -4.779943, -6.48897, 4.7523603, 1.0]|[0.7857328, 0.0, 0.0, 0.0, 0.0, 1.2571725, 0.0, 0.0, 0.0, 0.0, -1.0002604, -1.0, 0.0, 0.0, -0.100013025, 0.0]
899304163341900|5888|-0.5,-4.0,-8.5|[-2.0, -2.0, -2.0, 3.0, 3.0, 3.0]|[-0.9355395, 0.14157802, -0.3236069, 0.0, 0.0, 0.9161573, 0.40081882, 0.0, 0.35322198, 0.37498185, -0.8571013, 0.0, -2.534617, -6.922764, 5.74389, 1.0]|[0.7857328, 0.0, 0.0, 0.0, 0.0, 1.2571725, 0.0, 0.0, 0.0, 0.0, -1.0002604, -1.0, 0.0, 0.0, -0.100013025, 0.0]
899304362828000|5888|-0.5,-4.0,-8.5|[-2.0, -2.0, -2.0, 3.0, 3.0, 3.0]|[-0.9988212, 0.019456042, -0.04447095, 0.0, 0.0, 0.9161573, 0.40081882, 0.0, 0.048540737, 0.40034634, -0.9150773, 0.0, 0.086814344, -7.077301, 6.0971174, 1.0]|[0.7857328, 0.0, 0.0, 0.0, 0.0, 1.2571725, 0.0, 0.0, 0.0, 0.0, -1.0002604, -1.0, 0.0, 0.0, -0.100013025, 0.0]
899304564649200|5888|-0.5,-4.0,-8.5|[-2.0, -2.0, -2.0, 3.0, 3.0, 3.0]|[-0.96399844, -0.10658079, 0.24361323, 0.0, 0.0, 0.9161573, 0.40081882, 0.0, -0.26590765, 0.38638872, -0.8831742, 0.0, 2.7422142, -6.895643, 5.6818986, 1.0]|[0.7857328, 0.0, 0.0, 0.0, 0.0, 1.2571725, 0.0, 0.0, 0.0, 0.0, -1.0002604, -1.0, 0.0, 0.0, -0.100013025, 0.0]
899304776856800|5888|-0.5,-4.0,-8.5|[-2.0, -2.0, -2.0, 3.0, 3.0, 3.0]|[-0.825721, -0.2260933, 0.5167847, 0.0, 0.0, 0.9161573, 0.40081882, 0.0, -0.56407857, 0.33096454, -0.75649035, 0.0, 5.207528, -6.3647814, 4.4685006, 1.0]|[0.7857328, 0.0, 0.0, 0.0, 0.0, 1.2571725, 0.0, 0.0, 0.0, 0.0, -1.0002604, -1.0, 0.0, 0.0, -0.100013025, 0.0]
899304969044400|5888|-0.5,-4.0,-8.5|[-2.0, -2.0, -2.0, 3.0, 3.0, 3.0]|[-0.6229529, -0.3135442, 0.7166725, 0.0, 0.0, 0.9161573, 0.40081882, 0.0, -0.7822592, 0.24969125, -0.5707228, 0.0, 6.9606795, -5.630233, 2.7895324, 1.0]|[0.7857328, 0.0, 0.0, 0.0, 0.0, 1.2571725, 0.0, 0.0, 0.0, 0.0, -1.0002604, -1.0, 0.0, 0.0, -0.100013025, 0.0]
899305157915500|5888|-0.5,-4.0,-8.5|[-2.0, -2.0, -2.0, 3.0, 3.0, 3.0]|[-0.368797, -0.37256506, 0.8515773, 0.0, 0.0, 0.9161573, 0.40081882, 0.0, -0.9295099, 0.14782079, -0.33787608, 0.0, 8.085233, -4.734823, 0.74288297, 1.0]|[0.7857328, 0.0, 0.0, 0.0, 0.0, 1.2571725, 0.0, 0.0, 0.0, 0.0, -1.0002604, -1.0, 0.0, 0.0, -0.100013025, 0.0]
899305366109600|5888|-0.5,-4.0,-8.5|[-2.0, -2.0, -2.0, 3.0, 3.0, 3.0]|[-0.045627784, -0.40040135, 0.9152031, 0.0, 0.0, 0.9161573, 0.40081882, 0.0, -0.99895847, 0.018288475, -0.041802227, 0.0, 8.513961, -3.6198804, -1.805558, 1.0]|[0.7857328, 0.0, 0.0, 0.0, 0.0, 1.2571725, 0.0, 0.0, 0.0, 0.0, -1.0002604, -1.0, 0.0, 0.0, -0.100013025, 0.0]
899305596563300|5888|-0.5,-4.0,-8.5|[-2.0, -2.0, -2.0, 3.0, 3.0, 3.0]|[0.30829024, -0.3812959, 0.87153345, 0.0, 0.0, 0.9161573, 0.40081882, 0.0, -0.9512924, -0.123568535, 0.28244236, 0.0, 7.93184, -2.4236488, -4.539802, 1.0]|[0.7857328, 0.0, 0.0, 0.0, 0.0, 1.2571725, 0.0, 0.0, 0.0, 0.0, -1.0002604, -1.0, 0.0, 0.0, -0.100013025, 0.0]
899305811556800|5888|-0.5,-4.0,-8.5|[-2.0, -2.0, -2.0, 3.0, 3.0, 3.0]|[0.60909903, -0.31788713, 0.7265991, 0.0, 0.0, 0.9161573, 0.40081882, 0.0, -0.7930943, -0.24413836, 0.55803055, 0.0, 6.436752, -1.4305096, -6.8098345, 1.0]|[0.7857328, 0.0, 0.0, 0.0, 0.0, 1.2571725, 0.0, 0.0, 0.0, 0.0, -1.0002604, -1.0, 0.0, 0.0, -0.100013025, 0.0]
899306029712400|5888|-0.5,-4.0,-8.5|[-2.0, -2.0, -2.0, 3.0, 3.0, 3.0]|[0.8409482, -0.21688938, 0.49574715, 0.0, 0.0, 0.9161573, 0.40081882, 0.0, -0.54111576, -0.33706787, 0.7704409, 0.0, 4.17901, -0.6911075, -8.499896, 1.0]|[0.7857328, 0.0, 0.0, 0.0, 0.0, 1.2571725, 0.0, 0.0, 0.0, 0.0, -1.0002604, -1.0, 0.0, 0.0, -0.100013025, 0.0]
899306277696600|5888|-0.5,-4.0,-8.5|[-2.0, -2.0, -2.0, 3.0, 3.0, 3.0]|[0.9831071, -0.073362395, 0.16768548, 0.0, 0.0, 0.9161573, 0.40081882, 0.0, -0.18303132, -0.39404783, 0.9006807, 0.0, 1.0642127, -0.27854156, -9.4429035, 1.0]|[0.7857328, 0.0, 0.0, 0.0, 0.0, 1.2571725, 0.0, 0.0, 0.0, 0.0, -1.0002604, -1.0, 0.0, 0.0, -0.100013025, 0.0]
899306487671000|5888|-0.5,-4.0,-8.772513400000008|[-2.0, -2.0, -2.0, 3.0, 3.0, 3.0]|[1.0, 0.0, 0.0, 0.0, 0.0, 0.9209636, 0.38964853, 0.0, 0.0, -0.38964853, 0.9209636, 0.0, -0.5, -0.26565742, -9.73776, 1.0]|[0.7857328, 0.0, 0.0, 0.0, 0.0, 1.2571725, 0.0, 0.0, 0.0, 0.0, -1.0002604, -1.0, 0.0, 0.0, -0.100013025, 0.0]
899306714710200|5888|-0.5,-4.0,-9.464144199999993|[-2.0, -2.0, -2.0, 3.0, 3.0, 3.0]|[1.0, 0.0, 0.0, 0.0, 0.0, 0.9315143, 0.36370456, 0.0, 0.0, -0.36370456, 0.9315143, 0.0, -0.5, -0.28390503, -10.370804, 1.0]|[0.7857328, 0.0, 0.0, 0.0, 0.0, 1.2571725, 0.0, 0.0, 0.0, 0.0, -1.0002604, -1.0, 0.0, 0.0, -0.100013025, 0.0]
899306914811500|5888|-0.5,-4.0,-10.061437299999994|[-2.0, -2.0, -2.0, 3.0, 3.0, 3.0]|[1.0, 0.0, 0.0, 0.0, 0.0, 0.9390622, 0.34374723, 0.0, 0.0, -0.34374723, 0.9390622, 0.0, -0.5, -0.2976575, -10.923305, 1.0]|[0.7857328, 0.0, 0.0, 0.0, 0.0, 1.2571725, 0.0, 0.0, 0.0, 0.0, -1.0002604, -1.0, 0.0, 0.0, -0.100013025, 0.0]
899307105914800|5888|-0.5,-4.0,-10.638178900000014|[-2.0, -2.0, -2.0, 3.0, 3.0, 3.0]|[1.0, 0.0, 0.0, 0.0, 0.0, 0.94525576, 0.32633033, 0.0, 0.0, -0.32633033, 0.94525576, 0.0, -0.5, -0.30946255, -11.461122, 1.0]|[0.7857328, 0.0, 0.0, 0.0, 0.0, 1.2571725, 0.0, 0.0, 0.0, 0.0, -1.0002604, -1.0, 0.0, 0.0, -0.100013025, 0.0]
899307297363200|5888|-0.5,-4.0,-11.211603400000001|[-2.0, -2.0, -2.0, 3.0, 3.0, 3.0]|[1.0, 0.0, 0.0, 0.0, 0.0, 0.95054436, 0.31058893, 0.0, 0.0, -0.31058893, 0.95054436, 0.0, -0.5, -0.31997776, -11.999482, 1.0]|[0.7857328, 0.0, 0.0, 0.0, 0.0, 1.2571725, 0.0, 0.0, 0.0, 0.0, -1.0002604, -1.0, 0.0, 0.0, -0.100013025, 0.0]
899307491581600|5888|-0.5,-4.0,-11.793211299999996|[-2.0, -2.0, -2.0, 3.0, 3.0, 3.0]|[1.0, 0.0, 0.0, 0.0, 0.0, 0.95517874, 0.29602966, 0.0, 0.0, -0.29602966, 0.95517874, 0.0, -0.5, -0.32957482, -12.548743, 1.0]|[0.7857328, 0.0, 0.0, 0.0, 0.0, 1.2571725, 0.0, 0.0, 0.0, 0.0, -1.0002604, -1.0, 0.0, 0.0, -0.100013025, 0.0]
899307681127300|5888|-0.5,-4.0,-12.3630469|[-2.0, -2.0, -2.0, 3.0, 3.0, 3.0]|[1.0, 0.0, 0.0, 0.0, 0.0, 0.9591273, 0.28297496, 0.0, 0.0, -0.28297496, 0.9591273, 0.0, -0.5, -0.3380766, -13.089636, 1.0]|[0.7857328, 0.0, 0.0, 0.0, 0.0, 1.2571725, 0.0, 0.0, 0.0, 0.0, -1.0002604, -1.0, 0.0, 0.0, -0.100013025, 0.0]
899307877231900|5888|-0.5,-4.0,-12.935074600000007|[-2.0, -2.0, -2.0, 3.0, 3.0, 3.0]|[1.0, 0.0, 0.0, 0.0, 0.0, 0.9625977, 0.2709346, 0.0, 0.0, -0.2709346, 0.9625977, 0.0, -0.5, -0.3458314, -13.635013, 1.0]|[0.7857328, 0.0, 0.0, 0.0, 0.0, 1.2571725, 0.0, 0.0, 0.0, 0.0, -1.0002604, -1.0, 0.0, 0.0, -0.100013025, 0.0]
899308065456400|5888|-0.5,-4.0,-13.515660099999991|[-2.0, -2.0, -2.0, 3.0, 3.0, 3.0]|[1.0, 0.0, 0.0, 0.0, 0.0, 0.9656942, 0.2596818, 0.0, 0.0, -0.2596818, 0.9656942, 0.0, -0.5, -0.3530059, -14.1907215, 1.0]|[0.7857328, 0.0, 0.0, 0.0, 0.0, 1.2571725, 0.0, 0.0, 0.0, 0.0, -1.0002604, -1.0, 0.0, 0.0, -0.100013025, 0.0]
899308262804900|5888|-0.5,-4.0,-14.107438599999995|[-2.0, -2.0, -2.0, 3.0, 3.0, 3.0]|[1.0, 0.0, 0.0, 0.0, 0.0, 0.96847665, 0.24910408, 0.0, 0.0, -0.24910408, 0.96847665, 0.0, -0.5, -0.3596859, -14.759142, 1.0]|[0.7857328, 0.0, 0.0, 0.0, 0.0, 1.2571725, 0.0, 0.0, 0.0, 0.0, -1.0002604, -1.0, 0.0, 0.0, -0.100013025, 0.0]
899308452787700|5888|-0.5,-4.0,-14.674522300000007|[-2.0, -2.0, -2.0, 3.0, 3.0, 3.0]|[1.0, 0.0, 0.0, 0.0, 0.0, 0.9708415, 0.23972204, 0.0, 0.0, -0.23972204, 0.9708415, 0.0, -0.5, -0.36555958, -15.305524, 1.0]|[0.7857328, 0.0, 0.0, 0.0, 0.0, 1.2571725, 0.0, 0.0, 0.0, 0.0, -1.0002604, -1.0, 0.0, 0.0, -0.100013025, 0.0]
899308634561600|5888|-0.5,-4.0,-15.22129480000001|[-2.0, -2.0, -2.0, 3.0, 3.0, 3.0]|[1.0, 0.0, 0.0, 0.0, 0.0, 0.9728817, 0.23130341, 0.0, 0.0, -0.23130341, 0.9728817, 0.0, -0.5, -0.37078953, -15.833733, 1.0]|[0.7857328, 0.0, 0.0, 0.0, 0.0, 1.2571725, 0.0, 0.0, 0.0, 0.0, -1.0002604, -1.0, 0.0, 0.0, -0.100013025, 0.0]
899308830242000|5888|-0.5,-4.0,-15.810610300000008|[-2.0, -2.0, -2.0, 3.0, 3.0, 3.0]|[1.0, 0.0, 0.0, 0.0, 0.0, 0.97485244, 0.22285093, 0.0, 0.0, -0.22285093, 0.97485244, 0.0, -0.5, -0.3760004, -16.404417, 1.0]|[0.7857328, 0.0, 0.0, 0.0, 0.0, 1.2571725, 0.0, 0.0, 0.0, 0.0, -1.0002604, -1.0, 0.0, 0.0, -0.100013025, 0.0]
899309023191600|5888|-0.5,-4.0,-16.384416700000003|[-2.0, -2.0, -2.0, 3.0, 3.0, 3.0]|[1.0, 0.0, 0.0, 0.0, 0.0, 0.9765743, 0.2151801, 0.0, 0.0, -0.2151801, 0.9765743, 0.0, -0.5, -0.38069677, -16.96132, 1.0]|[0.7857328, 0.0, 0.0, 0.0, 0.0, 1.2571725, 0.0, 0.0, 0.0, 0.0, -1.0002604, -1.0, 0.0, 0.0, -0.100013025, 0.0]
899309216551600|5888|-0.5,-4.0,-16.96500370000001|[-2.0, -2.0, -2.0, 3.0, 3.0, 3.0]|[1.0, 0.0, 0.0, 0.0, 0.0, 0.97814447, 0.20792621, 0.0, 0.0, -0.20792621, 0.97814447, 0.0, -0.5, -0.3851087, -17.52593, 1.0]|[0.7857328, 0.0, 0.0, 0.0, 0.0, 1.2571725, 0.0, 0.0, 0.0, 0.0, -1.0002604, -1.0, 0.0, 0.0, -0.100013025, 0.0]
899309417491600|5888|-0.5,-4.0,-17.56289800000002|[-2.0, -2.0, -2.0, 3.0, 3.0, 3.0]|[1.0, 0.0, 0.0, 0.0, 0.0, 0.9796036, 0.20093964, 0.0, 0.0, -0.20093964, 0.9796036, 0.0, -0.5, -0.38933182, -18.108437, 1.0]|[0.7857328, 0.0, 0.0, 0.0, 0.0, 1.2571725, 0.0, 0.0, 0.0, 0.0, -1.0002604, -1.0, 0.0, 0.0, -0.100013025, 0.0]
899309609006700|5888|-0.5,-4.0,-18.146087800000004|[-2.0, -2.0, -2.0, 3.0, 3.0, 3.0]|[1.0, 0.0, 0.0, 0.0, 0.0, 0.9808917, 0.19455422, 0.0, 0.0, -0.19455422, 0.9808917, 0.0, -0.5, -0.3931687, -18.677565, 1.0]|[0.7857328, 0.0, 0.0, 0.0, 0.0, 1.2571725, 0.0, 0.0, 0.0, 0.0, -1.0002604, -1.0, 0.0, 0.0, -0.100013025, 0.0]
899309799906600|5888|-0.5,-4.0,-18.71768739999999|[-2.0, -2.0, -2.0, 3.0, 3.0, 3.0]|[1.0, 0.0, 0.0, 0.0, 0.0, 0.9820404, 0.18867058, 0.0, 0.0, -0.18867058, 0.9820404, 0.0, -0.5, -0.39668465, -19.236208, 1.0]|[0.7857328, 0.0, 0.0, 0.0, 0.0, 1.2571725, 0.0, 0.0, 0.0, 0.0, -1.0002604, -1.0, 0.0, 0.0, -0.100013025, 0.0]
899309992530800|5888|-0.5,-4.0,-19.290654100000012|[-2.0, -2.0, -2.0, 3.0, 3.0, 3.0]|[1.0, 0.0, 0.0, 0.0, 0.0, 0.9830917, 0.18311344, 0.0, 0.0, -0.18311344, 0.9830917, 0.0, -0.5, -0.3999889, -19.796936, 1.0]|[0.7857328, 0.0, 0.0, 0.0, 0.0, 1.2571725, 0.0, 0.0, 0.0, 0.0, -1.0002604, -1.0, 0.0, 0.0, -0.100013025, 0.0]
899310183612000|5888|-0.5,-4.0,-19.864840600000008|[-2.0, -2.0, -2.0, 3.0, 3.0, 3.0]|[1.0, 0.0, 0.0, 0.0, 0.0, 0.9840561, 0.17785825, 0.0, 0.0, -0.17785825, 0.9840561, 0.0, -0.5, -0.40309858, -20.359552, 1.0]|[0.7857328, 0.0, 0.0, 0.0, 0.0, 1.2571725, 0.0, 0.0, 0.0, 0.0, -1.0002604, -1.0, 0.0, 0.0, -0.100013025, 0.0]
899310382725900|5888|-0.5,-4.0,-20.46484989999999|[-2.0, -2.0, -2.0, 3.0, 3.0, 3.0]|[1.0, 0.0, 0.0, 0.0, 0.0, 0.9849789, 0.17267478, 0.0, 0.0, -0.17267478, 0.9849789, 0.0, -0.5, -0.4061525, -20.948145, 1.0]|[0.7857328, 0.0, 0.0, 0.0, 0.0, 1.2571725, 0.0, 0.0, 0.0, 0.0, -1.0002604, -1.0, 0.0, 0.0, -0.100013025, 0.0]
899310579837200|5888|-0.5,-4.0,-20.5|[-2.0, -2.0, -2.0, 3.0, 3.0, 3.0]|[1.0, 0.0, 0.0, 0.0, 0.0, 0.9850304, 0.17238033, 0.0, 0.0, -0.17238033, 0.9850304, 0.0, -0.5, -0.40632486, -20.982645, 1.0]|[0.7857328, 0.0, 0.0, 0.0, 0.0, 1.2571725, 0.0, 0.0, 0.0, 0.0, -1.0002604, -1.0, 0.0, 0.0, -0.100013025, 0.0]
899310792698600|5888|-0.5,-4.0,-20.5|[-2.0, -2.0, -2.0, 3.0, 3.0, 3.0]|[1.0, 0.0, 0.0, 0.0, 0.0, 0.9850304, 0.17238033, 0.0, 0.0, -0.17238033, 0.9850304, 0.0, -0.5, -0.40632486, -20.982645, 1.0]|[0.7857328, 0.0, 0.0, 0.0, 0.0, 1.2571725, 0.0, 0.0, 0.0, 0.0, -1.0002604, -1.0, 0.0, 0.0, -0.100013025, 0.0]
899311003026200|5888|-0.5,-4.0,-20.5|[-2.0, -2.0, -2.0, 3.0, 3.0, 3.0]|[1.0, 0.0, 0.0, 0.0, 0.0, 0.9850304, 0.17238033, 0.0, 0.0, -0.17238033, 0.9850304, 0.0, -0.5, -0.40632486, -20.982645, 1.0]|[0.7857328, 0.0, 0.0, 0.0, 0.0, 1.2571725, 0.0, 0.0, 0.0, 0.0, -1.0002604, -1.0, 0.0, 0.0, -0.100013025, 0.0]
899311213321500|5888|-0.5,-4.0,-20.5|[-2.0, -2.0, -2.0, 3.0, 3.0, 3.0]|[1.0, 0.0, 0.0, 0.0, 0.0, 0.9850304, 0.17238033, 0.0, 0.0, -0.17238033, 0.9850304, 0.0, -0.5, -0.40632486, -20.982645, 1.0]|[0.7857328, 0.0, 0.0, 0.0, 0.0, 1.2571725, 0.0, 0.0, 0.0, 0.0, -1.0002604, -1.0, 0.0, 0.0, -0.100013025, 0.0]
899311428999100|5888|-0.5,-4.0,-20.5|[-2.0, -2.0, -2.0, 3.0, 3.0, 3.0]|[1.0, 0.0, 0.0, 0.0, 0.0, 0.9850304, 0.17238033, 0.0, 0.0, -0.17238033, 0.9850304, 0.0, -0.5, -0.40632486, -20.982645, 1.0]|[0.7857328, 0.0, 0.0, 0.0, 0.0, 1.2571725, 0.0, 0.0, 0.0, 0.0, -1.0002604, -1.0, 0.0, 0.0, -0.100013025, 0.0]
899311636370700|5888|-0.5,-4.0,-20.5|[-2.0, -2.0, -2.0, 3.0, 3.0, 3.0]|[1.0, 0.0, 0.0, 0.0, 0.0, 0.9850304, 0.17238033, 0.0, 0.0, -0.17238033, 0.9850304, 0.0, -0.5, -0.40632486, -20.982645, 1.0]|[0.7857328, 0.0, 0.0, 0.0, 0.0, 1.2571725, 0.0, 0.0, 0.0, 0.0, -1.0002604, -1.0, 0.0, 0.0, -0.100013025, 0.0]
899311840809500|5888|-0.5,-4.0,-20.5|[-2.0, -2.0, -2.0, 3.0, 3.0, 3.0]|[1.0, 0.0, 0.0, 0.0, 0.0, 0.9850304, 0.17238033, 0.0, 0.0, -0.17238033, 0.9850304, 0.0, -0.5, -0.40632486, -20.982645, 1.0]|[0.7857328, 0.0, 0.0, 0.0, 0.0, 1.2571725, 0.0, 0.0, 0.0, 0.0, -1.0002604, -1.0, 0.0, 0.0, -0.100013025, 0.0]
899312051315500|5888|-0.5,-4.0,-20.5|[-2.0, -2.0, -2.0, 3.0, 3.0, 3.0]|[1.0, 0.0, 0.0, 0.0, 0.0, 0.9850304, 0.17238033, 0.0, 0.0, -0.17238033, 0.9850304, 0.0, -0.5, -0.40632486, -20.982645, 1.0]|[0.7857328, 0.0, 0.0, 0.0, 0.0, 1.2571725, 0.0, 0.0, 0.0, 0.0, -1.0002604, -1.0, 0.0, 0.0, -0.100013025, 0.0]
899312266287300|5888|-0.5,-4.0,-20.5|[-2.0, -2.0, -2.0, 3.0, 3.0, 3.0]|[1.0, 0.0, 0.0, 0.0, 0.0, 0.9850304, 0.17238033, 0.0, 0.0, -0.17238033, 0.9850304, 0.0, -0.5, -0.40632486, -20.982645, 1.0]|[0.7857328, 0.0, 0.0, 0.0, 0.0, 1.2571725, 0.0, 0.0, 0.0, 0.0, -1.0002604, -1.0, 0.0, 0.0, -0.100013025, 0.0]
899312502490000|5888|-0.5,-4.0,-20.5|[-2.0, -2.0, -2.0, 3.0, 3.0, 3.0]|[1.0, 0.0, 0.0, 0.0, 0.0, 0.9850304, 0.17238033, 0.0, 0.0, -0.17238033, 0.9850304, 0.0, -0.5, -0.40632486, -20.982645, 1.0]|[0.7857328, 0.0, 0.0, 0.0, 0.0, 1.2571725, 0.0, 0.0, 0.0, 0.0, -1.0002604, -1.0, 0.0, 0.0, -0.100013025, 0.0]
899312714320900|5888|-0.5,-4.0,-20.5|[-2.0, -2.0, -2.0, 3.0, 3.0, 3.0]|[1.0, 0.0, 0.0, 0.0, 0.0, 0.9850304, 0.17238033, 0.0, 0.0, -0.17238033, 0.9850304, 0.0, -0.5, -0.40632486, -20.982645, 1.0]|[0.7857328, 0.0, 0.0, 0.0, 0.0, 1.2571725, 0.0, 0.0, 0.0, 0.0, -1.0002604, -1.0, 0.0, 0.0, -0.100013025, 0.0]
899312926547800|5888|-0.5,-4.0,-20.5|[-2.0, -2.0, -2.0, 3.0, 3.0, 3.0]|[1.0, 0.0, 0.0, 0.0, 0.0, 0.9850304, 0.17238033, 0.0, 0.0, -0.17238033, 0.9850304, 0.0, -0.5, -0.40632486, -20.982645, 1.0]|[0.7857328, 0.0, 0.0, 0.0, 0.0, 1.2571725, 0.0, 0.0, 0.0, 0.0, -1.0002604, -1.0, 0.0, 0.0, -0.100013025, 0.0]
899313132785100|5888|-0.5,-4.0,-20.5|[-2.0, -2.0, -2.0, 3.0, 3.0, 3.0]|[1.0, 0.0, 0.0, 0.0, 0.0, 0.9850304, 0.17238033, 0.0, 0.0, -0.17238033, 0.9850304, 0.0, -0.5, -0.40632486, -20.982645, 1.0]|[0.7857328, 0.0, 0.0, 0.0, 0.0, 1.2571725, 0.0, 0.0, 0.0, 0.0, -1.0002604, -1.0, 0.0, 0.0, -0.100013025, 0.0]
899313353016300|5888|-0.5,-4.0,-20.5|[-2.0, -2.0, -2.0, 3.0, 3.0, 3.0]|[1.0, 0.0, 0.0, 0.0, 0.0, 0.9850304, 0.17238033, 0.0, 0.0, -0.17238033, 0.9850304, 0.0, -0.5, -0.40632486, -20.982645, 1.0]|[0.7857328, 0.0, 0.0, 0.0, 0.0, 1.2571725, 0.0, 0.0, 0.0, 0.0, -1.0002604, -1.0, 0.0, 0.0, -0.100013025, 0.0]
899313579819400|5888|-0.5,-4.0,-20.5|[-2.0, -2.0, -2.0, 3.0, 3.0, 3.0]|[1.0, 0.0, 0.0, 0.0, 0.0, 0.9850304, 0.17238033, 0.0, 0.0, -0.17238033, 0.9850304, 0.0, -0.5, -0.40632486, -20.982645, 1.0]|[0.7857328, 0.0, 0.0, 0.0, 0.0, 1.2571725, 0.0, 0.0, 0.0, 0.0, -1.0002604, -1.0, 0.0, 0.0, -0.100013025, 0.0]
899313798455200|5888|-0.5,-4.0,-20.5|[-2.0, -2.0, -2.0, 3.0, 3.0, 3.0]|[1.0, 0.0, 0.0, 0.0, 0.0, 0.9850304, 0.17238033, 0.0, 0.0, -0.17238033, 0.9850304, 0.0, -0.5, -0.40632486, -20.982645, 1.0]|[0.7857328, 0.0, 0.0, 0.0, 0.0, 1.2571725, 0.0, 0.0, 0.0, 0.0, -1.0002604, -1.0, 0.0, 0.0, -0.100013025, 0.0]
899314031511900|5888|-0.5,-4.0,-20.5|[-2.0, -2.0, -2.0, 3.0, 3.0, 3.0]|[1.0, 0.0, 0.0, 0.0, 0.0, 0.9850304, 0.17238033, 0.0, 0.0, -0.17238033, 0.9850304, 0.0, -0.5, -0.40632486, -20.982645, 1.0]|[0.7857328, 0.0, 0.0, 0.0, 0.0, 1.2571725, 0.0, 0.0, 0.0, 0.0, -1.0002604, -1.0, 0.0, 0.0, -0.100013025, 0.0]
899314262499900|5888|-0.5,-4.0,-20.5|[-2.0, -2.0, -2.0, 3.0, 3.0, 3.0]|[1.0, 0.0, 0.0, 0.0, 0.0, 0.9850304, 0.17238033, 0.0, 0.0, -0.17238033, 0.9850304, 0.0, -0.5, -0.40632486, -20.982645, 1.0]|[0.7857328, 0.0, 0.0, 0.0, 0.0, 1.2571725, 0.0, 0.0, 0.0, 0.0, -1.0002604, -1.0, 0.0, 0.0, -0.100013025, 0.0]
899314484188800|5888|-0.5,-4.281669377687692,-20.5|[-2.0, -2.0, -2.0, 3.0, 3.0, 3.0]|[1.0, 0.0, 0.0, 0.0, 0.0, 0.9825892, 0.18579137, 0.0, 0.0, -0.18579137, 0.9825892, 0.0, -0.5, -0.39839864, -21.038576, 1.0]|[0.7857328, 0.0, 0.0, 0.0, 0.0, 1.2571725, 0.0, 0.0, 0.0, 0.0, -1.0002604, -1.0, 0.0, 0.0, -0.100013025, 0.0]
899314717542600|5888|-0.5,-4.996180746276025,-20.5|[-2.0, -2.0, -2.0, 3.0, 3.0, 3.0]|[1.0, 0.0, 0.0, 0.0, 0.0, 0.9756496, 0.21933486, 0.0, 0.0, -0.21933486, 0.9756496, 0.0, -0.5, -0.37815714, -21.196653, 1.0]|[0.7857328, 0.0, 0.0, 0.0, 0.0, 1.2571725, 0.0, 0.0, 0.0, 0.0, -1.0002604, -1.0, 0.0, 0.0, -0.100013025, 0.0]
899314947793500|5888|-0.5,-5.642416706543656,-20.5|[-2.0, -2.0, -2.0, 3.0, 3.0, 3.0]|[1.0, 0.0, 0.0, 0.0, 0.0, 0.96849805, 0.24902104, 0.0, 0.0, -0.24902104, 0.96849805, 0.0, -0.5, -0.35973787, -21.359291, 1.0]|[0.7857328, 0.0, 0.0, 0.0, 0.0, 1.2571725, 0.0, 0.0, 0.0, 0.0, -1.0002604, -1.0, 0.0, 0.0, -0.100013025, 0.0]
899315183881500|5888|-0.5,-6.20375937790287,-20.5|[-2.0, -2.0, -2.0, 3.0, 3.0, 3.0]|[1.0, 0.0, 0.0, 0.0, 0.0, 0.9616575, 0.27425316, 0.0, 0.0, -0.27425316, 0.9616575, 0.0, -0.5, -0.34370184, -21.51538, 1.0]|[0.7857328, 0.0, 0.0, 0.0, 0.0, 1.2571725, 0.0, 0.0, 0.0, 0.0, -1.0002604, -1.0, 0.0, 0.0, -0.100013025, 0.0]
899315420205900|5888|-0.5,-6.637081877372154,-20.5|[-2.0, -2.0, -2.0, 3.0, 3.0, 3.0]|[1.0, 0.0, 0.0, 0.0, 0.0, 0.9560039, 0.2933537, 0.0, 0.0, -0.2933537, 0.9560039, 0.0, -0.5, -0.33132553, -21.645092, 1.0]|[0.7857328, 0.0, 0.0, 0.0, 0.0, 1.2571725, 0.0, 0.0, 0.0, 0.0, -1.0002604, -1.0, 0.0, 0.0, -0.100013025, 0.0]
899315660606000|5888|-0.5,-6.910243618942658,-20.5|[-2.0, -2.0, -2.0, 3.0, 3.0, 3.0]|[1.0, 0.0, 0.0, 0.0, 0.0, 0.9522824, 0.30521813, 0.0, 0.0, -0.30521813, 0.9522824, 0.0, -0.5, -0.32353163, -21.73092, 1.0]|[0.7857328, 0.0, 0.0, 0.0, 0.0, 1.2571725, 0.0, 0.0, 0.0, 0.0, -1.0002604, -1.0, 0.0, 0.0, -0.100013025, 0.0]
899315900357700|5888|-0.5,-6.999929426338014,-20.5|[-2.0, -2.0, -2.0, 3.0, 3.0, 3.0]|[1.0, 0.0, 0.0, 0.0, 0.0, 0.951035, 0.30908304, 0.0, 0.0, -0.30908304, 0.951035, 0.0, -0.5, -0.3209753, -21.759777, 1.0]|[0.7857328, 0.0, 0.0, 0.0, 0.0, 1.2571725, 0.0, 0.0, 0.0, 0.0, -1.0002604, -1.0, 0.0, 0.0, -0.100013025, 0.0]
899316138068200|5888|-0.5,-6.903457403915809,-20.5|[-2.0, -2.0, -2.0, 3.0, 3.0, 3.0]|[1.0, 0.0, 0.0, 0.0, 0.0, 0.95237637, 0.30492508, 0.0, 0.0, -0.30492508, 0.95237637, 0.0, -0.5, -0.3237257, -21.728754, 1.0]|[0.7857328, 0.0, 0.0, 0.0, 0.0, 1.2571725, 0.0, 0.0, 0.0, 0.0, -1.0002604, -1.0, 0.0, 0.0, -0.100013025, 0.0]
899316380688800|5888|-0.5,-6.617554793129884,-20.5|[-2.0, -2.0, -2.0, 3.0, 3.0, 3.0]|[1.0, 0.0, 0.0, 0.0, 0.0, 0.9562654, 0.29250032, 0.0, 0.0, -0.29250032, 0.9562654, 0.0, -0.5, -0.331882, -21.639078, 1.0]|[0.7857328, 0.0, 0.0, 0.0, 0.0, 1.2571725, 0.0, 0.0, 0.0, 0.0, -1.0002604, -1.0, 0.0, 0.0, -0.100013025, 0.0]
899316620494800|5888|-0.5,-6.170891265348985,-20.5|[-2.0, -2.0, -2.0, 3.0, 3.0, 3.0]|[1.0, 0.0, 0.0, 0.0, 0.0, 0.9620734, 0.27279067, 0.0, 0.0, -0.27279067, 0.9620734, 0.0, -0.5, -0.3446412, -21.505865, 1.0]|[0.7857328, 0.0, 0.0, 0.0, 0.0, 1.2571725, 0.0, 0.0, 0.0, 0.0, -1.0002604, -1.0, 0.0, 0.0, -0.100013025, 0.0]
899316848527600|5888|-0.5,-5.620030370527942,-20.5|[-2.0, -2.0, -2.0, 3.0, 3.0, 3.0]|[1.0, 0.0, 0.0, 0.0, 0.0, 0.96875906, 0.24800378, 0.0, 0.0, -0.24800378, 0.96875906, 0.0, -0.5, -0.3603778, -21.35335, 1.0]|[0.7857328, 0.0, 0.0, 0.0, 0.0, 1.2571725, 0.0, 0.0, 0.0, 0.0, -1.0002604, -1.0, 0.0, 0.0, -0.100013025, 0.0]
899317093400100|5888|-0.5,-4.938650111840886,-20.5|[-2.0, -2.0, -2.0, 3.0, 3.0, 3.0]|[1.0, 0.0, 0.0, 0.0, 0.0, 0.97624683, 0.21666092, 0.0, 0.0, -0.21666092, 0.97624683, 0.0, -0.5, -0.3797927, -21.183073, 1.0]|[0.7857328, 0.0, 0.0, 0.0, 0.0, 1.2571725, 0.0, 0.0, 0.0, 0.0, -1.0002604, -1.0, 0.0, 0.0, -0.100013025, 0.0]
899317320374100|5888|-0.5,-4.235414243681987,-20.5|[-2.0, -2.0, -2.0, 3.0, 3.0, 3.0]|[1.0, 0.0, 0.0, 0.0, 0.0, 0.98300177, 0.18359594, 0.0, 0.0, -0.18359594, 0.98300177, 0.0, -0.5, -0.39970255, -21.029142, 1.0]|[0.7857328, 0.0, 0.0, 0.0, 0.0, 1.2571725, 0.0, 0.0, 0.0, 0.0, -1.0002604, -1.0, 0.0, 0.0, -0.100013025, 0.0]
899317539856100|5888|-0.5,-3.545354865814275,-20.5|[-2.0, -2.0, -2.0, 3.0, 3.0, 3.0]|[1.0, 0.0, 0.0, 0.0, 0.0, 0.98860496, 0.15053265, 0.0, 0.0, -0.15053265, 0.98860496, 0.0, -0.5, -0.4190359, -20.900093, 1.0]|[0.7857328, 0.0, 0.0, 0.0, 0.0, 1.2571725, 0.0, 0.0, 0.0, 0.0, -1.0002604, -1.0, 0.0, 0.0, -0.100013025, 0.0]
899317768865700|5888|-0.5,-2.8511774047045577,-20.5|[-2.0, -2.0, -2.0, 3.0, 3.0, 3.0]|[1.0, 0.0, 0.0, 0.0, 0.0, 0.9931607, 0.11675486, 0.0, 0.0, -0.11675486, 0.9931607, 0.0, -0.5, -0.43820286, -20.792685, 1.0]|[0.7857328, 0.0, 0.0, 0.0, 0.0, 1.2571725, 0.0, 0.0, 0.0, 0.0, -1.0002604, -1.0, 0.0, 0.0, -0.100013025, 0.0]
899317989219500|5888|-0.5,-2.2475863816856787,-20.5|[-2.0, -2.0, -2.0, 3.0, 3.0, 3.0]|[1.0, 0.0, 0.0, 0.0, 0.0, 0.9962041, 0.087047644, 0.0, 0.0, -0.087047644, 0.9962041, 0.0, -0.5, -0.45457816, -20.71783, 1.0]|[0.7857328, 0.0, 0.0, 0.0, 0.0, 1.2571725, 0.0, 0.0, 0.0, 0.0, -1.0002604, -1.0, 0.0, 0.0, -0.100013025, 0.0]
899318204117100|5888|-0.5,-1.7484692731053002,-20.5|[-2.0, -2.0, -2.0, 3.0, 3.0, 3.0]|[1.0, 0.0, 0.0, 0.0, 0.0, 0.9980573, 0.062302195, 0.0, 0.0, -0.062302195, 0.9980573, 0.0, -0.5, -0.4678775, -20.66911, 1.0]|[0.7857328, 0.0, 0.0, 0.0, 0.0, 1.2571725, 0.0, 0.0, 0.0, 0.0, -1.0002604, -1.0, 0.0, 0.0, -0.100013025, 0.0]
899318425791300|5888|-0.5,-1.3548953627374516,-20.5|[-2.0, -2.0, -2.0, 3.0, 3.0, 3.0]|[1.0, 0.0, 0.0, 0.0, 0.0, 0.99908763, 0.042705774, 0.0, 0.0, -0.042705774, 0.99908763, 0.0, -0.5, -0.47819078, -20.639158, 1.0]|[0.7857328, 0.0, 0.0, 0.0, 0.0, 1.2571725, 0.0, 0.0, 0.0, 0.0, -1.0002604, -1.0, 0.0, 0.0, -0.100013025, 0.0]
899318637910800|5888|-0.5,-1.1074531775122267,-20.5|[-2.0, -2.0, -2.0, 3.0, 3.0, 3.0]|[1.0, 0.0, 0.0, 0.0, 0.0, 0.999539, 0.030358657, 0.0, 0.0, -0.030358657, 0.999539, 0.0, -0.5, -0.48459017, -20.62417, 1.0]|[0.7857328, 0.0, 0.0, 0.0, 0.0, 1.2571725, 0.0, 0.0, 0.0, 0.0, -1.0002604, -1.0, 0.0, 0.0, -0.100013025, 0.0]
899318849080300|5888|-0.5,-1.0032224324230867,-20.5|[-2.0, -2.0, -2.0, 3.0, 3.0, 3.0]|[1.0, 0.0, 0.0, 0.0, 0.0, 0.9996836, 0.025153162, 0.0, 0.0, -0.025153162, 0.9996836, 0.0, -0.5, -0.48726517, -20.61875, 1.0]|[0.7857328, 0.0, 0.0, 0.0, 0.0, 1.2571725, 0.0, 0.0, 0.0, 0.0, -1.0002604, -1.0, 0.0, 0.0, -0.100013025, 0.0]
899319064631500|5888|-0.5,-1.0480954824291189,-20.5|[-2.0, -2.0, -2.0, 3.0, 3.0, 3.0]|[1.0, 0.0, 0.0, 0.0, 0.0, 0.99962467, 0.027394488, 0.0, 0.0, -0.027394488, 0.99962467, 0.0, -0.5, -0.48611504, -20.621017, 1.0]|[0.7857328, 0.0, 0.0, 0.0, 0.0, 1.2571725, 0.0, 0.0, 0.0, 0.0, -1.0002604, -1.0, 0.0, 0.0, -0.100013025, 0.0]
899319280448500|5888|-0.5,-1.2431361367733018,-20.5|[-2.0, -2.0, -2.0, 3.0, 3.0, 3.0]|[1.0, 0.0, 0.0, 0.0, 0.0, 0.9993103, 0.037131183, 0.0, 0.0, -0.037131183, 0.9993103, 0.0, -0.5, -0.4810896, -20.63202, 1.0]|[0.7857328, 0.0, 0.0, 0.0, 0.0, 1.2571725, 0.0, 0.0, 0.0, 0.0, -1.0002604, -1.0, 0.0, 0.0, -0.100013025, 0.0]
899319496924300|5888|-0.5,-1.5796514373794537,-20.5|[-2.0, -2.0, -2.0, 3.0, 3.0, 3.0]|[1.0, 0.0, 0.0, 0.0, 0.0, 0.9985461, 0.053904086, 0.0, 0.0, -0.053904086, 0.9985461, 0.0, -0.5, -0.47232115, -20.655346, 1.0]|[0.7857328, 0.0, 0.0, 0.0, 0.0, 1.2571725, 0.0, 0.0, 0.0, 0.0, -1.0002604, -1.0, 0.0, 0.0, -0.100013025, 0.0]
899319714150900|5888|-0.5,-2.041952005586353,-20.5|[-2.0, -2.0, -2.0, 3.0, 3.0, 3.0]|[1.0, 0.0, 0.0, 0.0, 0.0, 0.9970411, 0.07686947, 0.0, 0.0, -0.07686947, 0.9970411, 0.0, -0.5, -0.46008575, -20.696306, 1.0]|[0.7857328, 0.0, 0.0, 0.0, 0.0, 1.2571725, 0.0, 0.0, 0.0, 0.0, -1.0002604, -1.0, 0.0, 0.0, -0.100013025, 0.0]
899319928892300|5888|-0.5,-2.598413306796715,-20.5|[-2.0, -2.0, -2.0, 3.0, 3.0, 3.0]|[1.0, 0.0, 0.0, 0.0, 0.0, 0.9945408, 0.10434789, 0.0, 0.0, -0.10434789, 0.9945408, 0.0, -0.5, -0.44509625, -20.759226, 1.0]|[0.7857328, 0.0, 0.0, 0.0, 0.0, 1.2571725, 0.0, 0.0, 0.0, 0.0, -1.0002604, -1.0, 0.0, 0.0, -0.100013025, 0.0]
899320148807700|5888|-0.5,-3.2309235674498495,-20.5|[-2.0, -2.0, -2.0, 3.0, 3.0, 3.0]|[1.0, 0.0, 0.0, 0.0, 0.0, 0.9908059, 0.13529076, 0.0, 0.0, -0.13529076, 0.9908059, 0.0, -0.5, -0.42775774, -20.848637, 1.0]|[0.7857328, 0.0, 0.0, 0.0, 0.0, 1.2571725, 0.0, 0.0, 0.0, 0.0, -1.0002604, -1.0, 0.0, 0.0, -0.100013025, 0.0]
899320375448300|5888|-0.5,-3.940663268332713,-20.5|[-2.0, -2.0, -2.0, 3.0, 3.0, 3.0]|[1.0, 0.0, 0.0, 0.0, 0.0, 0.9855228, 0.16954261, 0.0, 0.0, -0.16954261, 0.9855228, 0.0, -0.5, -0.40798998, -20.971329, 1.0]|[0.7857328, 0.0, 0.0, 0.0, 0.0, 1.2571725, 0.0, 0.0, 0.0, 0.0, -1.0002604, -1.0, 0.0, 0.0, -0.100013025, 0.0]
899320614267600|5888|-0.5,-3.940663268332713,-20.5|[-2.0, -2.0, -2.0, 3.0, 3.0, 3.0]|[1.0, 0.0, 0.0, 0.0, 0.0, 0.9855228, 0.16954261, 0.0, 0.0, -0.16954261, 0.9855228, 0.0, -0.5, -0.40798998, -20.971329, 1.0]|[0.7857328, 0.0, 0.0, 0.0, 0.0, 1.2571725, 0.0, 0.0, 0.0, 0.0, -1.0002604, -1.0, 0.0, 0.0, -0.100013025, 0.0]
899320727942800|5888|-0.5,-3.940663268332713,-20.5|[-2.0, -2.0, -2.0, 3.0, 3.0, 3.0]|[1.0, 0.0, 0.0, 0.0, 0.0, 0.9855228, 0.16954261, 0.0, 0.0, -0.16954261, 0.9855228, 0.0, -0.5, -0.40798998, -20.971329, 1.0]|[0.7857328, 0.0, 0.0, 0.0, 0.0, 1.2571725, 0.0, 0.0, 0.0, 0.0, -1.0002604, -1.0, 0.0, 0.0, -0.100013025, 0.0]
899320839978500|5888|-0.5,-3.940663268332713,-20.5|[-2.0, -2.0, -2.0, 3.0, 3.0, 3.0]|[1.0, 0.0, 0.0, 0.0, 0.0, 0.9855228, 0.16954261, 0.0, 0.0, -0.16954261, 0.9855228, 0.0, -0.5, -0.40798998, -20.971329, 1.0]|[0.7857328, 0.0, 0.0, 0.0, 0.0, 1.2571725, 0.0, 0.0, 0.0, 0.0, -1.0002604, -1.0, 0.0, 0.0, -0.100013025, 0.0]
899320940760600|5888|-0.5,-3.940663268332713,-20.5|[-2.0, -2.0, -2.0, 3.0, 3.0, 3.0]|[1.0, 0.0, 0.0, 0.0, 0.0, 0.9855228, 0.16954261, 0.0, 0.0, -0.16954261, 0.9855228, 0.0, -0.5, -0.40798998, -20.971329, 1.0]|[0.7857328, 0.0, 0.0, 0.0, 0.0, 1.2571725, 0.0, 0.0, 0.0, 0.0, -1.0002604, -1.0, 0.0, 0.0, -0.100013025, 0.0]
899321056300700|5888|-0.5,-3.940663268332713,-20.5|[-2.0, -2.0, -2.0, 3.0, 3.0, 3.0]|[1.0, 0.0, 0.0, 0.0, 0.0, 0.9855228, 0.16954261, 0.0, 0.0, -0.16954261, 0.9855228, 0.0, -0.5, -0.40798998, -20.971329, 1.0]|[0.7857328, 0.0, 0.0, 0.0, 0.0, 1.2571725, 0.0, 0.0, 0.0, 0.0, -1.0002604, -1.0, 0.0, 0.0, -0.100013025, 0.0]
899321156893600|5888|-0.5,-3.940663268332713,-20.5|[-2.0, -2.0, -2.0, 3.0, 3.0, 3.0]|[1.0, 0.0, 0.0, 0.0, 0.0, 0.9855228, 0.16954261, 0.0, 0.0, -0.16954261, 0.9855228, 0.0, -0.5, -0.40798998, -20.971329, 1.0]|[0.7857328, 0.0, 0.0, 0.0, 0.0, 1.2571725, 0.0, 0.0, 0.0, 0.0, -1.0002604, -1.0, 0.0, 0.0, -0.100013025, 0.0]
899321275450900|5888|-0.5,-3.940663268332713,-20.5|[-2.0, -2.0, -2.0, 3.0, 3.0, 3.0]|[1.0, 0.0, 0.0, 0.0, 0.0, 0.9855228, 0.16954261, 0.0, 0.0, -0.16954261, 0.9855228, 0.0, -0.5, -0.40798998, -20.971329, 1.0]|[0.7857328, 0.0, 0.0, 0.0, 0.0, 1.2571725, 0.0, 0.0, 0.0, 0.0, -1.0002604, -1.0, 0.0, 0.0, -0.100013025, 0.0]
899321389325300|5888|-0.5,-3.940663268332713,-20.5|[-2.0, -2.0, -2.0, 3.0, 3.0, 3.0]|[1.0, 0.0, 0.0, 0.0, 0.0, 0.9855228, 0.16954261, 0.0, 0.0, -0.16954261, 0.9855228, 0.0, -0.5, -0.40798998, -20.971329, 1.0]|[0.7857328, 0.0, 0.0, 0.0, 0.0, 1.2571725, 0.0, 0.0, 0.0, 0.0, -1.0002604, -1.0, 0.0, 0.0, -0.100013025, 0.0]
899321490814300|5888|-0.5,-3.940663268332713,-20.5|[-2.0, -2.0, -2.0, 3.0, 3.0, 3.0]|[1.0, 0.0, 0.0, 0.0, 0.0, 0.9855228, 0.16954261, 0.0, 0.0, -0.16954261, 0.9855228, 0.0, -0.5, -0.40798998, -20.971329, 1.0]|[0.7857328, 0.0, 0.0, 0.0, 0.0, 1.2571725, 0.0, 0.0, 0.0, 0.0, -1.0002604, -1.0, 0.0, 0.0, -0.100013025, 0.0]
899321593176200|5888|-0.5,-3.940663268332713,-20.5|[-2.0, -2.0, -2.0, 3.0, 3.0, 3.0]|[1.0, 0.0, 0.0, 0.0, 0.0, 0.9855228, 0.16954261, 0.0, 0.0, -0.16954261, 0.9855228, 0.0, -0.5, -0.40798998, -20.971329, 1.0]|[0.7857328, 0.0, 0.0, 0.0, 0.0, 1.2571725, 0.0, 0.0, 0.0, 0.0, -1.0002604, -1.0, 0.0, 0.0, -0.100013025, 0.0]
899321706680500|5888|-0.5,-3.940663268332713,-20.5|[-2.0, -2.0, -2.0, 3.0, 3.0, 3.0]|[1.0, 0.0, 0.0, 0.0, 0.0, 0.9855228, 0.16954261, 0.0, 0.0, -0.16954261, 0.9855228, 0.0, -0.5, -0.40798998, -20.971329, 1.0]|[0.7857328, 0.0, 0.0, 0.0, 0.0, 1.2571725, 0.0, 0.0, 0.0, 0.0, -1.0002604, -1.0, 0.0, 0.0, -0.100013025, 0.0]
899321808002700|5888|-0.5,-3.940663268332713,-20.5|[-2.0, -2.0, -2.0, 3.0, 3.0, 3.0]|[1.0, 0.0, 0.0, 0.0, 0.0, 0.9855228, 0.16954261, 0.0, 0.0, -0.16954261, 0.9855228, 0.0, -0.5, -0.40798998, -20.971329, 1.0]|[0.7857328, 0.0, 0.0, 0.0, 0.0, 1.2571725, 0.0, 0.0, 0.0, 0.0, -1.0002604, -1.0, 0.0, 0.0, -0.100013025, 0.0]
899321908910000|5888|39.5,-2.940663268332713,-20.5|[-16.0, -16.0, -16.0, 17.0, 17.0, 17.0]|[1.0, 0.0, 0.0, 0.0, 0.0, 0.9855228, 0.16954261, 0.0, 0.0, -0.16954261, 0.9855228, 0.0, 39.5, 0.57753277, -20.801786, 1.0]|[0.7857328, 0.0, 0.0, 0.0, 0.0, 1.2571725, 0.0, 0.0, 0.0, 0.0, -1.0002604, -1.0, 0.0, 0.0, -0.100013025, 0.0]
899322024115600|5888|-0.5,-3.940663268332713,-20.5|[-2.0, -2.0, -2.0, 3.0, 3.0, 3.0]|[1.0, 0.0, 0.0, 0.0, 0.0, 0.9855228, 0.16954261, 0.0, 0.0, -0.16954261, 0.9855228, 0.0, -0.5, -0.40798998, -20.971329, 1.0]|[0.7857328, 0.0, 0.0, 0.0, 0.0, 1.2571725, 0.0, 0.0, 0.0, 0.0, -1.0002604, -1.0, 0.0, 0.0, -0.100013025, 0.0]
899322124959500|5888|-0.5,-3.940663268332713,-20.5|[-2.0, -2.0, -2.0, 3.0, 3.0, 3.0]|[1.0, 0.0, 0.0, 0.0, 0.0, 0.9855228, 0.16954261, 0.0, 0.0, -0.16954261, 0.9855228, 0.0, -0.5, -0.40798998, -20.971329, 1.0]|[0.7857328, 0.0, 0.0, 0.0, 0.0, 1.2571725, 0.0, 0.0, 0.0, 0.0, -1.0002604, -1.0, 0.0, 0.0, -0.100013025, 0.0]
899322226363300|5888|-0.5,-3.940663268332713,-20.5|[-2.0, -2.0, -2.0, 3.0, 3.0, 3.0]|[1.0, 0.0, 0.0, 0.0, 0.0, 0.9855228, 0.16954261, 0.0, 0.0, -0.16954261, 0.9855228, 0.0, -0.5, -0.40798998, -20.971329, 1.0]|[0.7857328, 0.0, 0.0, 0.0, 0.0, 1.2571725, 0.0, 0.0, 0.0, 0.0, -1.0002604, -1.0, 0.0, 0.0, -0.100013025, 0.0]
899322342344800|5888|-0.5,-3.940663268332713,-20.5|[-2.0, -2.0, -2.0, 3.0, 3.0, 3.0]|[1.0, 0.0, 0.0, 0.0, 0.0, 0.9855228, 0.16954261, 0.0, 0.0, -0.16954261, 0.9855228, 0.0, -0.5, -0.40798998, -20.971329, 1.0]|[0.7857328, 0.0, 0.0, 0.0, 0.0, 1.2571725, 0.0, 0.0, 0.0, 0.0, -1.0002604, -1.0, 0.0, 0.0, -0.100013025, 0.0]
899322456479000|5888|-0.5,-3.940663268332713,-20.5|[-2.0, -2.0, -2.0, 3.0, 3.0, 3.0]|[1.0, 0.0, 0.0, 0.0, 0.0, 0.9855228, 0.16954261, 0.0, 0.0, -0.16954261, 0.9855228, 0.0, -0.5, -0.40798998, -20.971329, 1.0]|[0.7857328, 0.0, 0.0, 0.0, 0.0, 1.2571725, 0.0, 0.0, 0.0, 0.0, -1.0002604, -1.0, 0.0, 0.0, -0.100013025, 0.0]
899322556878600|5888|-0.5,-3.940663268332713,-20.5|[-2.0, -2.0, -2.0, 3.0, 3.0, 3.0]|[1.0, 0.0, 0.0, 0.0, 0.0, 0.9855228, 0.16954261, 0.0, 0.0, -0.16954261, 0.9855228, 0.0, -0.5, -0.40798998, -20.971329, 1.0]|[0.7857328, 0.0, 0.0, 0.0, 0.0, 1.2571725, 0.0, 0.0, 0.0, 0.0, -1.0002604, -1.0, 0.0, 0.0, -0.100013025, 0.0]
899322674061700|5888|-0.5,-3.940663268332713,-20.5|[-2.0, -2.0, -2.0, 3.0, 3.0, 3.0]|[1.0, 0.0, 0.0, 0.0, 0.0, 0.9855228, 0.16954261, 0.0, 0.0, -0.16954261, 0.9855228, 0.0, -0.5, -0.40798998, -20.971329, 1.0]|[0.7857328, 0.0, 0.0, 0.0, 0.0, 1.2571725, 0.0, 0.0, 0.0, 0.0, -1.0002604, -1.0, 0.0, 0.0, -0.100013025, 0.0]
899322774588700|5888|-0.5,-3.940663268332713,-20.5|[-2.0, -2.0, -2.0, 3.0, 3.0, 3.0]|[1.0, 0.0, 0.0, 0.0, 0.0, 0.9855228, 0.16954261, 0.0, 0.0, -0.16954261, 0.9855228, 0.0, -0.5, -0.40798998, -20.971329, 1.0]|[0.7857328, 0.0, 0.0, 0.0, 0.0, 1.2571725, 0.0, 0.0, 0.0, 0.0, -1.0002604, -1.0, 0.0, 0.0, -0.100013025, 0.0]
899322889835700|5888|-0.5,-3.940663268332713,-20.5|[-2.0, -2.0, -2.0, 3.0, 3.0, 3.0]|[1.0, 0.0, 0.0, 0.0, 0.0, 0.9855228, 0.16954261, 0.0, 0.0, -0.16954261, 0.9855228, 0.0, -0.5, -0.40798998, -20.971329, 1.0]|[0.7857328, 0.0, 0.0, 0.0, 0.0, 1.2571725, 0.0, 0.0, 0.0, 0.0, -1.0002604, -1.0, 0.0, 0.0, -0.100013025, 0.0]
899322990321700|5888|-0.5,-3.940663268332713,-20.5|[-2.0, -2.0, -2.0, 3.0, 3.0, 3.0]|[1.0, 0.0, 0.0, 0.0, 0.0, 0.9855228, 0.16954261, 0.0, 0.0, -0.16954261, 0.9855228, 0.0, -0.5, -0.40798998, -20.971329, 1.0]|[0.7857328, 0.0, 0.0, 0.0, 0.0, 1.2571725, 0.0, 0.0, 0.0, 0.0, -1.0002604, -1.0, 0.0, 0.0, -0.100013025, 0.0]
899323092000000|5888|-0.5,-3.940663268332713,-20.5|[-2.0, -2.0, -2.0, 3.0, 3.0, 3.0]|[1.0, 0.0, 0.0, 0.0, 0.0, 0.9855228, 0.16954261, 0.0, 0.0, -0.16954261, 0.9855228, 0.0, -0.5, -0.40798998, -20.971329, 1.0]|[0.7857328, 0.0, 0.0, 0.0, 0.0, 1.2571725, 0.0, 0.0, 0.0, 0.0, -1.0002604, -1.0, 0.0, 0.0, -0.100013025, 0.0]
899323205967700|5888|-0.5,-3.940663268332713,-20.5|[-2.0, -2.0, -2.0, 3.0, 3.0, 3.0]|[1.0, 0.0, 0.0, 0.0, 0.0, 0.9855228, 0.16954261, 0.0, 0.0, -0.16954261, 0.9855228, 0.0, -0.5, -0.40798998, -20.971329, 1.0]|[0.7857328, 0.0, 0.0, 0.0, 0.0, 1.2571725, 0.0, 0.0, 0.0, 0.0, -1.0002604, -1.0, 0.0, 0.0, -0.100013025, 0.0]
899323308257200|5888|-0.5,-3.940663268332713,-20.5|[-2.0, -2.0, -2.0, 3.0, 3.0, 3.0]|[1.0, 0.0, 0.0, 0.0, 0.0, 0.9855228, 0.16954261, 0.0, 0.0, -0.16954261, 0.9855228, 0.0, -0.5, -0.40798998, -20.971329, 1.0]|[0.7857328, 0.0, 0.0, 0.0, 0.0, 1.2571725, 0.0, 0.0, 0.0, 0.0, -1.0002604, -1.0, 0.0, 0.0, -0.100013025, 0.0]
899323425400500|5888|-0.5,-3.940663268332713,-20.5|[-2.0, -2.0, -2.0, 3.0, 3.0, 3.0]|[1.0, 0.0, 0.0, 0.0, 0.0, 0.9855228, 0.16954261, 0.0, 0.0, -0.16954261, 0.9855228, 0.0, -0.5, -0.40798998, -20.971329, 1.0]|[0.7857328, 0.0, 0.0, 0.0, 0.0, 1.2571725, 0.0, 0.0, 0.0, 0.0, -1.0002604, -1.0, 0.0, 0.0, -0.100013025, 0.0]
899323540224700|5888|-0.5,-3.940663268332713,-20.5|[-2.0, -2.0, -2.0, 3.0, 3.0, 3.0]|[1.0, 0.0, 0.0, 0.0, 0.0, 0.9855228, 0.16954261, 0.0, 0.0, -0.16954261, 0.9855228, 0.0, -0.5, -0.40798998, -20.971329, 1.0]|[0.7857328, 0.0, 0.0, 0.0, 0.0, 1.2571725, 0.0, 0.0, 0.0, 0.0, -1.0002604, -1.0, 0.0, 0.0, -0.100013025, 0.0]
899323657135600|5888|-0.5,-3.940663268332713,-20.5|[-2.0, -2.0, -2.0, 3.0, 3.0, 3.0]|[1.0, 0.0, 0.0, 0.0, 0.0, 0.9855228, 0.16954261, 0.0, 0.0, -0.16954261, 0.9855228, 0.0, -0.5, -0.40798998, -20.971329, 1.0]|[0.7857328, 0.0, 0.0, 0.0, 0.0, 1.2571725, 0.0, 0.0, 0.0, 0.0, -1.0002604, -1.0, 0.0, 0.0, -0.100013025, 0.0]
899323758130700|5888|-0.5,-3.940663268332713,-20.5|[-2.0, -2.0, -2.0, 3.0, 3.0, 3.0]|[1.0, 0.0, 0.0, 0.0, 0.0, 0.9855228, 0.16954261, 0.0, 0.0, -0.16954261, 0.9855228, 0.0, -0.5, -0.40798998, -20.971329, 1.0]|[0.7857328, 0.0, 0.0, 0.0, 0.0, 1.2571725, 0.0, 0.0, 0.0, 0.0, -1.0002604, -1.0, 0.0, 0.0, -0.100013025, 0.0]
899323874262400|5888|-0.5,-3.940663268332713,-20.5|[-2.0, -2.0, -2.0, 3.0, 3.0, 3.0]|[1.0, 0.0, 0.0, 0.0, 0.0, 0.9855228, 0.16954261, 0.0, 0.0, -0.16954261, 0.9855228, 0.0, -0.5, -0.40798998, -20.971329, 1.0]|[0.7857328, 0.0, 0.0, 0.0, 0.0, 1.2571725, 0.0, 0.0, 0.0, 0.0, -1.0002604, -1.0, 0.0, 0.0, -0.100013025, 0.0]
899323989372200|5888|-0.5,-3.940663268332713,-20.5|[-2.0, -2.0, -2.0, 3.0, 3.0, 3.0]|[1.0, 0.0, 0.0, 0.0, 0.0, 0.9855228, 0.16954261, 0.0, 0.0, -0.16954261, 0.9855228, 0.0, -0.5, -0.40798998, -20.971329, 1.0]|[0.7857328, 0.0, 0.0, 0.0, 0.0, 1.2571725, 0.0, 0.0, 0.0, 0.0, -1.0002604, -1.0, 0.0, 0.0, -0.100013025, 0.0]
899324089958600|5888|-0.5,-3.940663268332713,-20.5|[-2.0, -2.0, -2.0, 3.0, 3.0, 3.0]|[1.0, 0.0, 0.0, 0.0, 0.0, 0.9855228, 0.16954261, 0.0, 0.0, -0.16954261, 0.9855228, 0.0, -0.5, -0.40798998, -20.971329, 1.0]|[0.7857328, 0.0, 0.0, 0.0, 0.0, 1.2571725, 0.0, 0.0, 0.0, 0.0, -1.0002604, -1.0, 0.0, 0.0, -0.100013025, 0.0]
899324206064700|5888|-0.5,-3.940663268332713,-20.5|[-2.0, -2.0, -2.0, 3.0, 3.0, 3.0]|[1.0, 0.0, 0.0, 0.0, 0.0, 0.9855228, 0.16954261, 0.0, 0.0, -0.16954261, 0.9855228, 0.0, -0.5, -0.40798998, -20.971329, 1.0]|[0.7857328, 0.0, 0.0, 0.0, 0.0, 1.2571725, 0.0, 0.0, 0.0, 0.0, -1.0002604, -1.0, 0.0, 0.0, -0.100013025, 0.0]
899324306884900|5888|-0.5,-3.940663268332713,-20.5|[-2.0, -2.0, -2.0, 3.0, 3.0, 3.0]|[1.0, 0.0, 0.0, 0.0, 0.0, 0.9855228, 0.16954261, 0.0, 0.0, -0.16954261, 0.9855228, 0.0, -0.5, -0.40798998, -20.971329, 1.0]|[0.7857328, 0.0, 0.0, 0.0, 0.0, 1.2571725, 0.0, 0.0, 0.0, 0.0, -1.0002604, -1.0, 0.0, 0.0, -0.100013025, 0.0]
899324407595000|5888|-0.5,-3.940663268332713,-20.5|[-2.0, -2.0, -2.0, 3.0, 3.0, 3.0]|[1.0, 0.0, 0.0, 0.0, 0.0, 0.9855228, 0.16954261, 0.0, 0.0, -0.16954261, 0.9855228, 0.0, -0.5, -0.40798998, -20.971329, 1.0]|[0.7857328, 0.0, 0.0, 0.0, 0.0, 1.2571725, 0.0, 0.0, 0.0, 0.0, -1.0002604, -1.0, 0.0, 0.0, -0.100013025, 0.0]
899324524206600|5888|-0.5,-3.940663268332713,-20.5|[-2.0, -2.0, -2.0, 3.0, 3.0, 3.0]|[1.0, 0.0, 0.0, 0.0, 0.0, 0.9855228, 0.16954261, 0.0, 0.0, -0.16954261, 0.9855228, 0.0, -0.5, -0.40798998, -20.971329, 1.0]|[0.7857328, 0.0, 0.0, 0.0, 0.0, 1.2571725, 0.0, 0.0, 0.0, 0.0, -1.0002604, -1.0, 0.0, 0.0, -0.100013025, 0.0]
899324624412000|5888|-0.5,-3.940663268332713,-20.5|[-2.0, -2.0, -2.0, 3.0, 3.0, 3.0]|[1.0, 0.0, 0.0, 0.0, 0.0, 0.9855228, 0.16954261, 0.0, 0.0, -0.16954261, 0.9855228, 0.0, -0.5, -0.40798998, -20.971329, 1.0]|[0.7857328, 0.0, 0.0, 0.0, 0.0, 1.2571725, 0.0, 0.0, 0.0, 0.0, -1.0002604, -1.0, 0.0, 0.0, -0.100013025, 0.0]
899324725697800|5888|-0.5,-3.940663268332713,-20.5|[-2.0, -2.0, -2.0, 3.0, 3.0, 3.0]|[1.0, 0.0, 0.0, 0.0, 0.0, 0.9855228, 0.16954261, 0.0, 0.0, -0.16954261, 0.9855228, 0.0, -0.5, -0.40798998, -20.971329, 1.0]|[0.7857328, 0.0, 0.0, 0.0, 0.0, 1.2571725, 0.0, 0.0, 0.0, 0.0, -1.0002604, -1.0, 0.0, 0.0, -0.100013025, 0.0]
899324840364400|5888|-0.5,-3.940663268332713,-20.5|[-2.0, -2.0, -2.0, 3.0, 3.0, 3.0]|[1.0, 0.0, 0.0, 0.0, 0.0, 0.9855228, 0.16954261, 0.0, 0.0, -0.16954261, 0.9855228, 0.0, -0.5, -0.40798998, -20.971329, 1.0]|[0.7857328, 0.0, 0.0, 0.0, 0.0, 1.2571725, 0.0, 0.0, 0.0, 0.0, -1.0002604, -1.0, 0.0, 0.0, -0.100013025, 0.0]
899324956640700|5888|-0.5,-3.940663268332713,-20.5|[-2.0, -2.0, -2.0, 3.0, 3.0, 3.0]|[1.0, 0.0, 0.0, 0.0, 0.0, 0.9855228, 0.16954261, 0.0, 0.0, -0.16954261, 0.9855228, 0.0, -0.5, -0.40798998, -20.971329, 1.0]|[0.7857328, 0.0, 0.0, 0.0, 0.0, 1.2571725, 0.0, 0.0, 0.0, 0.0, -1.0002604, -1.0, 0.0, 0.0, -0.100013025, 0.0]
899325056963800|5888|-0.5,-3.940663268332713,-20.5|[-2.0, -2.0, -2.0, 3.0, 3.0, 3.0]|[1.0, 0.0, 0.0, 0.0, 0.0, 0.9855228, 0.16954261, 0.0, 0.0, -0.16954261, 0.9855228, 0.0, -0.5, -0.40798998, -20.971329, 1.0]|[0.7857328, 0.0, 0.0, 0.0, 0.0, 1.2571725, 0.0, 0.0, 0.0, 0.0, -1.0002604, -1.0, 0.0, 0.0, -0.100013025, 0.0]
899325173765800|5888|-0.5,-3.940663268332713,-20.5|[-2.0, -2.0, -2.0, 3.0, 3.0, 3.0]|[1.0, 0.0, 0.0, 0.0, 0.0, 0.9855228, 0.16954261, 0.0, 0.0, -0.16954261, 0.9855228, 0.0, -0.5, -0.40798998, -20.971329, 1.0]|[0.7857328, 0.0, 0.0, 0.0, 0.0, 1.2571725, 0.0, 0.0, 0.0, 0.0, -1.0002604, -1.0, 0.0, 0.0, -0.100013025, 0.0]
899325273785600|5888|39.5,-2.940663268332713,-20.5|[-16.0, -16.0, -16.0, 17.0, 17.0, 17.0]|[1.0, 0.0, 0.0, 0.0, 0.0, 0.9855228, 0.16954261, 0.0, 0.0, -0.16954261, 0.9855228, 0.0, 39.5, 0.57753277, -20.801786, 1.0]|[0.7857328, 0.0, 0.0, 0.0, 0.0, 1.2571725, 0.0, 0.0, 0.0, 0.0, -1.0002604, -1.0, 0.0, 0.0, -0.100013025, 0.0]
899325373818500|5888|-0.5,-3.940663268332713,-20.5|[-2.0, -2.0, -2.0, 3.0, 3.0, 3.0]|[1.0, 0.0, 0.0, 0.0, 0.0, 0.9855228, 0.16954261, 0.0, 0.0, -0.16954261, 0.9855228, 0.0, -0.5, -0.40798998, -20.971329, 1.0]|[0.7857328, 0.0, 0.0, 0.0, 0.0, 1.2571725, 0.0, 0.0, 0.0, 0.0, -1.0002604, -1.0, 0.0, 0.0, -0.100013025, 0.0]
899325489487100|5888|-0.5,-3.940663268332713,-20.5|[-2.0, -2.0, -2.0, 3.0, 3.0, 3.0]|[1.0, 0.0, 0.0, 0.0, 0.0, 0.9855228, 0.16954261, 0.0, 0.0, -0.16954261, 0.9855228, 0.0, -0.5, -0.40798998, -20.971329, 1.0]|[0.7857328, 0.0, 0.0, 0.0, 0.0, 1.2571725, 0.0, 0.0, 0.0, 0.0, -1.0002604, -1.0, 0.0, 0.0, -0.100013025, 0.0]
899325590333300|5888|-0.5,-3.940663268332713,-20.5|[-2.0, -2.0, -2.0, 3.0, 3.0, 3.0]|[1.0, 0.0, 0.0, 0.0, 0.0, 0.9855228, 0.16954261, 0.0, 0.0, -0.16954261, 0.9855228, 0.0, -0.5, -0.40798998, -20.971329, 1.0]|[0.7857328, 0.0, 0.0, 0.0, 0.0, 1.2571725, 0.0, 0.0, 0.0, 0.0, -1.0002604, -1.0, 0.0, 0.0, -0.100013025, 0.0]
899325691679700|5888|-0.5,-3.940663268332713,-20.5|[-2.0, -2.0, -2.0, 3.0, 3.0, 3.0]|[1.0, 0.0, 0.0, 0.0, 0.0, 0.9855228, 0.16954261, 0.0, 0.0, -0.16954261, 0.9855228, 0.0, -0.5, -0.40798998, -20.971329, 1.0]|[0.7857328, 0.0, 0.0, 0.0, 0.0, 1.2571725, 0.0, 0.0, 0.0, 0.0, -1.0002604, -1.0, 0.0, 0.0, -0.100013025, 0.0]
899325806571800|5888|-0.5,-3.940663268332713,-20.5|[-2.0, -2.0, -2.0, 3.0, 3.0, 3.0]|[1.0, 0.0, 0.0, 0.0, 0.0, 0.9855228, 0.16954261, 0.0, 0.0, -0.16954261, 0.9855228, 0.0, -0.5, -0.40798998, -20.971329, 1.0]|[0.7857328, 0.0, 0.0, 0.0, 0.0, 1.2571725, 0.0, 0.0, 0.0, 0.0, -1.0002604, -1.0, 0.0, 0.0, -0.100013025, 0.0]
899325923510400|5888|-0.5,-3.940663268332713,-20.5|[-2.0, -2.0, -2.0, 3.0, 3.0, 3.0]|[1.0, 0.0, 0.0, 0.0, 0.0, 0.9855228, 0.16954261, 0.0, 0.0, -0.16954261, 0.9855228, 0.0, -0.5, -0.40798998, -20.971329, 1.0]|[0.7857328, 0.0, 0.0, 0.0, 0.0, 1.2571725, 0.0, 0.0, 0.0, 0.0, -1.0002604, -1.0, 0.0, 0.0, -0.100013025, 0.0]
899326024494300|5888|-0.5,-3.940663268332713,-20.5|[-2.0, -2.0, -2.0, 3.0, 3.0, 3.0]|[1.0, 0.0, 0.0, 0.0, 0.0, 0.9855228, 0.16954261, 0.0, 0.0, -0.16954261, 0.9855228, 0.0, -0.5, -0.40798998, -20.971329, 1.0]|[0.7857328, 0.0, 0.0, 0.0, 0.0, 1.2571725, 0.0, 0.0, 0.0, 0.0, -1.0002604, -1.0, 0.0, 0.0, -0.100013025, 0.0]
899326140422200|5888|-0.5,-3.940663268332713,-20.5|[-2.0, -2.0, -2.0, 3.0, 3.0, 3.0]|[1.0, 0.0, 0.0, 0.0, 0.0, 0.9855228, 0.16954261, 0.0, 0.0, -0.16954261, 0.9855228, 0.0, -0.5, -0.40798998, -20.971329, 1.0]|[0.7857328, 0.0, 0.0, 0.0, 0.0, 1.2571725, 0.0, 0.0, 0.0, 0.0, -1.0002604, -1.0, 0.0, 0.0, -0.100013025, 0.0]
899326257626600|5888|-0.5,-3.940663268332713,-20.5|[-2.0, -2.0, -2.0, 3.0, 3.0, 3.0]|[1.0, 0.0, 0.0, 0.0, 0.0, 0.9855228, 0.16954261, 0.0, 0.0, -0.16954261, 0.9855228, 0.0, -0.5, -0.40798998, -20.971329, 1.0]|[0.7857328, 0.0, 0.0, 0.0, 0.0, 1.2571725, 0.0, 0.0, 0.0, 0.0, -1.0002604, -1.0, 0.0, 0.0, -0.100013025, 0.0]
899326373508900|5888|-0.5,-3.940663268332713,-20.5|[-2.0, -2.0, -2.0, 3.0, 3.0, 3.0]|[1.0, 0.0, 0.0, 0.0, 0.0, 0.9855228, 0.16954261, 0.0, 0.0, -0.16954261, 0.9855228, 0.0, -0.5, -0.40798998, -20.971329, 1.0]|[0.7857328, 0.0, 0.0, 0.0, 0.0, 1.2571725, 0.0, 0.0, 0.0, 0.0, -1.0002604, -1.0, 0.0, 0.0, -0.100013025, 0.0]
899326474263500|5888|-0.5,-3.940663268332713,-20.5|[-2.0, -2.0, -2.0, 3.0, 3.0, 3.0]|[1.0, 0.0, 0.0, 0.0, 0.0, 0.9855228, 0.16954261, 0.0, 0.0, -0.16954261, 0.9855228, 0.0, -0.5, -0.40798998, -20.971329, 1.0]|[0.7857328, 0.0, 0.0, 0.0, 0.0, 1.2571725, 0.0, 0.0, 0.0, 0.0, -1.0002604, -1.0, 0.0, 0.0, -0.100013025, 0.0]
899326574270000|5888|39.5,-2.940663268332713,-20.5|[-16.0, -16.0, -16.0, 17.0, 17.0, 17.0]|[1.0, 0.0, 0.0, 0.0, 0.0, 0.9855228, 0.16954261, 0.0, 0.0, -0.16954261, 0.9855228, 0.0, 39.5, 0.57753277, -20.801786, 1.0]|[0.7857328, 0.0, 0.0, 0.0, 0.0, 1.2571725, 0.0, 0.0, 0.0, 0.0, -1.0002604, -1.0, 0.0, 0.0, -0.100013025, 0.0]
899326674515100|5888|-0.5,-3.940663268332713,-20.5|[-2.0, -2.0, -2.0, 3.0, 3.0, 3.0]|[1.0, 0.0, 0.0, 0.0, 0.0, 0.9855228, 0.16954261, 0.0, 0.0, -0.16954261, 0.9855228, 0.0, -0.5, -0.40798998, -20.971329, 1.0]|[0.7857328, 0.0, 0.0, 0.0, 0.0, 1.2571725, 0.0, 0.0, 0.0, 0.0, -1.0002604, -1.0, 0.0, 0.0, -0.100013025, 0.0]
899326789950000|5888|-0.5,-3.940663268332713,-20.5|[-2.0, -2.0, -2.0, 3.0, 3.0, 3.0]|[1.0, 0.0, 0.0, 0.0, 0.0, 0.9855228, 0.16954261, 0.0, 0.0, -0.16954261, 0.9855228, 0.0, -0.5, -0.40798998, -20.971329, 1.0]|[0.7857328, 0.0, 0.0, 0.0, 0.0, 1.2571725, 0.0, 0.0, 0.0, 0.0, -1.0002604, -1.0, 0.0, 0.0, -0.100013025, 0.0]
899326890068900|5888|-0.5,-3.940663268332713,-20.5|[-2.0, -2.0, -2.0, 3.0, 3.0, 3.0]|[1.0, 0.0, 0.0, 0.0, 0.0, 0.9855228, 0.16954261, 0.0, 0.0, -0.16954261, 0.9855228, 0.0, -0.5, -0.40798998, -20.971329, 1.0]|[0.7857328, 0.0, 0.0, 0.0, 0.0, 1.2571725, 0.0, 0.0, 0.0, 0.0, -1.0002604, -1.0, 0.0, 0.0, -0.100013025, 0.0]
899327007072400|5888|-0.5,-3.940663268332713,-20.5|[-2.0, -2.0, -2.0, 3.0, 3.0, 3.0]|[1.0, 0.0, 0.0, 0.0, 0.0, 0.9855228, 0.16954261, 0.0, 0.0, -0.16954261, 0.9855228, 0.0, -0.5, -0.40798998, -20.971329, 1.0]|[0.7857328, 0.0, 0.0, 0.0, 0.0, 1.2571725, 0.0, 0.0, 0.0, 0.0, -1.0002604, -1.0, 0.0, 0.0, -0.100013025, 0.0]
899327125090700|5888|-0.5,-3.940663268332713,-20.5|[-2.0, -2.0, -2.0, 3.0, 3.0, 3.0]|[1.0, 0.0, 0.0, 0.0, 0.0, 0.9855228, 0.16954261, 0.0, 0.0, -0.16954261, 0.9855228, 0.0, -0.5, -0.40798998, -20.971329, 1.0]|[0.7857328, 0.0, 0.0, 0.0, 0.0, 1.2571725, 0.0, 0.0, 0.0, 0.0, -1.0002604, -1.0, 0.0, 0.0, -0.100013025, 0.0]
899327239344000|5888|-0.5,-3.940663268332713,-20.5|[-2.0, -2.0, -2.0, 3.0, 3.0, 3.0]|[1.0, 0.0, 0.0, 0.0, 0.0, 0.9855228, 0.16954261, 0.0, 0.0, -0.16954261, 0.9855228, 0.0, -0.5, -0.40798998, -20.971329, 1.0]|[0.7857328, 0.0, 0.0, 0.0, 0.0, 1.2571725, 0.0, 0.0, 0.0, 0.0, -1.0002604, -1.0, 0.0, 0.0, -0.100013025, 0.0]
899327339887300|5888|-0.5,-3.940663268332713,-20.5|[-2.0, -2.0, -2.0, 3.0, 3.0, 3.0]|[1.0, 0.0, 0.0, 0.0, 0.0, 0.9855228, 0.16954261, 0.0, 0.0, -0.16954261, 0.9855228, 0.0, -0.5, -0.40798998, -20.971329, 1.0]|[0.7857328, 0.0, 0.0, 0.0, 0.0, 1.2571725, 0.0, 0.0, 0.0, 0.0, -1.0002604, -1.0, 0.0, 0.0, -0.100013025, 0.0]
899327456323900|5888|-0.5,-3.940663268332713,-20.5|[-2.0, -2.0, -2.0, 3.0, 3.0, 3.0]|[1.0, 0.0, 0.0, 0.0, 0.0, 0.9855228, 0.16954261, 0.0, 0.0, -0.16954261, 0.9855228, 0.0, -0.5, -0.40798998, -20.971329, 1.0]|[0.7857328, 0.0, 0.0, 0.0, 0.0, 1.2571725, 0.0, 0.0, 0.0, 0.0, -1.0002604, -1.0, 0.0, 0.0, -0.100013025, 0.0]
899327557154800|5888|-0.5,-3.940663268332713,-20.5|[-2.0, -2.0, -2.0, 3.0, 3.0, 3.0]|[1.0, 0.0, 0.0, 0.0, 0.0, 0.9855228, 0.16954261, 0.0, 0.0, -0.16954261, 0.9855228, 0.0, -0.5, -0.40798998, -20.971329, 1.0]|[0.7857328, 0.0, 0.0, 0.0, 0.0, 1.2571725, 0.0, 0.0, 0.0, 0.0, -1.0002604, -1.0, 0.0, 0.0, -0.100013025, 0.0]
899327673827500|5888|-0.5,-3.940663268332713,-20.5|[-2.0, -2.0, -2.0, 3.0, 3.0, 3.0]|[1.0, 0.0, 0.0, 0.0, 0.0, 0.9855228, 0.16954261, 0.0, 0.0, -0.16954261, 0.9855228, 0.0, -0.5, -0.40798998, -20.971329, 1.0]|[0.7857328, 0.0, 0.0, 0.0, 0.0, 1.2571725, 0.0, 0.0, 0.0, 0.0, -1.0002604, -1.0, 0.0, 0.0, -0.100013025, 0.0]
899327775224900|5888|-0.5,-3.940663268332713,-20.5|[-2.0, -2.0, -2.0, 3.0, 3.0, 3.0]|[1.0, 0.0, 0.0, 0.0, 0.0, 0.9855228, 0.16954261, 0.0, 0.0, -0.16954261, 0.9855228, 0.0, -0.5, -0.40798998, -20.971329, 1.0]|[0.7857328, 0.0, 0.0, 0.0, 0.0, 1.2571725, 0.0, 0.0, 0.0, 0.0, -1.0002604, -1.0, 0.0, 0.0, -0.100013025, 0.0]
899327889295100|5888|-0.5,-3.940663268332713,-20.5|[-2.0, -2.0, -2.0, 3.0, 3.0, 3.0]|[1.0, 0.0, 0.0, 0.0, 0.0, 0.9855228, 0.16954261, 0.0, 0.0, -0.16954261, 0.9855228, 0.0, -0.5, -0.40798998, -20.971329, 1.0]|[0.7857328, 0.0, 0.0, 0.0, 0.0, 1.2571725, 0.0, 0.0, 0.0, 0.0, -1.0002604, -1.0, 0.0, 0.0, -0.100013025, 0.0]
899327989847500|5888|-0.5,-3.940663268332713,-20.5|[-2.0, -2.0, -2.0, 3.0, 3.0, 3.0]|[1.0, 0.0, 0.0, 0.0, 0.0, 0.9855228, 0.16954261, 0.0, 0.0, -0.16954261, 0.9855228, 0.0, -0.5, -0.40798998, -20.971329, 1.0]|[0.7857328, 0.0, 0.0, 0.0, 0.0, 1.2571725, 0.0, 0.0, 0.0, 0.0, -1.0002604, -1.0, 0.0, 0.0, -0.100013025, 0.0]
899328105842800|5888|-0.5,-3.940663268332713,-20.5|[-2.0, -2.0, -2.0, 3.0, 3.0, 3.0]|[1.0, 0.0, 0.0, 0.0, 0.0, 0.9855228, 0.16954261, 0.0, 0.0, -0.16954261, 0.9855228, 0.0, -0.5, -0.40798998, -20.971329, 1.0]|[0.7857328, 0.0, 0.0, 0.0, 0.0, 1.2571725, 0.0, 0.0, 0.0, 0.0, -1.0002604, -1.0, 0.0, 0.0, -0.100013025, 0.0]
899328205853700|5888|39.5,-2.940663268332713,-20.5|[-16.0, -16.0, -16.0, 17.0, 17.0, 17.0]|[1.0, 0.0, 0.0, 0.0, 0.0, 0.9855228, 0.16954261, 0.0, 0.0, -0.16954261, 0.9855228, 0.0, 39.5, 0.57753277, -20.801786, 1.0]|[0.7857328, 0.0, 0.0, 0.0, 0.0, 1.2571725, 0.0, 0.0, 0.0, 0.0, -1.0002604, -1.0, 0.0, 0.0, -0.100013025, 0.0]
899328306410400|5888|-0.5,-3.940663268332713,-20.5|[-2.0, -2.0, -2.0, 3.0, 3.0, 3.0]|[1.0, 0.0, 0.0, 0.0, 0.0, 0.9855228, 0.16954261, 0.0, 0.0, -0.16954261, 0.9855228, 0.0, -0.5, -0.40798998, -20.971329, 1.0]|[0.7857328, 0.0, 0.0, 0.0, 0.0, 1.2571725, 0.0, 0.0, 0.0, 0.0, -1.0002604, -1.0, 0.0, 0.0, -0.100013025, 0.0]
899328406432600|5888|-0.5,-3.940663268332713,-20.5|[-2.0, -2.0, -2.0, 3.0, 3.0, 3.0]|[1.0, 0.0, 0.0, 0.0, 0.0, 0.9855228, 0.16954261, 0.0, 0.0, -0.16954261, 0.9855228, 0.0, -0.5, -0.40798998, -20.971329, 1.0]|[0.7857328, 0.0, 0.0, 0.0, 0.0, 1.2571725, 0.0, 0.0, 0.0, 0.0, -1.0002604, -1.0, 0.0, 0.0, -0.100013025, 0.0]
899328506444800|5888|-0.5,-3.940663268332713,-20.5|[-2.0, -2.0, -2.0, 3.0, 3.0, 3.0]|[1.0, 0.0, 0.0, 0.0, 0.0, 0.9855228, 0.16954261, 0.0, 0.0, -0.16954261, 0.9855228, 0.0, -0.5, -0.40798998, -20.971329, 1.0]|[0.7857328, 0.0, 0.0, 0.0, 0.0, 1.2571725, 0.0, 0.0, 0.0, 0.0, -1.0002604, -1.0, 0.0, 0.0, -0.100013025, 0.0]
899328624318000|5888|-0.5,-3.940663268332713,-20.5|[-2.0, -2.0, -2.0, 3.0, 3.0, 3.0]|[1.0, 0.0, 0.0, 0.0, 0.0, 0.9855228, 0.16954261, 0.0, 0.0, -0.16954261, 0.9855228, 0.0, -0.5, -0.40798998, -20.971329, 1.0]|[0.7857328, 0.0, 0.0, 0.0, 0.0, 1.2571725, 0.0, 0.0, 0.0, 0.0, -1.0002604, -1.0, 0.0, 0.0, -0.100013025, 0.0]
899328724354800|5888|39.5,-2.940663268332713,-20.5|[-16.0, -16.0, -16.0, 17.0, 17.0, 17.0]|[1.0, 0.0, 0.0, 0.0, 0.0, 0.9855228, 0.16954261, 0.0, 0.0, -0.16954261, 0.9855228, 0.0, 39.5, 0.57753277, -20.801786, 1.0]|[0.7857328, 0.0, 0.0, 0.0, 0.0, 1.2571725, 0.0, 0.0, 0.0, 0.0, -1.0002604, -1.0, 0.0, 0.0, -0.100013025, 0.0]
899328839330000|5888|-0.5,-3.940663268332713,-20.5|[-2.0, -2.0, -2.0, 3.0, 3.0, 3.0]|[1.0, 0.0, 0.0, 0.0, 0.0, 0.9855228, 0.16954261, 0.0, 0.0, -0.16954261, 0.9855228, 0.0, -0.5, -0.40798998, -20.971329, 1.0]|[0.7857328, 0.0, 0.0, 0.0, 0.0, 1.2571725, 0.0, 0.0, 0.0, 0.0, -1.0002604, -1.0, 0.0, 0.0, -0.100013025, 0.0]
899328940453800|5888|-0.5,-3.940663268332713,-20.5|[-2.0, -2.0, -2.0, 3.0, 3.0, 3.0]|[1.0, 0.0, 0.0, 0.0, 0.0, 0.9855228, 0.16954261, 0.0, 0.0, -0.16954261, 0.9855228, 0.0, -0.5, -0.40798998, -20.971329, 1.0]|[0.7857328, 0.0, 0.0, 0.0, 0.0, 1.2571725, 0.0, 0.0, 0.0, 0.0, -1.0002604, -1.0, 0.0, 0.0, -0.100013025, 0.0]
899329055956600|5888|-0.5,-3.940663268332713,-20.5|[-2.0, -2.0, -2.0, 3.0, 3.0, 3.0]|[1.0, 0.0, 0.0, 0.0, 0.0, 0.9855228, 0.16954261, 0.0, 0.0, -0.16954261, 0.9855228, 0.0, -0.5, -0.40798998, -20.971329, 1.0]|[0.7857328, 0.0, 0.0, 0.0, 0.0, 1.2571725, 0.0, 0.0, 0.0, 0.0, -1.0002604, -1.0, 0.0, 0.0, -0.100013025, 0.0]
899329156215300|5888|-0.5,-3.940663268332713,-20.5|[-2.0, -2.0, -2.0, 3.0, 3.0, 3.0]|[1.0, 0.0, 0.0, 0.0, 0.0, 0.9855228, 0.16954261, 0.0, 0.0, -0.16954261, 0.9855228, 0.0, -0.5, -0.40798998, -20.971329, 1.0]|[0.7857328, 0.0, 0.0, 0.0, 0.0, 1.2571725, 0.0, 0.0, 0.0, 0.0, -1.0002604, -1.0, 0.0, 0.0, -0.100013025, 0.0]
899329256333000|5888|-0.5,-3.940663268332713,-20.5|[-2.0, -2.0, -2.0, 3.0, 3.0, 3.0]|[1.0, 0.0, 0.0, 0.0, 0.0, 0.9855228, 0.16954261, 0.0, 0.0, -0.16954261, 0.9855228, 0.0, -0.5, -0.40798998, -20.971329, 1.0]|[0.7857328, 0.0, 0.0, 0.0, 0.0, 1.2571725, 0.0, 0.0, 0.0, 0.0, -1.0002604, -1.0, 0.0, 0.0, -0.100013025, 0.0]
899329357787200|5888|-0.5,-3.940663268332713,-20.5|[-2.0, -2.0, -2.0, 3.0, 3.0, 3.0]|[1.0, 0.0, 0.0, 0.0, 0.0, 0.9855228, 0.16954261, 0.0, 0.0, -0.16954261, 0.9855228, 0.0, -0.5, -0.40798998, -20.971329, 1.0]|[0.7857328, 0.0, 0.0, 0.0, 0.0, 1.2571725, 0.0, 0.0, 0.0, 0.0, -1.0002604, -1.0, 0.0, 0.0, -0.100013025, 0.0]
899329474887400|5888|-0.5,-3.940663268332713,-20.5|[-2.0, -2.0, -2.0, 3.0, 3.0, 3.0]|[1.0, 0.0, 0.0, 0.0, 0.0, 0.9855228, 0.16954261, 0.0, 0.0, -0.16954261, 0.9855228, 0.0, -0.5, -0.40798998, -20.971329, 1.0]|[0.7857328, 0.0, 0.0, 0.0, 0.0, 1.2571725, 0.0, 0.0, 0.0, 0.0, -1.0002604, -1.0, 0.0, 0.0, -0.100013025, 0.0]
899329589719000|5888|-0.5,-3.940663268332713,-20.5|[-2.0, -2.0, -2.0, 3.0, 3.0, 3.0]|[1.0, 0.0, 0.0, 0.0, 0.0, 0.9855228, 0.16954261, 0.0, 0.0, -0.16954261, 0.9855228, 0.0, -0.5, -0.40798998, -20.971329, 1.0]|[0.7857328, 0.0, 0.0, 0.0, 0.0, 1.2571725, 0.0, 0.0, 0.0, 0.0, -1.0002604, -1.0, 0.0, 0.0, -0.100013025, 0.0]
899329705816600|5888|-0.5,-3.940663268332713,-20.5|[-2.0, -2.0, -2.0, 3.0, 3.0, 3.0]|[1.0, 0.0, 0.0, 0.0, 0.0, 0.9855228, 0.16954261, 0.0, 0.0, -0.16954261, 0.9855228, 0.0, -0.5, -0.40798998, -20.971329, 1.0]|[0.7857328, 0.0, 0.0, 0.0, 0.0, 1.2571725, 0.0, 0.0, 0.0, 0.0, -1.0002604, -1.0, 0.0, 0.0, -0.100013025, 0.0]
899329806486300|5888|-0.5,-3.940663268332713,-20.5|[-2.0, -2.0, -2.0, 3.0, 3.0, 3.0]|[1.0, 0.0, 0.0, 0.0, 0.0, 0.9855228, 0.16954261, 0.0, 0.0, -0.16954261, 0.9855228, 0.0, -0.5, -0.40798998, -20.971329, 1.0]|[0.7857328, 0.0, 0.0, 0.0, 0.0, 1.2571725, 0.0, 0.0, 0.0, 0.0, -1.0002604, -1.0, 0.0, 0.0, -0.100013025, 0.0]
899329906885500|5888|-0.5,-3.940663268332713,-20.5|[-2.0, -2.0, -2.0, 3.0, 3.0, 3.0]|[1.0, 0.0, 0.0, 0.0, 0.0, 0.9855228, 0.16954261, 0.0, 0.0, -0.16954261, 0.9855228, 0.0, -0.5, -0.40798998, -20.971329, 1.0]|[0.7857328, 0.0, 0.0, 0.0, 0.0, 1.2571725, 0.0, 0.0, 0.0, 0.0, -1.0002604, -1.0, 0.0, 0.0, -0.100013025, 0.0]
899330024627400|5888|-0.5,-3.940663268332713,-20.5|[-2.0, -2.0, -2.0, 3.0, 3.0, 3.0]|[1.0, 0.0, 0.0, 0.0, 0.0, 0.9855228, 0.16954261, 0.0, 0.0, -0.16954261, 0.9855228, 0.0, -0.5, -0.40798998, -20.971329, 1.0]|[0.7857328, 0.0, 0.0, 0.0, 0.0, 1.2571725, 0.0, 0.0, 0.0, 0.0, -1.0002604, -1.0, 0.0, 0.0, -0.100013025, 0.0]
899330140588200|5888|-0.5,-3.940663268332713,-20.5|[-2.0, -2.0, -2.0, 3.0, 3.0, 3.0]|[1.0, 0.0, 0.0, 0.0, 0.0, 0.9855228, 0.16954261, 0.0, 0.0, -0.16954261, 0.9855228, 0.0, -0.5, -0.40798998, -20.971329, 1.0]|[0.7857328, 0.0, 0.0, 0.0, 0.0, 1.2571725, 0.0, 0.0, 0.0, 0.0, -1.0002604, -1.0, 0.0, 0.0, -0.100013025, 0.0]
899330256115300|5888|-0.5,-3.940663268332713,-20.5|[-2.0, -2.0, -2.0, 3.0, 3.0, 3.0]|[1.0, 0.0, 0.0, 0.0, 0.0, 0.9855228, 0.16954261, 0.0, 0.0, -0.16954261, 0.9855228, 0.0, -0.5, -0.40798998, -20.971329, 1.0]|[0.7857328, 0.0, 0.0, 0.0, 0.0, 1.2571725, 0.0, 0.0, 0.0, 0.0, -1.0002604, -1.0, 0.0, 0.0, -0.100013025, 0.0]
899330356324100|5888|-0.5,-3.940663268332713,-20.5|[-2.0, -2.0, -2.0, 3.0, 3.0, 3.0]|[1.0, 0.0, 0.0, 0.0, 0.0, 0.9855228, 0.16954261, 0.0, 0.0, -0.16954261, 0.9855228, 0.0, -0.5, -0.40798998, -20.971329, 1.0]|[0.7857328, 0.0, 0.0, 0.0, 0.0, 1.2571725, 0.0, 0.0, 0.0, 0.0, -1.0002604, -1.0, 0.0, 0.0, -0.100013025, 0.0]
899330473653400|5888|-0.5,-3.940663268332713,-20.5|[-2.0, -2.0, -2.0, 3.0, 3.0, 3.0]|[1.0, 0.0, 0.0, 0.0, 0.0, 0.9855228, 0.16954261, 0.0, 0.0, -0.16954261, 0.9855228, 0.0, -0.5, -0.40798998, -20.971329, 1.0]|[0.7857328, 0.0, 0.0, 0.0, 0.0, 1.2571725, 0.0, 0.0, 0.0, 0.0, -1.0002604, -1.0, 0.0, 0.0, -0.100013025, 0.0]
899330573673800|5888|-0.5,-3.940663268332713,-20.5|[-2.0, -2.0, -2.0, 3.0, 3.0, 3.0]|[1.0, 0.0, 0.0, 0.0, 0.0, 0.9855228, 0.16954261, 0.0, 0.0, -0.16954261, 0.9855228, 0.0, -0.5, -0.40798998, -20.971329, 1.0]|[0.7857328, 0.0, 0.0, 0.0, 0.0, 1.2571725, 0.0, 0.0, 0.0, 0.0, -1.0002604, -1.0, 0.0, 0.0, -0.100013025, 0.0]
899330673759900|5888|-0.5,-3.940663268332713,-20.5|[-2.0, -2.0, -2.0, 3.0, 3.0, 3.0]|[1.0, 0.0, 0.0, 0.0, 0.0, 0.9855228, 0.16954261, 0.0, 0.0, -0.16954261, 0.9855228, 0.0, -0.5, -0.40798998, -20.971329, 1.0]|[0.7857328, 0.0, 0.0, 0.0, 0.0, 1.2571725, 0.0, 0.0, 0.0, 0.0, -1.0002604, -1.0, 0.0, 0.0, -0.100013025, 0.0]
899330774485700|5888|-0.5,-3.940663268332713,-20.5|[-2.0, -2.0, -2.0, 3.0, 3.0, 3.0]|[1.0, 0.0, 0.0, 0.0, 0.0, 0.9855228, 0.16954261, 0.0, 0.0, -0.16954261, 0.9855228, 0.0, -0.5, -0.40798998, -20.971329, 1.0]|[0.7857328, 0.0, 0.0, 0.0, 0.0, 1.2571725, 0.0, 0.0, 0.0, 0.0, -1.0002604, -1.0, 0.0, 0.0, -0.100013025, 0.0]
899330889314900|5888|-0.5,-3.940663268332713,-20.5|[-2.0, -2.0, -2.0, 3.0, 3.0, 3.0]|[1.0, 0.0, 0.0, 0.0, 0.0, 0.9855228, 0.16954261, 0.0, 0.0, -0.16954261, 0.9855228, 0.0, -0.5, -0.40798998, -20.971329, 1.0]|[0.7857328, 0.0, 0.0, 0.0, 0.0, 1.2571725, 0.0, 0.0, 0.0, 0.0, -1.0002604, -1.0, 0.0, 0.0, -0.100013025, 0.0]
899330989645700|5888|-0.5,-3.940663268332713,-20.5|[-2.0, -2.0, -2.0, 3.0, 3.0, 3.0]|[1.0, 0.0, 0.0, 0.0, 0.0, 0.9855228, 0.16954261, 0.0, 0.0, -0.16954261, 0.9855228, 0.0, -0.5, -0.40798998, -20.971329, 1.0]|[0.7857328, 0.0, 0.0, 0.0, 0.0, 1.2571725, 0.0, 0.0, 0.0, 0.0, -1.0002604, -1.0, 0.0, 0.0, -0.100013025, 0.0]
899331105590600|5888|-0.5,-3.940663268332713,-20.5|[-2.0, -2.0, -2.0, 3.0, 3.0, 3.0]|[1.0, 0.0, 0.0, 0.0, 0.0, 0.9855228, 0.16954261, 0.0, 0.0, -0.16954261, 0.9855228, 0.0, -0.5, -0.40798998, -20.971329, 1.0]|[0.7857328, 0.0, 0.0, 0.0, 0.0, 1.2571725, 0.0, 0.0, 0.0, 0.0, -1.0002604, -1.0, 0.0, 0.0, -0.100013025, 0.0]
899331205749800|5888|-0.5,-3.940663268332713,-20.5|[-2.0, -2.0, -2.0, 3.0, 3.0, 3.0]|[1.0, 0.0, 0.0, 0.0, 0.0, 0.9855228, 0.16954261, 0.0, 0.0, -0.16954261, 0.9855228, 0.0, -0.5, -0.40798998, -20.971329, 1.0]|[0.7857328, 0.0, 0.0, 0.0, 0.0, 1.2571725, 0.0, 0.0, 0.0, 0.0, -1.0002604, -1.0, 0.0, 0.0, -0.100013025, 0.0]
899331306933100|5888|-0.5,-3.940663268332713,-20.5|[-2.0, -2.0, -2.0, 3.0, 3.0, 3.0]|[1.0, 0.0, 0.0, 0.0, 0.0, 0.9855228, 0.16954261, 0.0, 0.0, -0.16954261, 0.9855228, 0.0, -0.5, -0.40798998, -20.971329, 1.0]|[0.7857328, 0.0, 0.0, 0.0, 0.0, 1.2571725, 0.0, 0.0, 0.0, 0.0, -1.0002604, -1.0, 0.0, 0.0, -0.100013025, 0.0]
899331407146100|5888|-0.5,-3.940663268332713,-20.5|[-2.0, -2.0, -2.0, 3.0, 3.0, 3.0]|[1.0, 0.0, 0.0, 0.0, 0.0, 0.9855228, 0.16954261, 0.0, 0.0, -0.16954261, 0.9855228, 0.0, -0.5, -0.40798998, -20.971329, 1.0]|[0.7857328, 0.0, 0.0, 0.0, 0.0, 1.2571725, 0.0, 0.0, 0.0, 0.0, -1.0002604, -1.0, 0.0, 0.0, -0.100013025, 0.0]
899331523489200|5888|-0.5,-3.940663268332713,-20.5|[-2.0, -2.0, -2.0, 3.0, 3.0, 3.0]|[1.0, 0.0, 0.0, 0.0, 0.0, 0.9855228, 0.16954261, 0.0, 0.0, -0.16954261, 0.9855228, 0.0, -0.5, -0.40798998, -20.971329, 1.0]|[0.7857328, 0.0, 0.0, 0.0, 0.0, 1.2571725, 0.0, 0.0, 0.0, 0.0, -1.0002604, -1.0, 0.0, 0.0, -0.100013025, 0.0]
899331623581800|5888|-0.5,-3.940663268332713,-20.5|[-2.0, -2.0, -2.0, 3.0, 3.0, 3.0]|[1.0, 0.0, 0.0, 0.0, 0.0, 0.9855228, 0.16954261, 0.0, 0.0, -0.16954261, 0.9855228, 0.0, -0.5, -0.40798998, -20.971329, 1.0]|[0.7857328, 0.0, 0.0, 0.0, 0.0, 1.2571725, 0.0, 0.0, 0.0, 0.0, -1.0002604, -1.0, 0.0, 0.0, -0.100013025, 0.0]
899331738875900|5888|-0.5,-3.940663268332713,-20.5|[-2.0, -2.0, -2.0, 3.0, 3.0, 3.0]|[1.0, 0.0, 0.0, 0.0, 0.0, 0.9855228, 0.16954261, 0.0, 0.0, -0.16954261, 0.9855228, 0.0, -0.5, -0.40798998, -20.971329, 1.0]|[0.7857328, 0.0, 0.0, 0.0, 0.0, 1.2571725, 0.0, 0.0, 0.0, 0.0, -1.0002604, -1.0, 0.0, 0.0, -0.100013025, 0.0]
899331839745200|5888|-0.5,-3.940663268332713,-20.5|[-2.0, -2.0, -2.0, 3.0, 3.0, 3.0]|[1.0, 0.0, 0.0, 0.0, 0.0, 0.9855228, 0.16954261, 0.0, 0.0, -0.16954261, 0.9855228, 0.0, -0.5, -0.40798998, -20.971329, 1.0]|[0.7857328, 0.0, 0.0, 0.0, 0.0, 1.2571725, 0.0, 0.0, 0.0, 0.0, -1.0002604, -1.0, 0.0, 0.0, -0.100013025, 0.0]
899331955647100|5888|-0.5,-3.940663268332713,-20.5|[-2.0, -2.0, -2.0, 3.0, 3.0, 3.0]|[1.0, 0.0, 0.0, 0.0, 0.0, 0.9855228, 0.16954261, 0.0, 0.0, -0.16954261, 0.9855228, 0.0, -0.5, -0.40798998, -20.971329, 1.0]|[0.7857328, 0.0, 0.0, 0.0, 0.0, 1.2571725, 0.0, 0.0, 0.0, 0.0, -1.0002604, -1.0, 0.0, 0.0, -0.100013025, 0.0]
899332056552300|5888|-0.5,-3.940663268332713,-20.5|[-2.0, -2.0, -2.0, 3.0, 3.0, 3.0]|[1.0, 0.0, 0.0, 0.0, 0.0, 0.9855228, 0.16954261, 0.0, 0.0, -0.16954261, 0.9855228, 0.0, -0.5, -0.40798998, -20.971329, 1.0]|[0.7857328, 0.0, 0.0, 0.0, 0.0, 1.2571725, 0.0, 0.0, 0.0, 0.0, -1.0002604, -1.0, 0.0, 0.0, -0.100013025, 0.0]
899332173159400|5888|-0.5,-3.940663268332713,-20.5|[-2.0, -2.0, -2.0, 3.0, 3.0, 3.0]|[1.0, 0.0, 0.0, 0.0, 0.0, 0.9855228, 0.16954261, 0.0, 0.0, -0.16954261, 0.9855228, 0.0, -0.5, -0.40798998, -20.971329, 1.0]|[0.7857328, 0.0, 0.0, 0.0, 0.0, 1.2571725, 0.0, 0.0, 0.0, 0.0, -1.0002604, -1.0, 0.0, 0.0, -0.100013025, 0.0]
899332273874700|5888|-0.5,-3.940663268332713,-20.5|[-2.0, -2.0, -2.0, 3.0, 3.0, 3.0]|[1.0, 0.0, 0.0, 0.0, 0.0, 0.9855228, 0.16954261, 0.0, 0.0, -0.16954261, 0.9855228, 0.0, -0.5, -0.40798998, -20.971329, 1.0]|[0.7857328, 0.0, 0.0, 0.0, 0.0, 1.2571725, 0.0, 0.0, 0.0, 0.0, -1.0002604, -1.0, 0.0, 0.0, -0.100013025, 0.0]
899332389149000|5888|-0.5,-3.940663268332713,-20.5|[-2.0, -2.0, -2.0, 3.0, 3.0, 3.0]|[1.0, 0.0, 0.0, 0.0, 0.0, 0.9855228, 0.16954261, 0.0, 0.0, -0.16954261, 0.9855228, 0.0, -0.5, -0.40798998, -20.971329, 1.0]|[0.7857328, 0.0, 0.0, 0.0, 0.0, 1.2571725, 0.0, 0.0, 0.0, 0.0, -1.0002604, -1.0, 0.0, 0.0, -0.100013025, 0.0]
899332490330800|5888|-0.5,-3.940663268332713,-20.5|[-2.0, -2.0, -2.0, 3.0, 3.0, 3.0]|[1.0, 0.0, 0.0, 0.0, 0.0, 0.9855228, 0.16954261, 0.0, 0.0, -0.16954261, 0.9855228, 0.0, -0.5, -0.40798998, -20.971329, 1.0]|[0.7857328, 0.0, 0.0, 0.0, 0.0, 1.2571725, 0.0, 0.0, 0.0, 0.0, -1.0002604, -1.0, 0.0, 0.0, -0.100013025, 0.0]
899332605447600|5888|-0.5,-3.940663268332713,-20.5|[-2.0, -2.0, -2.0, 3.0, 3.0, 3.0]|[1.0, 0.0, 0.0, 0.0, 0.0, 0.9855228, 0.16954261, 0.0, 0.0, -0.16954261, 0.9855228, 0.0, -0.5, -0.40798998, -20.971329, 1.0]|[0.7857328, 0.0, 0.0, 0.0, 0.0, 1.2571725, 0.0, 0.0, 0.0, 0.0, -1.0002604, -1.0, 0.0, 0.0, -0.100013025, 0.0]
899332705968300|5888|-0.5,-3.940663268332713,-20.5|[-2.0, -2.0, -2.0, 3.0, 3.0, 3.0]|[1.0, 0.0, 0.0, 0.0, 0.0, 0.9855228, 0.16954261, 0.0, 0.0, -0.16954261, 0.9855228, 0.0, -0.5, -0.40798998, -20.971329, 1.0]|[0.7857328, 0.0, 0.0, 0.0, 0.0, 1.2571725, 0.0, 0.0, 0.0, 0.0, -1.0002604, -1.0, 0.0, 0.0, -0.100013025, 0.0]
899332824800300|5888|-0.5,-3.940663268332713,-20.5|[-2.0, -2.0, -2.0, 3.0, 3.0, 3.0]|[1.0, 0.0, 0.0, 0.0, 0.0, 0.9855228, 0.16954261, 0.0, 0.0, -0.16954261, 0.9855228, 0.0, -0.5, -0.40798998, -20.971329, 1.0]|[0.7857328, 0.0, 0.0, 0.0, 0.0, 1.2571725, 0.0, 0.0, 0.0, 0.0, -1.0002604, -1.0, 0.0, 0.0, -0.100013025, 0.0]
899332940073100|5888|-0.5,-3.940663268332713,-20.5|[-2.0, -2.0, -2.0, 3.0, 3.0, 3.0]|[1.0, 0.0, 0.0, 0.0, 0.0, 0.9855228, 0.16954261, 0.0, 0.0, -0.16954261, 0.9855228, 0.0, -0.5, -0.40798998, -20.971329, 1.0]|[0.7857328, 0.0, 0.0, 0.0, 0.0, 1.2571725, 0.0, 0.0, 0.0, 0.0, -1.0002604, -1.0, 0.0, 0.0, -0.100013025, 0.0]
899333055453400|5888|-0.5,-3.940663268332713,-20.5|[-2.0, -2.0, -2.0, 3.0, 3.0, 3.0]|[1.0, 0.0, 0.0, 0.0, 0.0, 0.9855228, 0.16954261, 0.0, 0.0, -0.16954261, 0.9855228, 0.0, -0.5, -0.40798998, -20.971329, 1.0]|[0.7857328, 0.0, 0.0, 0.0, 0.0, 1.2571725, 0.0, 0.0, 0.0, 0.0, -1.0002604, -1.0, 0.0, 0.0, -0.100013025, 0.0]
899333156833200|5888|-0.5,-3.940663268332713,-20.5|[-2.0, -2.0, -2.0, 3.0, 3.0, 3.0]|[1.0, 0.0, 0.0, 0.0, 0.0, 0.9855228, 0.16954261, 0.0, 0.0, -0.16954261, 0.9855228, 0.0, -0.5, -0.40798998, -20.971329, 1.0]|[0.7857328, 0.0, 0.0, 0.0, 0.0, 1.2571725, 0.0, 0.0, 0.0, 0.0, -1.0002604, -1.0, 0.0, 0.0, -0.100013025, 0.0]
899333272943700|5888|-0.5,-3.940663268332713,-20.5|[-2.0, -2.0, -2.0, 3.0, 3.0, 3.0]|[1.0, 0.0, 0.0, 0.0, 0.0, 0.9855228, 0.16954261, 0.0, 0.0, -0.16954261, 0.9855228, 0.0, -0.5, -0.40798998, -20.971329, 1.0]|[0.7857328, 0.0, 0.0, 0.0, 0.0, 1.2571725, 0.0, 0.0, 0.0, 0.0, -1.0002604, -1.0, 0.0, 0.0, -0.100013025, 0.0]
899333373796300|5888|-0.5,-3.940663268332713,-20.5|[-2.0, -2.0, -2.0, 3.0, 3.0, 3.0]|[1.0, 0.0, 0.0, 0.0, 0.0, 0.9855228, 0.16954261, 0.0, 0.0, -0.16954261, 0.9855228, 0.0, -0.5, -0.40798998, -20.971329, 1.0]|[0.7857328, 0.0, 0.0, 0.0, 0.0, 1.2571725, 0.0, 0.0, 0.0, 0.0, -1.0002604, -1.0, 0.0, 0.0, -0.100013025, 0.0]
899333489129500|5888|-0.5,-3.940663268332713,-20.5|[-2.0, -2.0, -2.0, 3.0, 3.0, 3.0]|[1.0, 0.0, 0.0, 0.0, 0.0, 0.9855228, 0.16954261, 0.0, 0.0, -0.16954261, 0.9855228, 0.0, -0.5, -0.40798998, -20.971329, 1.0]|[0.7857328, 0.0, 0.0, 0.0, 0.0, 1.2571725, 0.0, 0.0, 0.0, 0.0, -1.0002604, -1.0, 0.0, 0.0, -0.100013025, 0.0]
899333589771100|5888|-0.5,-3.940663268332713,-20.5|[-2.0, -2.0, -2.0, 3.0, 3.0, 3.0]|[1.0, 0.0, 0.0, 0.0, 0.0, 0.9855228, 0.16954261, 0.0, 0.0, -0.16954261, 0.9855228, 0.0, -0.5, -0.40798998, -20.971329, 1.0]|[0.7857328, 0.0, 0.0, 0.0, 0.0, 1.2571725, 0.0, 0.0, 0.0, 0.0, -1.0002604, -1.0, 0.0, 0.0, -0.100013025, 0.0]
899333705388900|5888|-0.5,-3.940663268332713,-20.5|[-2.0, -2.0, -2.0, 3.0, 3.0, 3.0]|[1.0, 0.0, 0.0, 0.0, 0.0, 0.9855228, 0.16954261, 0.0, 0.0, -0.16954261, 0.9855228, 0.0, -0.5, -0.40798998, -20.971329, 1.0]|[0.7857328, 0.0, 0.0, 0.0, 0.0, 1.2571725, 0.0, 0.0, 0.0, 0.0, -1.0002604, -1.0, 0.0, 0.0, -0.100013025, 0.0]
899333805599900|5888|-0.5,-3.940663268332713,-20.5|[-2.0, -2.0, -2.0, 3.0, 3.0, 3.0]|[1.0, 0.0, 0.0, 0.0, 0.0, 0.9855228, 0.16954261, 0.0, 0.0, -0.16954261, 0.9855228, 0.0, -0.5, -0.40798998, -20.971329, 1.0]|[0.7857328, 0.0, 0.0, 0.0, 0.0, 1.2571725, 0.0, 0.0, 0.0, 0.0, -1.0002604, -1.0, 0.0, 0.0, -0.100013025, 0.0]
899333922962100|5888|-0.5,-3.940663268332713,-20.5|[-2.0, -2.0, -2.0, 3.0, 3.0, 3.0]|[1.0, 0.0, 0.0, 0.0, 0.0, 0.9855228, 0.16954261, 0.0, 0.0, -0.16954261, 0.9855228, 0.0, -0.5, -0.40798998, -20.971329, 1.0]|[0.7857328, 0.0, 0.0, 0.0, 0.0, 1.2571725, 0.0, 0.0, 0.0, 0.0, -1.0002604, -1.0, 0.0, 0.0, -0.100013025, 0.0]
899334023832900|5888|-0.5,-3.940663268332713,-20.5|[-2.0, -2.0, -2.0, 3.0, 3.0, 3.0]|[1.0, 0.0, 0.0, 0.0, 0.0, 0.9855228, 0.16954261, 0.0, 0.0, -0.16954261, 0.9855228, 0.0, -0.5, -0.40798998, -20.971329, 1.0]|[0.7857328, 0.0, 0.0, 0.0, 0.0, 1.2571725, 0.0, 0.0, 0.0, 0.0, -1.0002604, -1.0, 0.0, 0.0, -0.100013025, 0.0]
899334139521100|5888|-0.5,-3.940663268332713,-20.5|[-2.0, -2.0, -2.0, 3.0, 3.0, 3.0]|[1.0, 0.0, 0.0, 0.0, 0.0, 0.9855228, 0.16954261, 0.0, 0.0, -0.16954261, 0.9855228, 0.0, -0.5, -0.40798998, -20.971329, 1.0]|[0.7857328, 0.0, 0.0, 0.0, 0.0, 1.2571725, 0.0, 0.0, 0.0, 0.0, -1.0002604, -1.0, 0.0, 0.0, -0.100013025, 0.0]
899334255540400|5888|-0.5,-3.940663268332713,-20.5|[-2.0, -2.0, -2.0, 3.0, 3.0, 3.0]|[1.0, 0.0, 0.0, 0.0, 0.0, 0.9855228, 0.16954261, 0.0, 0.0, -0.16954261, 0.9855228, 0.0, -0.5, -0.40798998, -20.971329, 1.0]|[0.7857328, 0.0, 0.0, 0.0, 0.0, 1.2571725, 0.0, 0.0, 0.0, 0.0, -1.0002604, -1.0, 0.0, 0.0, -0.100013025, 0.0]
899334372657000|5888|-0.5,-3.940663268332713,-20.5|[-2.0, -2.0, -2.0, 3.0, 3.0, 3.0]|[1.0, 0.0, 0.0, 0.0, 0.0, 0.9855228, 0.16954261, 0.0, 0.0, -0.16954261, 0.9855228, 0.0, -0.5, -0.40798998, -20.971329, 1.0]|[0.7857328, 0.0, 0.0, 0.0, 0.0, 1.2571725, 0.0, 0.0, 0.0, 0.0, -1.0002604, -1.0, 0.0, 0.0, -0.100013025, 0.0]
899334472682300|5888|-0.5,-3.940663268332713,-20.5|[-2.0, -2.0, -2.0, 3.0, 3.0, 3.0]|[1.0, 0.0, 0.0, 0.0, 0.0, 0.9855228, 0.16954261, 0.0, 0.0, -0.16954261, 0.9855228, 0.0, -0.5, -0.40798998, -20.971329, 1.0]|[0.7857328, 0.0, 0.0, 0.0, 0.0, 1.2571725, 0.0, 0.0, 0.0, 0.0, -1.0002604, -1.0, 0.0, 0.0, -0.100013025, 0.0]
899334573318500|5888|-0.5,-3.940663268332713,-20.5|[-2.0, -2.0, -2.0, 3.0, 3.0, 3.0]|[1.0, 0.0, 0.0, 0.0, 0.0, 0.9855228, 0.16954261, 0.0, 0.0, -0.16954261, 0.9855228, 0.0, -0.5, -0.40798998, -20.971329, 1.0]|[0.7857328, 0.0, 0.0, 0.0, 0.0, 1.2571725, 0.0, 0.0, 0.0, 0.0, -1.0002604, -1.0, 0.0, 0.0, -0.100013025, 0.0]
899334689408800|5888|-0.5,-3.940663268332713,-20.5|[-2.0, -2.0, -2.0, 3.0, 3.0, 3.0]|[1.0, 0.0, 0.0, 0.0, 0.0, 0.9855228, 0.16954261, 0.0, 0.0, -0.16954261, 0.9855228, 0.0, -0.5, -0.40798998, -20.971329, 1.0]|[0.7857328, 0.0, 0.0, 0.0, 0.0, 1.2571725, 0.0, 0.0, 0.0, 0.0, -1.0002604, -1.0, 0.0, 0.0, -0.100013025, 0.0]
899334805543400|5888|-0.5,-3.940663268332713,-20.5|[-2.0, -2.0, -2.0, 3.0, 3.0, 3.0]|[1.0, 0.0, 0.0, 0.0, 0.0, 0.9855228, 0.16954261, 0.0, 0.0, -0.16954261, 0.9855228, 0.0, -0.5, -0.40798998, -20.971329, 1.0]|[0.7857328, 0.0, 0.0, 0.0, 0.0, 1.2571725, 0.0, 0.0, 0.0, 0.0, -1.0002604, -1.0, 0.0, 0.0, -0.100013025, 0.0]
899334906112900|5888|-0.5,-3.940663268332713,-20.5|[-2.0, -2.0, -2.0, 3.0, 3.0, 3.0]|[1.0, 0.0, 0.0, 0.0, 0.0, 0.9855228, 0.16954261, 0.0, 0.0, -0.16954261, 0.9855228, 0.0, -0.5, -0.40798998, -20.971329, 1.0]|[0.7857328, 0.0, 0.0, 0.0, 0.0, 1.2571725, 0.0, 0.0, 0.0, 0.0, -1.0002604, -1.0, 0.0, 0.0, -0.100013025, 0.0]
899335022805100|5888|-0.5,-3.940663268332713,-20.5|[-2.0, -2.0, -2.0, 3.0, 3.0, 3.0]|[1.0, 0.0, 0.0, 0.0, 0.0, 0.9855228, 0.16954261, 0.0, 0.0, -0.16954261, 0.9855228, 0.0, -0.5, -0.40798998, -20.971329, 1.0]|[0.7857328, 0.0, 0.0, 0.0, 0.0, 1.2571725, 0.0, 0.0, 0.0, 0.0, -1.0002604, -1.0, 0.0, 0.0, -0.100013025, 0.0]
899335123381900|5888|-0.5,-3.940663268332713,-20.5|[-2.0, -2.0, -2.0, 3.0, 3.0, 3.0]|[1.0, 0.0, 0.0, 0.0, 0.0, 0.9855228, 0.16954261, 0.0, 0.0, -0.16954261, 0.9855228, 0.0, -0.5, -0.40798998, -20.971329, 1.0]|[0.7857328, 0.0, 0.0, 0.0, 0.0, 1.2571725, 0.0, 0.0, 0.0, 0.0, -1.0002604, -1.0, 0.0, 0.0, -0.100013025, 0.0]
899335238818600|5888|-0.5,-3.940663268332713,-20.5|[-2.0, -2.0, -2.0, 3.0, 3.0, 3.0]|[1.0, 0.0, 0.0, 0.0, 0.0, 0.9855228, 0.16954261, 0.0, 0.0, -0.16954261, 0.9855228, 0.0, -0.5, -0.40798998, -20.971329, 1.0]|[0.7857328, 0.0, 0.0, 0.0, 0.0, 1.2571725, 0.0, 0.0, 0.0, 0.0, -1.0002604, -1.0, 0.0, 0.0, -0.100013025, 0.0]
899335338959900|5888|-0.5,-3.940663268332713,-20.5|[-2.0, -2.0, -2.0, 3.0, 3.0, 3.0]|[1.0, 0.0, 0.0, 0.0, 0.0, 0.9855228, 0.16954261, 0.0, 0.0, -0.16954261, 0.9855228, 0.0, -0.5, -0.40798998, -20.971329, 1.0]|[0.7857328, 0.0, 0.0, 0.0, 0.0, 1.2571725, 0.0, 0.0, 0.0, 0.0, -1.0002604, -1.0, 0.0, 0.0, -0.100013025, 0.0]
899335439526700|5888|-0.5,-3.940663268332713,-20.5|[-2.0, -2.0, -2.0, 3.0, 3.0, 3.0]|[1.0, 0.0, 0.0, 0.0, 0.0, 0.9855228, 0.16954261, 0.0, 0.0, -0.16954261, 0.9855228, 0.0, -0.5, -0.40798998, -20.971329, 1.0]|[0.7857328, 0.0, 0.0, 0.0, 0.0, 1.2571725, 0.0, 0.0, 0.0, 0.0, -1.0002604, -1.0, 0.0, 0.0, -0.100013025, 0.0]
899335540170400|5888|-0.5,-3.940663268332713,-20.5|[-2.0, -2.0, -2.0, 3.0, 3.0, 3.0]|[1.0, 0.0, 0.0, 0.0, 0.0, 0.9855228, 0.16954261, 0.0, 0.0, -0.16954261, 0.9855228, 0.0, -0.5, -0.40798998, -20.971329, 1.0]|[0.7857328, 0.0, 0.0, 0.0, 0.0, 1.2571725, 0.0, 0.0, 0.0, 0.0, -1.0002604, -1.0, 0.0, 0.0, -0.100013025, 0.0]
899335655305900|5888|-0.5,-3.940663268332713,-20.5|[-2.0, -2.0, -2.0, 3.0, 3.0, 3.0]|[1.0, 0.0, 0.0, 0.0, 0.0, 0.9855228, 0.16954261, 0.0, 0.0, -0.16954261, 0.9855228, 0.0, -0.5, -0.40798998, -20.971329, 1.0]|[0.7857328, 0.0, 0.0, 0.0, 0.0, 1.2571725, 0.0, 0.0, 0.0, 0.0, -1.0002604, -1.0, 0.0, 0.0, -0.100013025, 0.0]
899335755344100|5888|-0.5,-3.940663268332713,-20.5|[-2.0, -2.0, -2.0, 3.0, 3.0, 3.0]|[1.0, 0.0, 0.0, 0.0, 0.0, 0.9855228, 0.16954261, 0.0, 0.0, -0.16954261, 0.9855228, 0.0, -0.5, -0.40798998, -20.971329, 1.0]|[0.7857328, 0.0, 0.0, 0.0, 0.0, 1.2571725, 0.0, 0.0, 0.0, 0.0, -1.0002604, -1.0, 0.0, 0.0, -0.100013025, 0.0]
899335873170800|5888|-0.5,-3.940663268332713,-20.5|[-2.0, -2.0, -2.0, 3.0, 3.0, 3.0]|[1.0, 0.0, 0.0, 0.0, 0.0, 0.9855228, 0.16954261, 0.0, 0.0, -0.16954261, 0.9855228, 0.0, -0.5, -0.40798998, -20.971329, 1.0]|[0.7857328, 0.0, 0.0, 0.0, 0.0, 1.2571725, 0.0, 0.0, 0.0, 0.0, -1.0002604, -1.0, 0.0, 0.0, -0.100013025, 0.0]
899335988374700|5888|-0.5,-3.940663268332713,-20.5|[-2.0, -2.0, -2.0, 3.0, 3.0, 3.0]|[1.0, 0.0, 0.0, 0.0, 0.0, 0.9855228, 0.16954261, 0.0, 0.0, -0.16954261, 0.9855228, 0.0, -0.5, -0.40798998, -20.971329, 1.0]|[0.7857328, 0.0, 0.0, 0.0, 0.0, 1.2571725, 0.0, 0.0, 0.0, 0.0, -1.0002604, -1.0, 0.0, 0.0, -0.100013025, 0.0]
899336088804600|5888|-0.5,-3.940663268332713,-20.5|[-2.0, -2.0, -2.0, 3.0, 3.0, 3.0]|[1.0, 0.0, 0.0, 0.0, 0.0, 0.9855228, 0.16954261, 0.0, 0.0, -0.16954261, 0.9855228, 0.0, -0.5, -0.40798998, -20.971329, 1.0]|[0.7857328, 0.0, 0.0, 0.0, 0.0, 1.2571725, 0.0, 0.0, 0.0, 0.0, -1.0002604, -1.0, 0.0, 0.0, -0.100013025, 0.0]
899336189347800|5888|-0.5,-3.940663268332713,-20.5|[-2.0, -2.0, -2.0, 3.0, 3.0, 3.0]|[1.0, 0.0, 0.0, 0.0, 0.0, 0.9855228, 0.16954261, 0.0, 0.0, -0.16954261, 0.9855228, 0.0, -0.5, -0.40798998, -20.971329, 1.0]|[0.7857328, 0.0, 0.0, 0.0, 0.0, 1.2571725, 0.0, 0.0, 0.0, 0.0, -1.0002604, -1.0, 0.0, 0.0, -0.100013025, 0.0]
899336289397900|5888|-0.5,-3.940663268332713,-20.5|[-2.0, -2.0, -2.0, 3.0, 3.0, 3.0]|[1.0, 0.0, 0.0, 0.0, 0.0, 0.9855228, 0.16954261, 0.0, 0.0, -0.16954261, 0.9855228, 0.0, -0.5, -0.40798998, -20.971329, 1.0]|[0.7857328, 0.0, 0.0, 0.0, 0.0, 1.2571725, 0.0, 0.0, 0.0, 0.0, -1.0002604, -1.0, 0.0, 0.0, -0.100013025, 0.0]
899336405792100|5888|-0.5,-3.940663268332713,-20.5|[-2.0, -2.0, -2.0, 3.0, 3.0, 3.0]|[1.0, 0.0, 0.0, 0.0, 0.0, 0.9855228, 0.16954261, 0.0, 0.0, -0.16954261, 0.9855228, 0.0, -0.5, -0.40798998, -20.971329, 1.0]|[0.7857328, 0.0, 0.0, 0.0, 0.0, 1.2571725, 0.0, 0.0, 0.0, 0.0, -1.0002604, -1.0, 0.0, 0.0, -0.100013025, 0.0]
899336506339800|5888|-0.5,-3.940663268332713,-20.5|[-2.0, -2.0, -2.0, 3.0, 3.0, 3.0]|[1.0, 0.0, 0.0, 0.0, 0.0, 0.9855228, 0.16954261, 0.0, 0.0, -0.16954261, 0.9855228, 0.0, -0.5, -0.40798998, -20.971329, 1.0]|[0.7857328, 0.0, 0.0, 0.0, 0.0, 1.2571725, 0.0, 0.0, 0.0, 0.0, -1.0002604, -1.0, 0.0, 0.0, -0.100013025, 0.0]
899336626936900|5888|-0.5,-3.940663268332713,-20.5|[-2.0, -2.0, -2.0, 3.0, 3.0, 3.0]|[1.0, 0.0, 0.0, 0.0, 0.0, 0.9855228, 0.16954261, 0.0, 0.0, -0.16954261, 0.9855228, 0.0, -0.5, -0.40798998, -20.971329, 1.0]|[0.7857328, 0.0, 0.0, 0.0, 0.0, 1.2571725, 0.0, 0.0, 0.0, 0.0, -1.0002604, -1.0, 0.0, 0.0, -0.100013025, 0.0]
899336738989100|5888|-0.5,-3.940663268332713,-20.5|[-2.0, -2.0, -2.0, 3.0, 3.0, 3.0]|[1.0, 0.0, 0.0, 0.0, 0.0, 0.9855228, 0.16954261, 0.0, 0.0, -0.16954261, 0.9855228, 0.0, -0.5, -0.40798998, -20.971329, 1.0]|[0.7857328, 0.0, 0.0, 0.0, 0.0, 1.2571725, 0.0, 0.0, 0.0, 0.0, -1.0002604, -1.0, 0.0, 0.0, -0.100013025, 0.0]
899336839344000|5888|-0.5,-3.940663268332713,-20.5|[-2.0, -2.0, -2.0, 3.0, 3.0, 3.0]|[1.0, 0.0, 0.0, 0.0, 0.0, 0.9855228, 0.16954261, 0.0, 0.0, -0.16954261, 0.9855228, 0.0, -0.5, -0.40798998, -20.971329, 1.0]|[0.7857328, 0.0, 0.0, 0.0, 0.0, 1.2571725, 0.0, 0.0, 0.0, 0.0, -1.0002604, -1.0, 0.0, 0.0, -0.100013025, 0.0]
899336955359800|5888|-0.5,-3.940663268332713,-20.5|[-2.0, -2.0, -2.0, 3.0, 3.0, 3.0]|[1.0, 0.0, 0.0, 0.0, 0.0, 0.9855228, 0.16954261, 0.0, 0.0, -0.16954261, 0.9855228, 0.0, -0.5, -0.40798998, -20.971329, 1.0]|[0.7857328, 0.0, 0.0, 0.0, 0.0, 1.2571725, 0.0, 0.0, 0.0, 0.0, -1.0002604, -1.0, 0.0, 0.0, -0.100013025, 0.0]
899337055379300|5888|-0.5,-3.940663268332713,-20.5|[-2.0, -2.0, -2.0, 3.0, 3.0, 3.0]|[1.0, 0.0, 0.0, 0.0, 0.0, 0.9855228, 0.16954261, 0.0, 0.0, -0.16954261, 0.9855228, 0.0, -0.5, -0.40798998, -20.971329, 1.0]|[0.7857328, 0.0, 0.0, 0.0, 0.0, 1.2571725, 0.0, 0.0, 0.0, 0.0, -1.0002604, -1.0, 0.0, 0.0, -0.100013025, 0.0]
899337172643100|5888|-0.5,-3.940663268332713,-20.5|[-2.0, -2.0, -2.0, 3.0, 3.0, 3.0]|[1.0, 0.0, 0.0, 0.0, 0.0, 0.9855228, 0.16954261, 0.0, 0.0, -0.16954261, 0.9855228, 0.0, -0.5, -0.40798998, -20.971329, 1.0]|[0.7857328, 0.0, 0.0, 0.0, 0.0, 1.2571725, 0.0, 0.0, 0.0, 0.0, -1.0002604, -1.0, 0.0, 0.0, -0.100013025, 0.0]
899337273416800|5888|-0.5,-3.940663268332713,-20.5|[-2.0, -2.0, -2.0, 3.0, 3.0, 3.0]|[1.0, 0.0, 0.0, 0.0, 0.0, 0.9855228, 0.16954261, 0.0, 0.0, -0.16954261, 0.9855228, 0.0, -0.5, -0.40798998, -20.971329, 1.0]|[0.7857328, 0.0, 0.0, 0.0, 0.0, 1.2571725, 0.0, 0.0, 0.0, 0.0, -1.0002604, -1.0, 0.0, 0.0, -0.100013025, 0.0]
899337388300000|5888|-0.5,-3.940663268332713,-20.5|[-2.0, -2.0, -2.0, 3.0, 3.0, 3.0]|[1.0, 0.0, 0.0, 0.0, 0.0, 0.9855228, 0.16954261, 0.0, 0.0, -0.16954261, 0.9855228, 0.0, -0.5, -0.40798998, -20.971329, 1.0]|[0.7857328, 0.0, 0.0, 0.0, 0.0, 1.2571725, 0.0, 0.0, 0.0, 0.0, -1.0002604, -1.0, 0.0, 0.0, -0.100013025, 0.0]
899337489546200|5888|-0.5,-3.940663268332713,-20.5|[-2.0, -2.0, -2.0, 3.0, 3.0, 3.0]|[1.0, 0.0, 0.0, 0.0, 0.0, 0.9855228, 0.16954261, 0.0, 0.0, -0.16954261, 0.9855228, 0.0, -0.5, -0.40798998, -20.971329, 1.0]|[0.7857328, 0.0, 0.0, 0.0, 0.0, 1.2571725, 0.0, 0.0, 0.0, 0.0, -1.0002604, -1.0, 0.0, 0.0, -0.100013025, 0.0]
899337605115100|5888|-0.5,-3.940663268332713,-20.5|[-2.0, -2.0, -2.0, 3.0, 3.0, 3.0]|[1.0, 0.0, 0.0, 0.0, 0.0, 0.9855228, 0.16954261, 0.0, 0.0, -0.16954261, 0.9855228, 0.0, -0.5, -0.40798998, -20.971329, 1.0]|[0.7857328, 0.0, 0.0, 0.0, 0.0, 1.2571725, 0.0, 0.0, 0.0, 0.0, -1.0002604, -1.0, 0.0, 0.0, -0.100013025, 0.0]
899337705327100|5888|-0.5,-3.940663268332713,-20.5|[-2.0, -2.0, -2.0, 3.0, 3.0, 3.0]|[1.0, 0.0, 0.0, 0.0, 0.0, 0.9855228, 0.16954261, 0.0, 0.0, -0.16954261, 0.9855228, 0.0, -0.5, -0.40798998, -20.971329, 1.0]|[0.7857328, 0.0, 0.0, 0.0, 0.0, 1.2571725, 0.0, 0.0, 0.0, 0.0, -1.0002604, -1.0, 0.0, 0.0, -0.100013025, 0.0]
899337805404900|5888|-0.5,-3.940663268332713,-20.5|[-2.0, -2.0, -2.0, 3.0, 3.0, 3.0]|[1.0, 0.0, 0.0, 0.0, 0.0, 0.9855228, 0.16954261, 0.0, 0.0, -0.16954261, 0.9855228, 0.0, -0.5, -0.40798998, -20.971329, 1.0]|[0.7857328, 0.0, 0.0, 0.0, 0.0, 1.2571725, 0.0, 0.0, 0.0, 0.0, -1.0002604, -1.0, 0.0, 0.0, -0.100013025, 0.0]
899337922394600|5888|-0.5,-3.940663268332713,-20.5|[-2.0, -2.0, -2.0, 3.0, 3.0, 3.0]|[1.0, 0.0, 0.0, 0.0, 0.0, 0.9855228, 0.16954261, 0.0, 0.0, -0.16954261, 0.9855228, 0.0, -0.5, -0.40798998, -20.971329, 1.0]|[0.7857328, 0.0, 0.0, 0.0, 0.0, 1.2571725, 0.0, 0.0, 0.0, 0.0, -1.0002604, -1.0, 0.0, 0.0, -0.100013025, 0.0]
899338039050400|5888|-0.5,-3.940663268332713,-20.5|[-2.0, -2.0, -2.0, 3.0, 3.0, 3.0]|[1.0, 0.0, 0.0, 0.0, 0.0, 0.9855228, 0.16954261, 0.0, 0.0, -0.16954261, 0.9855228, 0.0, -0.5, -0.40798998, -20.971329, 1.0]|[0.7857328, 0.0, 0.0, 0.0, 0.0, 1.2571725, 0.0, 0.0, 0.0, 0.0, -1.0002604, -1.0, 0.0, 0.0, -0.100013025, 0.0]
899338139635100|5888|-0.5,-3.940663268332713,-20.5|[-2.0, -2.0, -2.0, 3.0, 3.0, 3.0]|[1.0, 0.0, 0.0, 0.0, 0.0, 0.9855228, 0.16954261, 0.0, 0.0, -0.16954261, 0.9855228, 0.0, -0.5, -0.40798998, -20.971329, 1.0]|[0.7857328, 0.0, 0.0, 0.0, 0.0, 1.2571725, 0.0, 0.0, 0.0, 0.0, -1.0002604, -1.0, 0.0, 0.0, -0.100013025, 0.0]
899338256136000|5888|-0.5,-3.940663268332713,-20.5|[-2.0, -2.0, -2.0, 3.0, 3.0, 3.0]|[1.0, 0.0, 0.0, 0.0, 0.0, 0.9855228, 0.16954261, 0.0, 0.0, -0.16954261, 0.9855228, 0.0, -0.5, -0.40798998, -20.971329, 1.0]|[0.7857328, 0.0, 0.0, 0.0, 0.0, 1.2571725, 0.0, 0.0, 0.0, 0.0, -1.0002604, -1.0, 0.0, 0.0, -0.100013025, 0.0]
899338372870200|5888|-0.5,-3.940663268332713,-20.5|[-2.0, -2.0, -2.0, 3.0, 3.0, 3.0]|[1.0, 0.0, 0.0, 0.0, 0.0, 0.9855228, 0.16954261, 0.0, 0.0, -0.16954261, 0.9855228, 0.0, -0.5, -0.40798998, -20.971329, 1.0]|[0.7857328, 0.0, 0.0, 0.0, 0.0, 1.2571725, 0.0, 0.0, 0.0, 0.0, -1.0002604, -1.0, 0.0, 0.0, -0.100013025, 0.0]
899338489048300|5888|-0.5,-3.940663268332713,-20.5|[-2.0, -2.0, -2.0, 3.0, 3.0, 3.0]|[1.0, 0.0, 0.0, 0.0, 0.0, 0.9855228, 0.16954261, 0.0, 0.0, -0.16954261, 0.9855228, 0.0, -0.5, -0.40798998, -20.971329, 1.0]|[0.7857328, 0.0, 0.0, 0.0, 0.0, 1.2571725, 0.0, 0.0, 0.0, 0.0, -1.0002604, -1.0, 0.0, 0.0, -0.100013025, 0.0]
899338589266400|5888|-0.5,-3.940663268332713,-20.5|[-2.0, -2.0, -2.0, 3.0, 3.0, 3.0]|[1.0, 0.0, 0.0, 0.0, 0.0, 0.9855228, 0.16954261, 0.0, 0.0, -0.16954261, 0.9855228, 0.0, -0.5, -0.40798998, -20.971329, 1.0]|[0.7857328, 0.0, 0.0, 0.0, 0.0, 1.2571725, 0.0, 0.0, 0.0, 0.0, -1.0002604, -1.0, 0.0, 0.0, -0.100013025, 0.0]
899338705304400|5888|-0.5,-3.940663268332713,-20.5|[-2.0, -2.0, -2.0, 3.0, 3.0, 3.0]|[1.0, 0.0, 0.0, 0.0, 0.0, 0.9855228, 0.16954261, 0.0, 0.0, -0.16954261, 0.9855228, 0.0, -0.5, -0.40798998, -20.971329, 1.0]|[0.7857328, 0.0, 0.0, 0.0, 0.0, 1.2571725, 0.0, 0.0, 0.0, 0.0, -1.0002604, -1.0, 0.0, 0.0, -0.100013025, 0.0]
899338823277600|5888|-0.5,-3.940663268332713,-20.5|[-2.0, -2.0, -2.0, 3.0, 3.0, 3.0]|[1.0, 0.0, 0.0, 0.0, 0.0, 0.9855228, 0.16954261, 0.0, 0.0, -0.16954261, 0.9855228, 0.0, -0.5, -0.40798998, -20.971329, 1.0]|[0.7857328, 0.0, 0.0, 0.0, 0.0, 1.2571725, 0.0, 0.0, 0.0, 0.0, -1.0002604, -1.0, 0.0, 0.0, -0.100013025, 0.0]
899338938749700|5888|-0.5,-3.940663268332713,-20.5|[-2.0, -2.0, -2.0, 3.0, 3.0, 3.0]|[1.0, 0.0, 0.0, 0.0, 0.0, 0.9855228, 0.16954261, 0.0, 0.0, -0.16954261, 0.9855228, 0.0, -0.5, -0.40798998, -20.971329, 1.0]|[0.7857328, 0.0, 0.0, 0.0, 0.0, 1.2571725, 0.0, 0.0, 0.0, 0.0, -1.0002604, -1.0, 0.0, 0.0, -0.100013025, 0.0]
899339039189100|5888|-0.5,-3.940663268332713,-20.5|[-2.0, -2.0, -2.0, 3.0, 3.0, 3.0]|[1.0, 0.0, 0.0, 0.0, 0.0, 0.9855228, 0.16954261, 0.0, 0.0, -0.16954261, 0.9855228, 0.0, -0.5, -0.40798998, -20.971329, 1.0]|[0.7857328, 0.0, 0.0, 0.0, 0.0, 1.2571725, 0.0, 0.0, 0.0, 0.0, -1.0002604, -1.0, 0.0, 0.0, -0.100013025, 0.0]
899339154892200|5888|-0.5,-3.940663268332713,-20.5|[-2.0, -2.0, -2.0, 3.0, 3.0, 3.0]|[1.0, 0.0, 0.0, 0.0, 0.0, 0.9855228, 0.16954261, 0.0, 0.0, -0.16954261, 0.9855228, 0.0, -0.5, -0.40798998, -20.971329, 1.0]|[0.7857328, 0.0, 0.0, 0.0, 0.0, 1.2571725, 0.0, 0.0, 0.0, 0.0, -1.0002604, -1.0, 0.0, 0.0, -0.100013025, 0.0]
899339256408900|5888|-0.5,-3.940663268332713,-20.5|[-2.0, -2.0, -2.0, 3.0, 3.0, 3.0]|[1.0, 0.0, 0.0, 0.0, 0.0, 0.9855228, 0.16954261, 0.0, 0.0, -0.16954261, 0.9855228, 0.0, -0.5, -0.40798998, -20.971329, 1.0]|[0.7857328, 0.0, 0.0, 0.0, 0.0, 1.2571725, 0.0, 0.0, 0.0, 0.0, -1.0002604, -1.0, 0.0, 0.0, -0.100013025, 0.0]
899339373123300|5888|-0.5,-3.940663268332713,-20.5|[-2.0, -2.0, -2.0, 3.0, 3.0, 3.0]|[1.0, 0.0, 0.0, 0.0, 0.0, 0.9855228, 0.16954261, 0.0, 0.0, -0.16954261, 0.9855228, 0.0, -0.5, -0.40798998, -20.971329, 1.0]|[0.7857328, 0.0, 0.0, 0.0, 0.0, 1.2571725, 0.0, 0.0, 0.0, 0.0, -1.0002604, -1.0, 0.0, 0.0, -0.100013025, 0.0]
899339488250200|5888|-0.5,-3.940663268332713,-20.5|[-2.0, -2.0, -2.0, 3.0, 3.0, 3.0]|[1.0, 0.0, 0.0, 0.0, 0.0, 0.9855228, 0.16954261, 0.0, 0.0, -0.16954261, 0.9855228, 0.0, -0.5, -0.40798998, -20.971329, 1.0]|[0.7857328, 0.0, 0.0, 0.0, 0.0, 1.2571725, 0.0, 0.0, 0.0, 0.0, -1.0002604, -1.0, 0.0, 0.0, -0.100013025, 0.0]
899339589518200|5888|-0.5,-3.940663268332713,-20.5|[-2.0, -2.0, -2.0, 3.0, 3.0, 3.0]|[1.0, 0.0, 0.0, 0.0, 0.0, 0.9855228, 0.16954261, 0.0, 0.0, -0.16954261, 0.9855228, 0.0, -0.5, -0.40798998, -20.971329, 1.0]|[0.7857328, 0.0, 0.0, 0.0, 0.0, 1.2571725, 0.0, 0.0, 0.0, 0.0, -1.0002604, -1.0, 0.0, 0.0, -0.100013025, 0.0]
899339705259500|5888|-0.5,-3.940663268332713,-20.5|[-2.0, -2.0, -2.0, 3.0, 3.0, 3.0]|[1.0, 0.0, 0.0, 0.0, 0.0, 0.9855228, 0.16954261, 0.0, 0.0, -0.16954261, 0.9855228, 0.0, -0.5, -0.40798998, -20.971329, 1.0]|[0.7857328, 0.0, 0.0, 0.0, 0.0, 1.2571725, 0.0, 0.0, 0.0, 0.0, -1.0002604, -1.0, 0.0, 0.0, -0.100013025, 0.0]
899339805649700|5888|-0.5,-3.940663268332713,-20.5|[-2.0, -2.0, -2.0, 3.0, 3.0, 3.0]|[1.0, 0.0, 0.0, 0.0, 0.0, 0.9855228, 0.16954261, 0.0, 0.0, -0.16954261, 0.9855228, 0.0, -0.5, -0.40798998, -20.971329, 1.0]|[0.7857328, 0.0, 0.0, 0.0, 0.0, 1.2571725, 0.0, 0.0, 0.0, 0.0, -1.0002604, -1.0, 0.0, 0.0, -0.100013025, 0.0]
899339922744800|5888|-0.5,-3.940663268332713,-20.5|[-2.0, -2.0, -2.0, 3.0, 3.0, 3.0]|[1.0, 0.0, 0.0, 0.0, 0.0, 0.9855228, 0.16954261, 0.0, 0.0, -0.16954261, 0.9855228, 0.0, -0.5, -0.40798998, -20.971329, 1.0]|[0.7857328, 0.0, 0.0, 0.0, 0.0, 1.2571725, 0.0, 0.0, 0.0, 0.0, -1.0002604, -1.0, 0.0, 0.0, -0.100013025, 0.0]
899340023407300|5888|-0.5,-3.940663268332713,-20.5|[-2.0, -2.0, -2.0, 3.0, 3.0, 3.0]|[1.0, 0.0, 0.0, 0.0, 0.0, 0.9855228, 0.16954261, 0.0, 0.0, -0.16954261, 0.9855228, 0.0, -0.5, -0.40798998, -20.971329, 1.0]|[0.7857328, 0.0, 0.0, 0.0, 0.0, 1.2571725, 0.0, 0.0, 0.0, 0.0, -1.0002604, -1.0, 0.0, 0.0, -0.100013025, 0.0]
899340138970500|5888|-0.5,-3.940663268332713,-20.5|[-2.0, -2.0, -2.0, 3.0, 3.0, 3.0]|[1.0, 0.0, 0.0, 0.0, 0.0, 0.9855228, 0.16954261, 0.0, 0.0, -0.16954261, 0.9855228, 0.0, -0.5, -0.40798998, -20.971329, 1.0]|[0.7857328, 0.0, 0.0, 0.0, 0.0, 1.2571725, 0.0, 0.0, 0.0, 0.0, -1.0002604, -1.0, 0.0, 0.0, -0.100013025, 0.0]
899340239006700|5888|-0.5,-3.940663268332713,-20.5|[-2.0, -2.0, -2.0, 3.0, 3.0, 3.0]|[1.0, 0.0, 0.0, 0.0, 0.0, 0.9855228, 0.16954261, 0.0, 0.0, -0.16954261, 0.9855228, 0.0, -0.5, -0.40798998, -20.971329, 1.0]|[0.7857328, 0.0, 0.0, 0.0, 0.0, 1.2571725, 0.0, 0.0, 0.0, 0.0, -1.0002604, -1.0, 0.0, 0.0, -0.100013025, 0.0]
899340339058900|5888|-0.5,-3.940663268332713,-20.5|[-2.0, -2.0, -2.0, 3.0, 3.0, 3.0]|[1.0, 0.0, 0.0, 0.0, 0.0, 0.9855228, 0.16954261, 0.0, 0.0, -0.16954261, 0.9855228, 0.0, -0.5, -0.40798998, -20.971329, 1.0]|[0.7857328, 0.0, 0.0, 0.0, 0.0, 1.2571725, 0.0, 0.0, 0.0, 0.0, -1.0002604, -1.0, 0.0, 0.0, -0.100013025, 0.0]
899340439070100|5888|-0.5,-3.940663268332713,-20.5|[-2.0, -2.0, -2.0, 3.0, 3.0, 3.0]|[1.0, 0.0, 0.0, 0.0, 0.0, 0.9855228, 0.16954261, 0.0, 0.0, -0.16954261, 0.9855228, 0.0, -0.5, -0.40798998, -20.971329, 1.0]|[0.7857328, 0.0, 0.0, 0.0, 0.0, 1.2571725, 0.0, 0.0, 0.0, 0.0, -1.0002604, -1.0, 0.0, 0.0, -0.100013025, 0.0]
899340539650000|5888|-0.5,-3.940663268332713,-20.5|[-2.0, -2.0, -2.0, 3.0, 3.0, 3.0]|[1.0, 0.0, 0.0, 0.0, 0.0, 0.9855228, 0.16954261, 0.0, 0.0, -0.16954261, 0.9855228, 0.0, -0.5, -0.40798998, -20.971329, 1.0]|[0.7857328, 0.0, 0.0, 0.0, 0.0, 1.2571725, 0.0, 0.0, 0.0, 0.0, -1.0002604, -1.0, 0.0, 0.0, -0.100013025, 0.0]
899340655402200|5888|-0.5,-3.940663268332713,-20.5|[-2.0, -2.0, -2.0, 3.0, 3.0, 3.0]|[1.0, 0.0, 0.0, 0.0, 0.0, 0.9855228, 0.16954261, 0.0, 0.0, -0.16954261, 0.9855228, 0.0, -0.5, -0.40798998, -20.971329, 1.0]|[0.7857328, 0.0, 0.0, 0.0, 0.0, 1.2571725, 0.0, 0.0, 0.0, 0.0, -1.0002604, -1.0, 0.0, 0.0, -0.100013025, 0.0]
899340773048800|5888|-0.5,-3.940663268332713,-20.5|[-2.0, -2.0, -2.0, 3.0, 3.0, 3.0]|[1.0, 0.0, 0.0, 0.0, 0.0, 0.9855228, 0.16954261, 0.0, 0.0, -0.16954261, 0.9855228, 0.0, -0.5, -0.40798998, -20.971329, 1.0]|[0.7857328, 0.0, 0.0, 0.0, 0.0, 1.2571725, 0.0, 0.0, 0.0, 0.0, -1.0002604, -1.0, 0.0, 0.0, -0.100013025, 0.0]
899340888898600|5888|-0.5,-3.940663268332713,-20.5|[-2.0, -2.0, -2.0, 3.0, 3.0, 3.0]|[1.0, 0.0, 0.0, 0.0, 0.0, 0.9855228, 0.16954261, 0.0, 0.0, -0.16954261, 0.9855228, 0.0, -0.5, -0.40798998, -20.971329, 1.0]|[0.7857328, 0.0, 0.0, 0.0, 0.0, 1.2571725, 0.0, 0.0, 0.0, 0.0, -1.0002604, -1.0, 0.0, 0.0, -0.100013025, 0.0]
899340989633000|5888|-0.5,-3.940663268332713,-20.5|[-2.0, -2.0, -2.0, 3.0, 3.0, 3.0]|[1.0, 0.0, 0.0, 0.0, 0.0, 0.9855228, 0.16954261, 0.0, 0.0, -0.16954261, 0.9855228, 0.0, -0.5, -0.40798998, -20.971329, 1.0]|[0.7857328, 0.0, 0.0, 0.0, 0.0, 1.2571725, 0.0, 0.0, 0.0, 0.0, -1.0002604, -1.0, 0.0, 0.0, -0.100013025, 0.0]
899341106349900|5888|-0.5,-3.940663268332713,-20.5|[-2.0, -2.0, -2.0, 3.0, 3.0, 3.0]|[1.0, 0.0, 0.0, 0.0, 0.0, 0.9855228, 0.16954261, 0.0, 0.0, -0.16954261, 0.9855228, 0.0, -0.5, -0.40798998, -20.971329, 1.0]|[0.7857328, 0.0, 0.0, 0.0, 0.0, 1.2571725, 0.0, 0.0, 0.0, 0.0, -1.0002604, -1.0, 0.0, 0.0, -0.100013025, 0.0]
899341222316100|5888|-0.5,-3.940663268332713,-20.5|[-2.0, -2.0, -2.0, 3.0, 3.0, 3.0]|[1.0, 0.0, 0.0, 0.0, 0.0, 0.9855228, 0.16954261, 0.0, 0.0, -0.16954261, 0.9855228, 0.0, -0.5, -0.40798998, -20.971329, 1.0]|[0.7857328, 0.0, 0.0, 0.0, 0.0, 1.2571725, 0.0, 0.0, 0.0, 0.0, -1.0002604, -1.0, 0.0, 0.0, -0.100013025, 0.0]
899341323234900|5888|-0.5,-3.940663268332713,-20.5|[-2.0, -2.0, -2.0, 3.0, 3.0, 3.0]|[1.0, 0.0, 0.0, 0.0, 0.0, 0.9855228, 0.16954261, 0.0, 0.0, -0.16954261, 0.9855228, 0.0, -0.5, -0.40798998, -20.971329, 1.0]|[0.7857328, 0.0, 0.0, 0.0, 0.0, 1.2571725, 0.0, 0.0, 0.0, 0.0, -1.0002604, -1.0, 0.0, 0.0, -0.100013025, 0.0]
899341438827900|5888|-0.5,-3.940663268332713,-20.5|[-2.0, -2.0, -2.0, 3.0, 3.0, 3.0]|[1.0, 0.0, 0.0, 0.0, 0.0, 0.9855228, 0.16954261, 0.0, 0.0, -0.16954261, 0.9855228, 0.0, -0.5, -0.40798998, -20.971329, 1.0]|[0.7857328, 0.0, 0.0, 0.0, 0.0, 1.2571725, 0.0, 0.0, 0.0, 0.0, -1.0002604, -1.0, 0.0, 0.0, -0.100013025, 0.0]
899341538920000|5888|-0.5,-3.940663268332713,-20.5|[-2.0, -2.0, -2.0, 3.0, 3.0, 3.0]|[1.0, 0.0, 0.0, 0.0, 0.0, 0.9855228, 0.16954261, 0.0, 0.0, -0.16954261, 0.9855228, 0.0, -0.5, -0.40798998, -20.971329, 1.0]|[0.7857328, 0.0, 0.0, 0.0, 0.0, 1.2571725, 0.0, 0.0, 0.0, 0.0, -1.0002604, -1.0, 0.0, 0.0, -0.100013025, 0.0]
899341639096300|5888|-0.5,-3.940663268332713,-20.5|[-2.0, -2.0, -2.0, 3.0, 3.0, 3.0]|[1.0, 0.0, 0.0, 0.0, 0.0, 0.9855228, 0.16954261, 0.0, 0.0, -0.16954261, 0.9855228, 0.0, -0.5, -0.40798998, -20.971329, 1.0]|[0.7857328, 0.0, 0.0, 0.0, 0.0, 1.2571725, 0.0, 0.0, 0.0, 0.0, -1.0002604, -1.0, 0.0, 0.0, -0.100013025, 0.0]
899341755532600|5888|-0.5,-3.940663268332713,-20.5|[-2.0, -2.0, -2.0, 3.0, 3.0, 3.0]|[1.0, 0.0, 0.0, 0.0, 0.0, 0.9855228, 0.16954261, 0.0, 0.0, -0.16954261, 0.9855228, 0.0, -0.5, -0.40798998, -20.971329, 1.0]|[0.7857328, 0.0, 0.0, 0.0, 0.0, 1.2571725, 0.0, 0.0, 0.0, 0.0, -1.0002604, -1.0, 0.0, 0.0, -0.100013025, 0.0]
899341872740400|5888|-0.5,-3.940663268332713,-20.5|[-2.0, -2.0, -2.0, 3.0, 3.0, 3.0]|[1.0, 0.0, 0.0, 0.0, 0.0, 0.9855228, 0.16954261, 0.0, 0.0, -0.16954261, 0.9855228, 0.0, -0.5, -0.40798998, -20.971329, 1.0]|[0.7857328, 0.0, 0.0, 0.0, 0.0, 1.2571725, 0.0, 0.0, 0.0, 0.0, -1.0002604, -1.0, 0.0, 0.0, -0.100013025, 0.0]
899341989095100|5888|-0.5,-3.940663268332713,-20.5|[-2.0, -2.0, -2.0, 3.0, 3.0, 3.0]|[1.0, 0.0, 0.0, 0.0, 0.0, 0.9855228, 0.16954261, 0.0, 0.0, -0.16954261, 0.9855228, 0.0, -0.5, -0.40798998, -20.971329, 1.0]|[0.7857328, 0.0, 0.0, 0.0, 0.0, 1.2571725, 0.0, 0.0, 0.0, 0.0, -1.0002604, -1.0, 0.0, 0.0, -0.100013025, 0.0]
899342105308600|5888|-0.5,-3.940663268332713,-20.5|[-2.0, -2.0, -2.0, 3.0, 3.0, 3.0]|[1.0, 0.0, 0.0, 0.0, 0.0, 0.9855228, 0.16954261, 0.0, 0.0, -0.16954261, 0.9855228, 0.0, -0.5, -0.40798998, -20.971329, 1.0]|[0.7857328, 0.0, 0.0, 0.0, 0.0, 1.2571725, 0.0, 0.0, 0.0, 0.0, -1.0002604, -1.0, 0.0, 0.0, -0.100013025, 0.0]
899342206414500|5888|-0.5,-3.940663268332713,-20.5|[-2.0, -2.0, -2.0, 3.0, 3.0, 3.0]|[1.0, 0.0, 0.0, 0.0, 0.0, 0.9855228, 0.16954261, 0.0, 0.0, -0.16954261, 0.9855228, 0.0, -0.5, -0.40798998, -20.971329, 1.0]|[0.7857328, 0.0, 0.0, 0.0, 0.0, 1.2571725, 0.0, 0.0, 0.0, 0.0, -1.0002604, -1.0, 0.0, 0.0, -0.100013025, 0.0]
899342322627000|5888|-0.5,-3.940663268332713,-20.5|[-2.0, -2.0, -2.0, 3.0, 3.0, 3.0]|[1.0, 0.0, 0.0, 0.0, 0.0, 0.9855228, 0.16954261, 0.0, 0.0, -0.16954261, 0.9855228, 0.0, -0.5, -0.40798998, -20.971329, 1.0]|[0.7857328, 0.0, 0.0, 0.0, 0.0, 1.2571725, 0.0, 0.0, 0.0, 0.0, -1.0002604, -1.0, 0.0, 0.0, -0.100013025, 0.0]
899342423290100|5888|-0.5,-3.940663268332713,-20.5|[-2.0, -2.0, -2.0, 3.0, 3.0, 3.0]|[1.0, 0.0, 0.0, 0.0, 0.0, 0.9855228, 0.16954261, 0.0, 0.0, -0.16954261, 0.9855228, 0.0, -0.5, -0.40798998, -20.971329, 1.0]|[0.7857328, 0.0, 0.0, 0.0, 0.0, 1.2571725, 0.0, 0.0, 0.0, 0.0, -1.0002604, -1.0, 0.0, 0.0, -0.100013025, 0.0]
899342538109200|5888|-0.5,-3.940663268332713,-20.5|[-2.0, -2.0, -2.0, 3.0, 3.0, 3.0]|[1.0, 0.0, 0.0, 0.0, 0.0, 0.9855228, 0.16954261, 0.0, 0.0, -0.16954261, 0.9855228, 0.0, -0.5, -0.40798998, -20.971329, 1.0]|[0.7857328, 0.0, 0.0, 0.0, 0.0, 1.2571725, 0.0, 0.0, 0.0, 0.0, -1.0002604, -1.0, 0.0, 0.0, -0.100013025, 0.0]
899342639733800|5888|-0.5,-3.940663268332713,-20.5|[-2.0, -2.0, -2.0, 3.0, 3.0, 3.0]|[1.0, 0.0, 0.0, 0.0, 0.0, 0.9855228, 0.16954261, 0.0, 0.0, -0.16954261, 0.9855228, 0.0, -0.5, -0.40798998, -20.971329, 1.0]|[0.7857328, 0.0, 0.0, 0.0, 0.0, 1.2571725, 0.0, 0.0, 0.0, 0.0, -1.0002604, -1.0, 0.0, 0.0, -0.100013025, 0.0]
899342754657300|5888|-0.5,-3.940663268332713,-20.5|[-2.0, -2.0, -2.0, 3.0, 3.0, 3.0]|[1.0, 0.0, 0.0, 0.0, 0.0, 0.9855228, 0.16954261, 0.0, 0.0, -0.16954261, 0.9855228, 0.0, -0.5, -0.40798998, -20.971329, 1.0]|[0.7857328, 0.0, 0.0, 0.0, 0.0, 1.2571725, 0.0, 0.0, 0.0, 0.0, -1.0002604, -1.0, 0.0, 0.0, -0.100013025, 0.0]
899342855633800|5888|-0.5,-3.940663268332713,-20.5|[-2.0, -2.0, -2.0, 3.0, 3.0, 3.0]|[1.0, 0.0, 0.0, 0.0, 0.0, 0.9855228, 0.16954261, 0.0, 0.0, -0.16954261, 0.9855228, 0.0, -0.5, -0.40798998, -20.971329, 1.0]|[0.7857328, 0.0, 0.0, 0.0, 0.0, 1.2571725, 0.0, 0.0, 0.0, 0.0, -1.0002604, -1.0, 0.0, 0.0, -0.100013025, 0.0]
899342972649400|5888|-0.5,-3.940663268332713,-20.5|[-2.0, -2.0, -2.0, 3.0, 3.0, 3.0]|[1.0, 0.0, 0.0, 0.0, 0.0, 0.9855228, 0.16954261, 0.0, 0.0, -0.16954261, 0.9855228, 0.0, -0.5, -0.40798998, -20.971329, 1.0]|[0.7857328, 0.0, 0.0, 0.0, 0.0, 1.2571725, 0.0, 0.0, 0.0, 0.0, -1.0002604, -1.0, 0.0, 0.0, -0.100013025, 0.0]
899343072791300|5888|-0.5,-3.940663268332713,-20.5|[-2.0, -2.0, -2.0, 3.0, 3.0, 3.0]|[1.0, 0.0, 0.0, 0.0, 0.0, 0.9855228, 0.16954261, 0.0, 0.0, -0.16954261, 0.9855228, 0.0, -0.5, -0.40798998, -20.971329, 1.0]|[0.7857328, 0.0, 0.0, 0.0, 0.0, 1.2571725, 0.0, 0.0, 0.0, 0.0, -1.0002604, -1.0, 0.0, 0.0, -0.100013025, 0.0]
899343189175900|5888|-0.5,-3.940663268332713,-20.5|[-2.0, -2.0, -2.0, 3.0, 3.0, 3.0]|[1.0, 0.0, 0.0, 0.0, 0.0, 0.9855228, 0.16954261, 0.0, 0.0, -0.16954261, 0.9855228, 0.0, -0.5, -0.40798998, -20.971329, 1.0]|[0.7857328, 0.0, 0.0, 0.0, 0.0, 1.2571725, 0.0, 0.0, 0.0, 0.0, -1.0002604, -1.0, 0.0, 0.0, -0.100013025, 0.0]
899343306360100|5888|-0.5,-3.940663268332713,-20.5|[-2.0, -2.0, -2.0, 3.0, 3.0, 3.0]|[1.0, 0.0, 0.0, 0.0, 0.0, 0.9855228, 0.16954261, 0.0, 0.0, -0.16954261, 0.9855228, 0.0, -0.5, -0.40798998, -20.971329, 1.0]|[0.7857328, 0.0, 0.0, 0.0, 0.0, 1.2571725, 0.0, 0.0, 0.0, 0.0, -1.0002604, -1.0, 0.0, 0.0, -0.100013025, 0.0]
899343422787700|5888|-0.5,-3.940663268332713,-20.5|[-2.0, -2.0, -2.0, 3.0, 3.0, 3.0]|[1.0, 0.0, 0.0, 0.0, 0.0, 0.9855228, 0.16954261, 0.0, 0.0, -0.16954261, 0.9855228, 0.0, -0.5, -0.40798998, -20.971329, 1.0]|[0.7857328, 0.0, 0.0, 0.0, 0.0, 1.2571725, 0.0, 0.0, 0.0, 0.0, -1.0002604, -1.0, 0.0, 0.0, -0.100013025, 0.0]
899343523445200|5888|-0.5,-3.940663268332713,-20.5|[-2.0, -2.0, -2.0, 3.0, 3.0, 3.0]|[1.0, 0.0, 0.0, 0.0, 0.0, 0.9855228, 0.16954261, 0.0, 0.0, -0.16954261, 0.9855228, 0.0, -0.5, -0.40798998, -20.971329, 1.0]|[0.7857328, 0.0, 0.0, 0.0, 0.0, 1.2571725, 0.0, 0.0, 0.0, 0.0, -1.0002604, -1.0, 0.0, 0.0, -0.100013025, 0.0]
899343639240100|5888|-0.5,-3.940663268332713,-20.5|[-2.0, -2.0, -2.0, 3.0, 3.0, 3.0]|[1.0, 0.0, 0.0, 0.0, 0.0, 0.9855228, 0.16954261, 0.0, 0.0, -0.16954261, 0.9855228, 0.0, -0.5, -0.40798998, -20.971329, 1.0]|[0.7857328, 0.0, 0.0, 0.0, 0.0, 1.2571725, 0.0, 0.0, 0.0, 0.0, -1.0002604, -1.0, 0.0, 0.0, -0.100013025, 0.0]
899343755716900|5888|-0.5,-3.940663268332713,-20.5|[-2.0, -2.0, -2.0, 3.0, 3.0, 3.0]|[1.0, 0.0, 0.0, 0.0, 0.0, 0.9855228, 0.16954261, 0.0, 0.0, -0.16954261, 0.9855228, 0.0, -0.5, -0.40798998, -20.971329, 1.0]|[0.7857328, 0.0, 0.0, 0.0, 0.0, 1.2571725, 0.0, 0.0, 0.0, 0.0, -1.0002604, -1.0, 0.0, 0.0, -0.100013025, 0.0]
899343872805200|5888|-0.5,-3.940663268332713,-20.5|[-2.0, -2.0, -2.0, 3.0, 3.0, 3.0]|[1.0, 0.0, 0.0, 0.0, 0.0, 0.9855228, 0.16954261, 0.0, 0.0, -0.16954261, 0.9855228, 0.0, -0.5, -0.40798998, -20.971329, 1.0]|[0.7857328, 0.0, 0.0, 0.0, 0.0, 1.2571725, 0.0, 0.0, 0.0, 0.0, -1.0002604, -1.0, 0.0, 0.0, -0.100013025, 0.0]
899343973711200|5888|-0.5,-3.940663268332713,-20.5|[-2.0, -2.0, -2.0, 3.0, 3.0, 3.0]|[1.0, 0.0, 0.0, 0.0, 0.0, 0.9855228, 0.16954261, 0.0, 0.0, -0.16954261, 0.9855228, 0.0, -0.5, -0.40798998, -20.971329, 1.0]|[0.7857328, 0.0, 0.0, 0.0, 0.0, 1.2571725, 0.0, 0.0, 0.0, 0.0, -1.0002604, -1.0, 0.0, 0.0, -0.100013025, 0.0]
899344088991000|5888|-0.5,-3.940663268332713,-20.5|[-2.0, -2.0, -2.0, 3.0, 3.0, 3.0]|[1.0, 0.0, 0.0, 0.0, 0.0, 0.9855228, 0.16954261, 0.0, 0.0, -0.16954261, 0.9855228, 0.0, -0.5, -0.40798998, -20.971329, 1.0]|[0.7857328, 0.0, 0.0, 0.0, 0.0, 1.2571725, 0.0, 0.0, 0.0, 0.0, -1.0002604, -1.0, 0.0, 0.0, -0.100013025, 0.0]
899344209166700|5888|-0.5,-3.940663268332713,-20.5|[-2.0, -2.0, -2.0, 3.0, 3.0, 3.0]|[1.0, 0.0, 0.0, 0.0, 0.0, 0.9855228, 0.16954261, 0.0, 0.0, -0.16954261, 0.9855228, 0.0, -0.5, -0.40798998, -20.971329, 1.0]|[0.7857328, 0.0, 0.0, 0.0, 0.0, 1.2571725, 0.0, 0.0, 0.0, 0.0, -1.0002604, -1.0, 0.0, 0.0, -0.100013025, 0.0]
899344322741100|5888|-0.5,-3.940663268332713,-20.5|[-2.0, -2.0, -2.0, 3.0, 3.0, 3.0]|[1.0, 0.0, 0.0, 0.0, 0.0, 0.9855228, 0.16954261, 0.0, 0.0, -0.16954261, 0.9855228, 0.0, -0.5, -0.40798998, -20.971329, 1.0]|[0.7857328, 0.0, 0.0, 0.0, 0.0, 1.2571725, 0.0, 0.0, 0.0, 0.0, -1.0002604, -1.0, 0.0, 0.0, -0.100013025, 0.0]
899344423130700|5888|-0.5,-3.940663268332713,-20.5|[-2.0, -2.0, -2.0, 3.0, 3.0, 3.0]|[1.0, 0.0, 0.0, 0.0, 0.0, 0.9855228, 0.16954261, 0.0, 0.0, -0.16954261, 0.9855228, 0.0, -0.5, -0.40798998, -20.971329, 1.0]|[0.7857328, 0.0, 0.0, 0.0, 0.0, 1.2571725, 0.0, 0.0, 0.0, 0.0, -1.0002604, -1.0, 0.0, 0.0, -0.100013025, 0.0]
899344538900000|5888|-0.5,-3.940663268332713,-20.5|[-2.0, -2.0, -2.0, 3.0, 3.0, 3.0]|[1.0, 0.0, 0.0, 0.0, 0.0, 0.9855228, 0.16954261, 0.0, 0.0, -0.16954261, 0.9855228, 0.0, -0.5, -0.40798998, -20.971329, 1.0]|[0.7857328, 0.0, 0.0, 0.0, 0.0, 1.2571725, 0.0, 0.0, 0.0, 0.0, -1.0002604, -1.0, 0.0, 0.0, -0.100013025, 0.0]
899344639496000|5888|-0.5,-3.940663268332713,-20.5|[-2.0, -2.0, -2.0, 3.0, 3.0, 3.0]|[1.0, 0.0, 0.0, 0.0, 0.0, 0.9855228, 0.16954261, 0.0, 0.0, -0.16954261, 0.9855228, 0.0, -0.5, -0.40798998, -20.971329, 1.0]|[0.7857328, 0.0, 0.0, 0.0, 0.0, 1.2571725, 0.0, 0.0, 0.0, 0.0, -1.0002604, -1.0, 0.0, 0.0, -0.100013025, 0.0]
899344755430300|5888|-0.5,-3.940663268332713,-20.5|[-2.0, -2.0, -2.0, 3.0, 3.0, 3.0]|[1.0, 0.0, 0.0, 0.0, 0.0, 0.9855228, 0.16954261, 0.0, 0.0, -0.16954261, 0.9855228, 0.0, -0.5, -0.40798998, -20.971329, 1.0]|[0.7857328, 0.0, 0.0, 0.0, 0.0, 1.2571725, 0.0, 0.0, 0.0, 0.0, -1.0002604, -1.0, 0.0, 0.0, -0.100013025, 0.0]
899344855501900|5888|-0.5,-3.940663268332713,-20.5|[-2.0, -2.0, -2.0, 3.0, 3.0, 3.0]|[1.0, 0.0, 0.0, 0.0, 0.0, 0.9855228, 0.16954261, 0.0, 0.0, -0.16954261, 0.9855228, 0.0, -0.5, -0.40798998, -20.971329, 1.0]|[0.7857328, 0.0, 0.0, 0.0, 0.0, 1.2571725, 0.0, 0.0, 0.0, 0.0, -1.0002604, -1.0, 0.0, 0.0, -0.100013025, 0.0]
899344972840700|5888|-0.5,-3.940663268332713,-20.5|[-2.0, -2.0, -2.0, 3.0, 3.0, 3.0]|[1.0, 0.0, 0.0, 0.0, 0.0, 0.9855228, 0.16954261, 0.0, 0.0, -0.16954261, 0.9855228, 0.0, -0.5, -0.40798998, -20.971329, 1.0]|[0.7857328, 0.0, 0.0, 0.0, 0.0, 1.2571725, 0.0, 0.0, 0.0, 0.0, -1.0002604, -1.0, 0.0, 0.0, -0.100013025, 0.0]
899345072872600|5888|-0.5,-3.940663268332713,-20.5|[-2.0, -2.0, -2.0, 3.0, 3.0, 3.0]|[1.0, 0.0, 0.0, 0.0, 0.0, 0.9855228, 0.16954261, 0.0, 0.0, -0.16954261, 0.9855228, 0.0, -0.5, -0.40798998, -20.971329, 1.0]|[0.7857328, 0.0, 0.0, 0.0, 0.0, 1.2571725, 0.0, 0.0, 0.0, 0.0, -1.0002604, -1.0, 0.0, 0.0, -0.100013025, 0.0]
899345188803100|5888|-0.5,-3.940663268332713,-20.5|[-2.0, -2.0, -2.0, 3.0, 3.0, 3.0]|[1.0, 0.0, 0.0, 0.0, 0.0, 0.9855228, 0.16954261, 0.0, 0.0, -0.16954261, 0.9855228, 0.0, -0.5, -0.40798998, -20.971329, 1.0]|[0.7857328, 0.0, 0.0, 0.0, 0.0, 1.2571725, 0.0, 0.0, 0.0, 0.0, -1.0002604, -1.0, 0.0, 0.0, -0.100013025, 0.0]
899345305808600|5888|-0.5,-3.940663268332713,-20.5|[-2.0, -2.0, -2.0, 3.0, 3.0, 3.0]|[1.0, 0.0, 0.0, 0.0, 0.0, 0.9855228, 0.16954261, 0.0, 0.0, -0.16954261, 0.9855228, 0.0, -0.5, -0.40798998, -20.971329, 1.0]|[0.7857328, 0.0, 0.0, 0.0, 0.0, 1.2571725, 0.0, 0.0, 0.0, 0.0, -1.0002604, -1.0, 0.0, 0.0, -0.100013025, 0.0]
899345422693500|5888|-0.5,-3.940663268332713,-20.5|[-2.0, -2.0, -2.0, 3.0, 3.0, 3.0]|[1.0, 0.0, 0.0, 0.0, 0.0, 0.9855228, 0.16954261, 0.0, 0.0, -0.16954261, 0.9855228, 0.0, -0.5, -0.40798998, -20.971329, 1.0]|[0.7857328, 0.0, 0.0, 0.0, 0.0, 1.2571725, 0.0, 0.0, 0.0, 0.0, -1.0002604, -1.0, 0.0, 0.0, -0.100013025, 0.0]
899345522976400|5888|-0.5,-3.940663268332713,-20.5|[-2.0, -2.0, -2.0, 3.0, 3.0, 3.0]|[1.0, 0.0, 0.0, 0.0, 0.0, 0.9855228, 0.16954261, 0.0, 0.0, -0.16954261, 0.9855228, 0.0, -0.5, -0.40798998, -20.971329, 1.0]|[0.7857328, 0.0, 0.0, 0.0, 0.0, 1.2571725, 0.0, 0.0, 0.0, 0.0, -1.0002604, -1.0, 0.0, 0.0, -0.100013025, 0.0]
899345638755100|5888|-0.5,-3.940663268332713,-20.5|[-2.0, -2.0, -2.0, 3.0, 3.0, 3.0]|[1.0, 0.0, 0.0, 0.0, 0.0, 0.9855228, 0.16954261, 0.0, 0.0, -0.16954261, 0.9855228, 0.0, -0.5, -0.40798998, -20.971329, 1.0]|[0.7857328, 0.0, 0.0, 0.0, 0.0, 1.2571725, 0.0, 0.0, 0.0, 0.0, -1.0002604, -1.0, 0.0, 0.0, -0.100013025, 0.0]
899345738766600|5888|39.5,-2.940663268332713,-20.5|[-16.0, -16.0, -16.0, 17.0, 17.0, 17.0]|[1.0, 0.0, 0.0, 0.0, 0.0, 0.9855228, 0.16954261, 0.0, 0.0, -0.16954261, 0.9855228, 0.0, 39.5, 0.57753277, -20.801786, 1.0]|[0.7857328, 0.0, 0.0, 0.0, 0.0, 1.2571725, 0.0, 0.0, 0.0, 0.0, -1.0002604, -1.0, 0.0, 0.0, -0.100013025, 0.0]
899345854996100|5888|-0.5,-3.940663268332713,-20.5|[-2.0, -2.0, -2.0, 3.0, 3.0, 3.0]|[1.0, 0.0, 0.0, 0.0, 0.0, 0.9855228, 0.16954261, 0.0, 0.0, -0.16954261, 0.9855228, 0.0, -0.5, -0.40798998, -20.971329, 1.0]|[0.7857328, 0.0, 0.0, 0.0, 0.0, 1.2571725, 0.0, 0.0, 0.0, 0.0, -1.0002604, -1.0, 0.0, 0.0, -0.100013025, 0.0]
899345955526900|5888|-0.5,-3.940663268332713,-20.5|[-2.0, -2.0, -2.0, 3.0, 3.0, 3.0]|[1.0, 0.0, 0.0, 0.0, 0.0, 0.9855228, 0.16954261, 0.0, 0.0, -0.16954261, 0.9855228, 0.0, -0.5, -0.40798998, -20.971329, 1.0]|[0.7857328, 0.0, 0.0, 0.0, 0.0, 1.2571725, 0.0, 0.0, 0.0, 0.0, -1.0002604, -1.0, 0.0, 0.0, -0.100013025, 0.0]
899346072533100|5888|-0.5,-3.940663268332713,-20.5|[-2.0, -2.0, -2.0, 3.0, 3.0, 3.0]|[1.0, 0.0, 0.0, 0.0, 0.0, 0.9855228, 0.16954261, 0.0, 0.0, -0.16954261, 0.9855228, 0.0, -0.5, -0.40798998, -20.971329, 1.0]|[0.7857328, 0.0, 0.0, 0.0, 0.0, 1.2571725, 0.0, 0.0, 0.0, 0.0, -1.0002604, -1.0, 0.0, 0.0, -0.100013025, 0.0]
899346172763300|5888|-0.5,-3.940663268332713,-20.5|[-2.0, -2.0, -2.0, 3.0, 3.0, 3.0]|[1.0, 0.0, 0.0, 0.0, 0.0, 0.9855228, 0.16954261, 0.0, 0.0, -0.16954261, 0.9855228, 0.0, -0.5, -0.40798998, -20.971329, 1.0]|[0.7857328, 0.0, 0.0, 0.0, 0.0, 1.2571725, 0.0, 0.0, 0.0, 0.0, -1.0002604, -1.0, 0.0, 0.0, -0.100013025, 0.0]
899346272771800|5888|39.5,-2.940663268332713,-20.5|[-16.0, -16.0, -16.0, 17.0, 17.0, 17.0]|[1.0, 0.0, 0.0, 0.0, 0.0, 0.9855228, 0.16954261, 0.0, 0.0, -0.16954261, 0.9855228, 0.0, 39.5, 0.57753277, -20.801786, 1.0]|[0.7857328, 0.0, 0.0, 0.0, 0.0, 1.2571725, 0.0, 0.0, 0.0, 0.0, -1.0002604, -1.0, 0.0, 0.0, -0.100013025, 0.0]
899346372973700|5888|-0.5,-3.940663268332713,-20.5|[-2.0, -2.0, -2.0, 3.0, 3.0, 3.0]|[1.0, 0.0, 0.0, 0.0, 0.0, 0.9855228, 0.16954261, 0.0, 0.0, -0.16954261, 0.9855228, 0.0, -0.5, -0.40798998, -20.971329, 1.0]|[0.7857328, 0.0, 0.0, 0.0, 0.0, 1.2571725, 0.0, 0.0, 0.0, 0.0, -1.0002604, -1.0, 0.0, 0.0, -0.100013025, 0.0]
899346489089000|5888|-0.5,-3.940663268332713,-20.5|[-2.0, -2.0, -2.0, 3.0, 3.0, 3.0]|[1.0, 0.0, 0.0, 0.0, 0.0, 0.9855228, 0.16954261, 0.0, 0.0, -0.16954261, 0.9855228, 0.0, -0.5, -0.40798998, -20.971329, 1.0]|[0.7857328, 0.0, 0.0, 0.0, 0.0, 1.2571725, 0.0, 0.0, 0.0, 0.0, -1.0002604, -1.0, 0.0, 0.0, -0.100013025, 0.0]
899346604713900|5888|-0.5,-3.940663268332713,-20.5|[-2.0, -2.0, -2.0, 3.0, 3.0, 3.0]|[1.0, 0.0, 0.0, 0.0, 0.0, 0.9855228, 0.16954261, 0.0, 0.0, -0.16954261, 0.9855228, 0.0, -0.5, -0.40798998, -20.971329, 1.0]|[0.7857328, 0.0, 0.0, 0.0, 0.0, 1.2571725, 0.0, 0.0, 0.0, 0.0, -1.0002604, -1.0, 0.0, 0.0, -0.100013025, 0.0]
899346705069900|5888|-0.5,-3.940663268332713,-20.5|[-2.0, -2.0, -2.0, 3.0, 3.0, 3.0]|[1.0, 0.0, 0.0, 0.0, 0.0, 0.9855228, 0.16954261, 0.0, 0.0, -0.16954261, 0.9855228, 0.0, -0.5, -0.40798998, -20.971329, 1.0]|[0.7857328, 0.0, 0.0, 0.0, 0.0, 1.2571725, 0.0, 0.0, 0.0, 0.0, -1.0002604, -1.0, 0.0, 0.0, -0.100013025, 0.0]
899346822495500|5888|-0.5,-3.940663268332713,-20.5|[-2.0, -2.0, -2.0, 3.0, 3.0, 3.0]|[1.0, 0.0, 0.0, 0.0, 0.0, 0.9855228, 0.16954261, 0.0, 0.0, -0.16954261, 0.9855228, 0.0, -0.5, -0.40798998, -20.971329, 1.0]|[0.7857328, 0.0, 0.0, 0.0, 0.0, 1.2571725, 0.0, 0.0, 0.0, 0.0, -1.0002604, -1.0, 0.0, 0.0, -0.100013025, 0.0]
899346937943100|5888|-0.5,-3.940663268332713,-20.5|[-2.0, -2.0, -2.0, 3.0, 3.0, 3.0]|[1.0, 0.0, 0.0, 0.0, 0.0, 0.9855228, 0.16954261, 0.0, 0.0, -0.16954261, 0.9855228, 0.0, -0.5, -0.40798998, -20.971329, 1.0]|[0.7857328, 0.0, 0.0, 0.0, 0.0, 1.2571725, 0.0, 0.0, 0.0, 0.0, -1.0002604, -1.0, 0.0, 0.0, -0.100013025, 0.0]
899347039051500|5888|-0.5,-3.940663268332713,-20.5|[-2.0, -2.0, -2.0, 3.0, 3.0, 3.0]|[1.0, 0.0, 0.0, 0.0, 0.0, 0.9855228, 0.16954261, 0.0, 0.0, -0.16954261, 0.9855228, 0.0, -0.5, -0.40798998, -20.971329, 1.0]|[0.7857328, 0.0, 0.0, 0.0, 0.0, 1.2571725, 0.0, 0.0, 0.0, 0.0, -1.0002604, -1.0, 0.0, 0.0, -0.100013025, 0.0]
899347155321700|5888|-0.5,-3.940663268332713,-20.5|[-2.0, -2.0, -2.0, 3.0, 3.0, 3.0]|[1.0, 0.0, 0.0, 0.0, 0.0, 0.9855228, 0.16954261, 0.0, 0.0, -0.16954261, 0.9855228, 0.0, -0.5, -0.40798998, -20.971329, 1.0]|[0.7857328, 0.0, 0.0, 0.0, 0.0, 1.2571725, 0.0, 0.0, 0.0, 0.0, -1.0002604, -1.0, 0.0, 0.0, -0.100013025, 0.0]
899347272670200|5888|-0.5,-3.940663268332713,-20.5|[-2.0, -2.0, -2.0, 3.0, 3.0, 3.0]|[1.0, 0.0, 0.0, 0.0, 0.0, 0.9855228, 0.16954261, 0.0, 0.0, -0.16954261, 0.9855228, 0.0, -0.5, -0.40798998, -20.971329, 1.0]|[0.7857328, 0.0, 0.0, 0.0, 0.0, 1.2571725, 0.0, 0.0, 0.0, 0.0, -1.0002604, -1.0, 0.0, 0.0, -0.100013025, 0.0]
899347372937300|5888|-0.5,-3.940663268332713,-20.5|[-2.0, -2.0, -2.0, 3.0, 3.0, 3.0]|[1.0, 0.0, 0.0, 0.0, 0.0, 0.9855228, 0.16954261, 0.0, 0.0, -0.16954261, 0.9855228, 0.0, -0.5, -0.40798998, -20.971329, 1.0]|[0.7857328, 0.0, 0.0, 0.0, 0.0, 1.2571725, 0.0, 0.0, 0.0, 0.0, -1.0002604, -1.0, 0.0, 0.0, -0.100013025, 0.0]
899347474008400|5888|-0.5,-3.940663268332713,-20.5|[-2.0, -2.0, -2.0, 3.0, 3.0, 3.0]|[1.0, 0.0, 0.0, 0.0, 0.0, 0.9855228, 0.16954261, 0.0, 0.0, -0.16954261, 0.9855228, 0.0, -0.5, -0.40798998, -20.971329, 1.0]|[0.7857328, 0.0, 0.0, 0.0, 0.0, 1.2571725, 0.0, 0.0, 0.0, 0.0, -1.0002604, -1.0, 0.0, 0.0, -0.100013025, 0.0]
899347588662400|5888|-0.5,-3.940663268332713,-20.5|[-2.0, -2.0, -2.0, 3.0, 3.0, 3.0]|[1.0, 0.0, 0.0, 0.0, 0.0, 0.9855228, 0.16954261, 0.0, 0.0, -0.16954261, 0.9855228, 0.0, -0.5, -0.40798998, -20.971329, 1.0]|[0.7857328, 0.0, 0.0, 0.0, 0.0, 1.2571725, 0.0, 0.0, 0.0, 0.0, -1.0002604, -1.0, 0.0, 0.0, -0.100013025, 0.0]
899347705131600|5888|-0.5,-3.940663268332713,-20.5|[-2.0, -2.0, -2.0, 3.0, 3.0, 3.0]|[1.0, 0.0, 0.0, 0.0, 0.0, 0.9855228, 0.16954261, 0.0, 0.0, -0.16954261, 0.9855228, 0.0, -0.5, -0.40798998, -20.971329, 1.0]|[0.7857328, 0.0, 0.0, 0.0, 0.0, 1.2571725, 0.0, 0.0, 0.0, 0.0, -1.0002604, -1.0, 0.0, 0.0, -0.100013025, 0.0]
899347823538400|5888|-0.5,-3.940663268332713,-20.5|[-2.0, -2.0, -2.0, 3.0, 3.0, 3.0]|[1.0, 0.0, 0.0, 0.0, 0.0, 0.9855228, 0.16954261, 0.0, 0.0, -0.16954261, 0.9855228, 0.0, -0.5, -0.40798998, -20.971329, 1.0]|[0.7857328, 0.0, 0.0, 0.0, 0.0, 1.2571725, 0.0, 0.0, 0.0, 0.0, -1.0002604, -1.0, 0.0, 0.0, -0.100013025, 0.0]
899347938364100|5888|-0.5,-3.940663268332713,-20.5|[-2.0, -2.0, -2.0, 3.0, 3.0, 3.0]|[1.0, 0.0, 0.0, 0.0, 0.0, 0.9855228, 0.16954261, 0.0, 0.0, -0.16954261, 0.9855228, 0.0, -0.5, -0.40798998, -20.971329, 1.0]|[0.7857328, 0.0, 0.0, 0.0, 0.0, 1.2571725, 0.0, 0.0, 0.0, 0.0, -1.0002604, -1.0, 0.0, 0.0, -0.100013025, 0.0]
899348038862200|5888|-0.5,-3.940663268332713,-20.5|[-2.0, -2.0, -2.0, 3.0, 3.0, 3.0]|[1.0, 0.0, 0.0, 0.0, 0.0, 0.9855228, 0.16954261, 0.0, 0.0, -0.16954261, 0.9855228, 0.0, -0.5, -0.40798998, -20.971329, 1.0]|[0.7857328, 0.0, 0.0, 0.0, 0.0, 1.2571725, 0.0, 0.0, 0.0, 0.0, -1.0002604, -1.0, 0.0, 0.0, -0.100013025, 0.0]
899348139241100|5888|-0.5,-3.940663268332713,-20.5|[-2.0, -2.0, -2.0, 3.0, 3.0, 3.0]|[1.0, 0.0, 0.0, 0.0, 0.0, 0.9855228, 0.16954261, 0.0, 0.0, -0.16954261, 0.9855228, 0.0, -0.5, -0.40798998, -20.971329, 1.0]|[0.7857328, 0.0, 0.0, 0.0, 0.0, 1.2571725, 0.0, 0.0, 0.0, 0.0, -1.0002604, -1.0, 0.0, 0.0, -0.100013025, 0.0]
899348255602600|5888|-0.5,-3.940663268332713,-20.5|[-2.0, -2.0, -2.0, 3.0, 3.0, 3.0]|[1.0, 0.0, 0.0, 0.0, 0.0, 0.9855228, 0.16954261, 0.0, 0.0, -0.16954261, 0.9855228, 0.0, -0.5, -0.40798998, -20.971329, 1.0]|[0.7857328, 0.0, 0.0, 0.0, 0.0, 1.2571725, 0.0, 0.0, 0.0, 0.0, -1.0002604, -1.0, 0.0, 0.0, -0.100013025, 0.0]
899348355750700|5888|-0.5,-3.940663268332713,-20.5|[-2.0, -2.0, -2.0, 3.0, 3.0, 3.0]|[1.0, 0.0, 0.0, 0.0, 0.0, 0.9855228, 0.16954261, 0.0, 0.0, -0.16954261, 0.9855228, 0.0, -0.5, -0.40798998, -20.971329, 1.0]|[0.7857328, 0.0, 0.0, 0.0, 0.0, 1.2571725, 0.0, 0.0, 0.0, 0.0, -1.0002604, -1.0, 0.0, 0.0, -0.100013025, 0.0]
899348472210600|5888|-0.5,-3.940663268332713,-20.5|[-2.0, -2.0, -2.0, 3.0, 3.0, 3.0]|[1.0, 0.0, 0.0, 0.0, 0.0, 0.9855228, 0.16954261, 0.0, 0.0, -0.16954261, 0.9855228, 0.0, -0.5, -0.40798998, -20.971329, 1.0]|[0.7857328, 0.0, 0.0, 0.0, 0.0, 1.2571725, 0.0, 0.0, 0.0, 0.0, -1.0002604, -1.0, 0.0, 0.0, -0.100013025, 0.0]
899348572529900|5888|-0.5,-3.940663268332713,-20.5|[-2.0, -2.0, -2.0, 3.0, 3.0, 3.0]|[1.0, 0.0, 0.0, 0.0, 0.0, 0.9855228, 0.16954261, 0.0, 0.0, -0.16954261, 0.9855228, 0.0, -0.5, -0.40798998, -20.971329, 1.0]|[0.7857328, 0.0, 0.0, 0.0, 0.0, 1.2571725, 0.0, 0.0, 0.0, 0.0, -1.0002604, -1.0, 0.0, 0.0, -0.100013025, 0.0]
899348689172800|5888|-0.5,-3.940663268332713,-20.5|[-2.0, -2.0, -2.0, 3.0, 3.0, 3.0]|[1.0, 0.0, 0.0, 0.0, 0.0, 0.9855228, 0.16954261, 0.0, 0.0, -0.16954261, 0.9855228, 0.0, -0.5, -0.40798998, -20.971329, 1.0]|[0.7857328, 0.0, 0.0, 0.0, 0.0, 1.2571725, 0.0, 0.0, 0.0, 0.0, -1.0002604, -1.0, 0.0, 0.0, -0.100013025, 0.0]
899348805392000|5888|-0.5,-3.940663268332713,-20.5|[-2.0, -2.0, -2.0, 3.0, 3.0, 3.0]|[1.0, 0.0, 0.0, 0.0, 0.0, 0.9855228, 0.16954261, 0.0, 0.0, -0.16954261, 0.9855228, 0.0, -0.5, -0.40798998, -20.971329, 1.0]|[0.7857328, 0.0, 0.0, 0.0, 0.0, 1.2571725, 0.0, 0.0, 0.0, 0.0, -1.0002604, -1.0, 0.0, 0.0, -0.100013025, 0.0]
899348923118400|5888|-0.5,-3.940663268332713,-20.5|[-2.0, -2.0, -2.0, 3.0, 3.0, 3.0]|[1.0, 0.0, 0.0, 0.0, 0.0, 0.9855228, 0.16954261, 0.0, 0.0, -0.16954261, 0.9855228, 0.0, -0.5, -0.40798998, -20.971329, 1.0]|[0.7857328, 0.0, 0.0, 0.0, 0.0, 1.2571725, 0.0, 0.0, 0.0, 0.0, -1.0002604, -1.0, 0.0, 0.0, -0.100013025, 0.0]
899349037812100|5888|-0.5,-3.940663268332713,-20.5|[-2.0, -2.0, -2.0, 3.0, 3.0, 3.0]|[1.0, 0.0, 0.0, 0.0, 0.0, 0.9855228, 0.16954261, 0.0, 0.0, -0.16954261, 0.9855228, 0.0, -0.5, -0.40798998, -20.971329, 1.0]|[0.7857328, 0.0, 0.0, 0.0, 0.0, 1.2571725, 0.0, 0.0, 0.0, 0.0, -1.0002604, -1.0, 0.0, 0.0, -0.100013025, 0.0]
899349138522400|5888|-0.5,-3.940663268332713,-20.5|[-2.0, -2.0, -2.0, 3.0, 3.0, 3.0]|[1.0, 0.0, 0.0, 0.0, 0.0, 0.9855228, 0.16954261, 0.0, 0.0, -0.16954261, 0.9855228, 0.0, -0.5, -0.40798998, -20.971329, 1.0]|[0.7857328, 0.0, 0.0, 0.0, 0.0, 1.2571725, 0.0, 0.0, 0.0, 0.0, -1.0002604, -1.0, 0.0, 0.0, -0.100013025, 0.0]
899349254603600|5888|-0.5,-3.940663268332713,-20.5|[-2.0, -2.0, -2.0, 3.0, 3.0, 3.0]|[1.0, 0.0, 0.0, 0.0, 0.0, 0.9855228, 0.16954261, 0.0, 0.0, -0.16954261, 0.9855228, 0.0, -0.5, -0.40798998, -20.971329, 1.0]|[0.7857328, 0.0, 0.0, 0.0, 0.0, 1.2571725, 0.0, 0.0, 0.0, 0.0, -1.0002604, -1.0, 0.0, 0.0, -0.100013025, 0.0]
899349354761400|5888|-0.5,-3.940663268332713,-20.5|[-2.0, -2.0, -2.0, 3.0, 3.0, 3.0]|[1.0, 0.0, 0.0, 0.0, 0.0, 0.9855228, 0.16954261, 0.0, 0.0, -0.16954261, 0.9855228, 0.0, -0.5, -0.40798998, -20.971329, 1.0]|[0.7857328, 0.0, 0.0, 0.0, 0.0, 1.2571725, 0.0, 0.0, 0.0, 0.0, -1.0002604, -1.0, 0.0, 0.0, -0.100013025, 0.0]
899349472083500|5888|-0.5,-3.940663268332713,-20.5|[-2.0, -2.0, -2.0, 3.0, 3.0, 3.0]|[1.0, 0.0, 0.0, 0.0, 0.0, 0.9855228, 0.16954261, 0.0, 0.0, -0.16954261, 0.9855228, 0.0, -0.5, -0.40798998, -20.971329, 1.0]|[0.7857328, 0.0, 0.0, 0.0, 0.0, 1.2571725, 0.0, 0.0, 0.0, 0.0, -1.0002604, -1.0, 0.0, 0.0, -0.100013025, 0.0]
899349572396800|5888|-0.5,-3.940663268332713,-20.5|[-2.0, -2.0, -2.0, 3.0, 3.0, 3.0]|[1.0, 0.0, 0.0, 0.0, 0.0, 0.9855228, 0.16954261, 0.0, 0.0, -0.16954261, 0.9855228, 0.0, -0.5, -0.40798998, -20.971329, 1.0]|[0.7857328, 0.0, 0.0, 0.0, 0.0, 1.2571725, 0.0, 0.0, 0.0, 0.0, -1.0002604, -1.0, 0.0, 0.0, -0.100013025, 0.0]
899349688226800|5888|-0.5,-3.940663268332713,-20.5|[-2.0, -2.0, -2.0, 3.0, 3.0, 3.0]|[1.0, 0.0, 0.0, 0.0, 0.0, 0.9855228, 0.16954261, 0.0, 0.0, -0.16954261, 0.9855228, 0.0, -0.5, -0.40798998, -20.971329, 1.0]|[0.7857328, 0.0, 0.0, 0.0, 0.0, 1.2571725, 0.0, 0.0, 0.0, 0.0, -1.0002604, -1.0, 0.0, 0.0, -0.100013025, 0.0]
899349804493800|5888|-0.5,-3.940663268332713,-20.5|[-2.0, -2.0, -2.0, 3.0, 3.0, 3.0]|[1.0, 0.0, 0.0, 0.0, 0.0, 0.9855228, 0.16954261, 0.0, 0.0, -0.16954261, 0.9855228, 0.0, -0.5, -0.40798998, -20.971329, 1.0]|[0.7857328, 0.0, 0.0, 0.0, 0.0, 1.2571725, 0.0, 0.0, 0.0, 0.0, -1.0002604, -1.0, 0.0, 0.0, -0.100013025, 0.0]
899349904813900|5888|-0.5,-3.940663268332713,-20.5|[-2.0, -2.0, -2.0, 3.0, 3.0, 3.0]|[1.0, 0.0, 0.0, 0.0, 0.0, 0.9855228, 0.16954261, 0.0, 0.0, -0.16954261, 0.9855228, 0.0, -0.5, -0.40798998, -20.971329, 1.0]|[0.7857328, 0.0, 0.0, 0.0, 0.0, 1.2571725, 0.0, 0.0, 0.0, 0.0, -1.0002604, -1.0, 0.0, 0.0, -0.100013025, 0.0]
899350005035900|5888|-0.5,-3.940663268332713,-20.5|[-2.0, -2.0, -2.0, 3.0, 3.0, 3.0]|[1.0, 0.0, 0.0, 0.0, 0.0, 0.9855228, 0.16954261, 0.0, 0.0, -0.16954261, 0.9855228, 0.0, -0.5, -0.40798998, -20.971329, 1.0]|[0.7857328, 0.0, 0.0, 0.0, 0.0, 1.2571725, 0.0, 0.0, 0.0, 0.0, -1.0002604, -1.0, 0.0, 0.0, -0.100013025, 0.0]
899350121945300|5888|-0.5,-3.940663268332713,-20.5|[-2.0, -2.0, -2.0, 3.0, 3.0, 3.0]|[1.0, 0.0, 0.0, 0.0, 0.0, 0.9855228, 0.16954261, 0.0, 0.0, -0.16954261, 0.9855228, 0.0, -0.5, -0.40798998, -20.971329, 1.0]|[0.7857328, 0.0, 0.0, 0.0, 0.0, 1.2571725, 0.0, 0.0, 0.0, 0.0, -1.0002604, -1.0, 0.0, 0.0, -0.100013025, 0.0]
899350224311300|5888|-0.5,-3.940663268332713,-20.5|[-2.0, -2.0, -2.0, 3.0, 3.0, 3.0]|[1.0, 0.0, 0.0, 0.0, 0.0, 0.9855228, 0.16954261, 0.0, 0.0, -0.16954261, 0.9855228, 0.0, -0.5, -0.40798998, -20.971329, 1.0]|[0.7857328, 0.0, 0.0, 0.0, 0.0, 1.2571725, 0.0, 0.0, 0.0, 0.0, -1.0002604, -1.0, 0.0, 0.0, -0.100013025, 0.0]
899350337876400|5888|-0.5,-3.940663268332713,-20.5|[-2.0, -2.0, -2.0, 3.0, 3.0, 3.0]|[1.0, 0.0, 0.0, 0.0, 0.0, 0.9855228, 0.16954261, 0.0, 0.0, -0.16954261, 0.9855228, 0.0, -0.5, -0.40798998, -20.971329, 1.0]|[0.7857328, 0.0, 0.0, 0.0, 0.0, 1.2571725, 0.0, 0.0, 0.0, 0.0, -1.0002604, -1.0, 0.0, 0.0, -0.100013025, 0.0]
899350438715400|5888|-0.5,-3.940663268332713,-20.5|[-2.0, -2.0, -2.0, 3.0, 3.0, 3.0]|[1.0, 0.0, 0.0, 0.0, 0.0, 0.9855228, 0.16954261, 0.0, 0.0, -0.16954261, 0.9855228, 0.0, -0.5, -0.40798998, -20.971329, 1.0]|[0.7857328, 0.0, 0.0, 0.0, 0.0, 1.2571725, 0.0, 0.0, 0.0, 0.0, -1.0002604, -1.0, 0.0, 0.0, -0.100013025, 0.0]
899350554519400|5888|-0.5,-3.940663268332713,-20.5|[-2.0, -2.0, -2.0, 3.0, 3.0, 3.0]|[1.0, 0.0, 0.0, 0.0, 0.0, 0.9855228, 0.16954261, 0.0, 0.0, -0.16954261, 0.9855228, 0.0, -0.5, -0.40798998, -20.971329, 1.0]|[0.7857328, 0.0, 0.0, 0.0, 0.0, 1.2571725, 0.0, 0.0, 0.0, 0.0, -1.0002604, -1.0, 0.0, 0.0, -0.100013025, 0.0]
899350654551000|5888|39.5,-2.940663268332713,-20.5|[-16.0, -16.0, -16.0, 17.0, 17.0, 17.0]|[1.0, 0.0, 0.0, 0.0, 0.0, 0.9855228, 0.16954261, 0.0, 0.0, -0.16954261, 0.9855228, 0.0, 39.5, 0.57753277, -20.801786, 1.0]|[0.7857328, 0.0, 0.0, 0.0, 0.0, 1.2571725, 0.0, 0.0, 0.0, 0.0, -1.0002604, -1.0, 0.0, 0.0, -0.100013025, 0.0]
899350772250100|5888|-0.5,-3.940663268332713,-20.5|[-2.0, -2.0, -2.0, 3.0, 3.0, 3.0]|[1.0, 0.0, 0.0, 0.0, 0.0, 0.9855228, 0.16954261, 0.0, 0.0, -0.16954261, 0.9855228, 0.0, -0.5, -0.40798998, -20.971329, 1.0]|[0.7857328, 0.0, 0.0, 0.0, 0.0, 1.2571725, 0.0, 0.0, 0.0, 0.0, -1.0002604, -1.0, 0.0, 0.0, -0.100013025, 0.0]
899350873131800|5888|-0.5,-3.940663268332713,-20.5|[-2.0, -2.0, -2.0, 3.0, 3.0, 3.0]|[1.0, 0.0, 0.0, 0.0, 0.0, 0.9855228, 0.16954261, 0.0, 0.0, -0.16954261, 0.9855228, 0.0, -0.5, -0.40798998, -20.971329, 1.0]|[0.7857328, 0.0, 0.0, 0.0, 0.0, 1.2571725, 0.0, 0.0, 0.0, 0.0, -1.0002604, -1.0, 0.0, 0.0, -0.100013025, 0.0]
899350987779800|5888|-0.5,-3.940663268332713,-20.5|[-2.0, -2.0, -2.0, 3.0, 3.0, 3.0]|[1.0, 0.0, 0.0, 0.0, 0.0, 0.9855228, 0.16954261, 0.0, 0.0, -0.16954261, 0.9855228, 0.0, -0.5, -0.40798998, -20.971329, 1.0]|[0.7857328, 0.0, 0.0, 0.0, 0.0, 1.2571725, 0.0, 0.0, 0.0, 0.0, -1.0002604, -1.0, 0.0, 0.0, -0.100013025, 0.0]
899351088195100|5888|-0.5,-3.940663268332713,-20.5|[-2.0, -2.0, -2.0, 3.0, 3.0, 3.0]|[1.0, 0.0, 0.0, 0.0, 0.0, 0.9855228, 0.16954261, 0.0, 0.0, -0.16954261, 0.9855228, 0.0, -0.5, -0.40798998, -20.971329, 1.0]|[0.7857328, 0.0, 0.0, 0.0, 0.0, 1.2571725, 0.0, 0.0, 0.0, 0.0, -1.0002604, -1.0, 0.0, 0.0, -0.100013025, 0.0]
899351204387700|5888|-0.5,-3.940663268332713,-20.5|[-2.0, -2.0, -2.0, 3.0, 3.0, 3.0]|[1.0, 0.0, 0.0, 0.0, 0.0, 0.9855228, 0.16954261, 0.0, 0.0, -0.16954261, 0.9855228, 0.0, -0.5, -0.40798998, -20.971329, 1.0]|[0.7857328, 0.0, 0.0, 0.0, 0.0, 1.2571725, 0.0, 0.0, 0.0, 0.0, -1.0002604, -1.0, 0.0, 0.0, -0.100013025, 0.0]
899351305846400|5888|-0.5,-3.940663268332713,-20.5|[-2.0, -2.0, -2.0, 3.0, 3.0, 3.0]|[1.0, 0.0, 0.0, 0.0, 0.0, 0.9855228, 0.16954261, 0.0, 0.0, -0.16954261, 0.9855228, 0.0, -0.5, -0.40798998, -20.971329, 1.0]|[0.7857328, 0.0, 0.0, 0.0, 0.0, 1.2571725, 0.0, 0.0, 0.0, 0.0, -1.0002604, -1.0, 0.0, 0.0, -0.100013025, 0.0]
899351421912300|5888|-0.5,-3.940663268332713,-20.5|[-2.0, -2.0, -2.0, 3.0, 3.0, 3.0]|[1.0, 0.0, 0.0, 0.0, 0.0, 0.9855228, 0.16954261, 0.0, 0.0, -0.16954261, 0.9855228, 0.0, -0.5, -0.40798998, -20.971329, 1.0]|[0.7857328, 0.0, 0.0, 0.0, 0.0, 1.2571725, 0.0, 0.0, 0.0, 0.0, -1.0002604, -1.0, 0.0, 0.0, -0.100013025, 0.0]
899351522899300|5888|-0.5,-3.940663268332713,-20.5|[-2.0, -2.0, -2.0, 3.0, 3.0, 3.0]|[1.0, 0.0, 0.0, 0.0, 0.0, 0.9855228, 0.16954261, 0.0, 0.0, -0.16954261, 0.9855228, 0.0, -0.5, -0.40798998, -20.971329, 1.0]|[0.7857328, 0.0, 0.0, 0.0, 0.0, 1.2571725, 0.0, 0.0, 0.0, 0.0, -1.0002604, -1.0, 0.0, 0.0, -0.100013025, 0.0]
899351638188900|5888|-0.5,-3.940663268332713,-20.5|[-2.0, -2.0, -2.0, 3.0, 3.0, 3.0]|[1.0, 0.0, 0.0, 0.0, 0.0, 0.9855228, 0.16954261, 0.0, 0.0, -0.16954261, 0.9855228, 0.0, -0.5, -0.40798998, -20.971329, 1.0]|[0.7857328, 0.0, 0.0, 0.0, 0.0, 1.2571725, 0.0, 0.0, 0.0, 0.0, -1.0002604, -1.0, 0.0, 0.0, -0.100013025, 0.0]
899351754771800|5888|-0.5,-3.940663268332713,-20.5|[-2.0, -2.0, -2.0, 3.0, 3.0, 3.0]|[1.0, 0.0, 0.0, 0.0, 0.0, 0.9855228, 0.16954261, 0.0, 0.0, -0.16954261, 0.9855228, 0.0, -0.5, -0.40798998, -20.971329, 1.0]|[0.7857328, 0.0, 0.0, 0.0, 0.0, 1.2571725, 0.0, 0.0, 0.0, 0.0, -1.0002604, -1.0, 0.0, 0.0, -0.100013025, 0.0]
899351871951900|5888|-0.5,-3.940663268332713,-20.5|[-2.0, -2.0, -2.0, 3.0, 3.0, 3.0]|[1.0, 0.0, 0.0, 0.0, 0.0, 0.9855228, 0.16954261, 0.0, 0.0, -0.16954261, 0.9855228, 0.0, -0.5, -0.40798998, -20.971329, 1.0]|[0.7857328, 0.0, 0.0, 0.0, 0.0, 1.2571725, 0.0, 0.0, 0.0, 0.0, -1.0002604, -1.0, 0.0, 0.0, -0.100013025, 0.0]
899351972272100|5888|-0.5,-3.940663268332713,-20.5|[-2.0, -2.0, -2.0, 3.0, 3.0, 3.0]|[1.0, 0.0, 0.0, 0.0, 0.0, 0.9855228, 0.16954261, 0.0, 0.0, -0.16954261, 0.9855228, 0.0, -0.5, -0.40798998, -20.971329, 1.0]|[0.7857328, 0.0, 0.0, 0.0, 0.0, 1.2571725, 0.0, 0.0, 0.0, 0.0, -1.0002604, -1.0, 0.0, 0.0, -0.100013025, 0.0]
899352087827900|5888|-0.5,-3.940663268332713,-20.5|[-2.0, -2.0, -2.0, 3.0, 3.0, 3.0]|[1.0, 0.0, 0.0, 0.0, 0.0, 0.9855228, 0.16954261, 0.0, 0.0, -0.16954261, 0.9855228, 0.0, -0.5, -0.40798998, -20.971329, 1.0]|[0.7857328, 0.0, 0.0, 0.0, 0.0, 1.2571725, 0.0, 0.0, 0.0, 0.0, -1.0002604, -1.0, 0.0, 0.0, -0.100013025, 0.0]
899352188303900|5888|-0.5,-3.940663268332713,-20.5|[-2.0, -2.0, -2.0, 3.0, 3.0, 3.0]|[1.0, 0.0, 0.0, 0.0, 0.0, 0.9855228, 0.16954261, 0.0, 0.0, -0.16954261, 0.9855228, 0.0, -0.5, -0.40798998, -20.971329, 1.0]|[0.7857328, 0.0, 0.0, 0.0, 0.0, 1.2571725, 0.0, 0.0, 0.0, 0.0, -1.0002604, -1.0, 0.0, 0.0, -0.100013025, 0.0]
899352288546900|5888|-0.5,-3.940663268332713,-20.5|[-2.0, -2.0, -2.0, 3.0, 3.0, 3.0]|[1.0, 0.0, 0.0, 0.0, 0.0, 0.9855228, 0.16954261, 0.0, 0.0, -0.16954261, 0.9855228, 0.0, -0.5, -0.40798998, -20.971329, 1.0]|[0.7857328, 0.0, 0.0, 0.0, 0.0, 1.2571725, 0.0, 0.0, 0.0, 0.0, -1.0002604, -1.0, 0.0, 0.0, -0.100013025, 0.0]
899352404649700|5888|-0.5,-3.940663268332713,-20.5|[-2.0, -2.0, -2.0, 3.0, 3.0, 3.0]|[1.0, 0.0, 0.0, 0.0, 0.0, 0.9855228, 0.16954261, 0.0, 0.0, -0.16954261, 0.9855228, 0.0, -0.5, -0.40798998, -20.971329, 1.0]|[0.7857328, 0.0, 0.0, 0.0, 0.0, 1.2571725, 0.0, 0.0, 0.0, 0.0, -1.0002604, -1.0, 0.0, 0.0, -0.100013025, 0.0]
899352521778300|5888|-0.5,-3.940663268332713,-20.5|[-2.0, -2.0, -2.0, 3.0, 3.0, 3.0]|[1.0, 0.0, 0.0, 0.0, 0.0, 0.9855228, 0.16954261, 0.0, 0.0, -0.16954261, 0.9855228, 0.0, -0.5, -0.40798998, -20.971329, 1.0]|[0.7857328, 0.0, 0.0, 0.0, 0.0, 1.2571725, 0.0, 0.0, 0.0, 0.0, -1.0002604, -1.0, 0.0, 0.0, -0.100013025, 0.0]
899352622087400|5888|-0.5,-3.940663268332713,-20.5|[-2.0, -2.0, -2.0, 3.0, 3.0, 3.0]|[1.0, 0.0, 0.0, 0.0, 0.0, 0.9855228, 0.16954261, 0.0, 0.0, -0.16954261, 0.9855228, 0.0, -0.5, -0.40798998, -20.971329, 1.0]|[0.7857328, 0.0, 0.0, 0.0, 0.0, 1.2571725, 0.0, 0.0, 0.0, 0.0, -1.0002604, -1.0, 0.0, 0.0, -0.100013025, 0.0]
899352737952200|5888|-0.5,-3.940663268332713,-20.5|[-2.0, -2.0, -2.0, 3.0, 3.0, 3.0]|[1.0, 0.0, 0.0, 0.0, 0.0, 0.9855228, 0.16954261, 0.0, 0.0, -0.16954261, 0.9855228, 0.0, -0.5, -0.40798998, -20.971329, 1.0]|[0.7857328, 0.0, 0.0, 0.0, 0.0, 1.2571725, 0.0, 0.0, 0.0, 0.0, -1.0002604, -1.0, 0.0, 0.0, -0.100013025, 0.0]
899352838212800|5888|-0.5,-3.940663268332713,-20.5|[-2.0, -2.0, -2.0, 3.0, 3.0, 3.0]|[1.0, 0.0, 0.0, 0.0, 0.0, 0.9855228, 0.16954261, 0.0, 0.0, -0.16954261, 0.9855228, 0.0, -0.5, -0.40798998, -20.971329, 1.0]|[0.7857328, 0.0, 0.0, 0.0, 0.0, 1.2571725, 0.0, 0.0, 0.0, 0.0, -1.0002604, -1.0, 0.0, 0.0, -0.100013025, 0.0]
899352954376600|5888|-0.5,-3.940663268332713,-20.5|[-2.0, -2.0, -2.0, 3.0, 3.0, 3.0]|[1.0, 0.0, 0.0, 0.0, 0.0, 0.9855228, 0.16954261, 0.0, 0.0, -0.16954261, 0.9855228, 0.0, -0.5, -0.40798998, -20.971329, 1.0]|[0.7857328, 0.0, 0.0, 0.0, 0.0, 1.2571725, 0.0, 0.0, 0.0, 0.0, -1.0002604, -1.0, 0.0, 0.0, -0.100013025, 0.0]
899353072188300|5888|-0.5,-3.940663268332713,-20.5|[-2.0, -2.0, -2.0, 3.0, 3.0, 3.0]|[1.0, 0.0, 0.0, 0.0, 0.0, 0.9855228, 0.16954261, 0.0, 0.0, -0.16954261, 0.9855228, 0.0, -0.5, -0.40798998, -20.971329, 1.0]|[0.7857328, 0.0, 0.0, 0.0, 0.0, 1.2571725, 0.0, 0.0, 0.0, 0.0, -1.0002604, -1.0, 0.0, 0.0, -0.100013025, 0.0]
899353187704600|5888|-0.5,-3.940663268332713,-20.5|[-2.0, -2.0, -2.0, 3.0, 3.0, 3.0]|[1.0, 0.0, 0.0, 0.0, 0.0, 0.9855228, 0.16954261, 0.0, 0.0, -0.16954261, 0.9855228, 0.0, -0.5, -0.40798998, -20.971329, 1.0]|[0.7857328, 0.0, 0.0, 0.0, 0.0, 1.2571725, 0.0, 0.0, 0.0, 0.0, -1.0002604, -1.0, 0.0, 0.0, -0.100013025, 0.0]
899353288414900|5888|-0.5,-3.940663268332713,-20.5|[-2.0, -2.0, -2.0, 3.0, 3.0, 3.0]|[1.0, 0.0, 0.0, 0.0, 0.0, 0.9855228, 0.16954261, 0.0, 0.0, -0.16954261, 0.9855228, 0.0, -0.5, -0.40798998, -20.971329, 1.0]|[0.7857328, 0.0, 0.0, 0.0, 0.0, 1.2571725, 0.0, 0.0, 0.0, 0.0, -1.0002604, -1.0, 0.0, 0.0, -0.100013025, 0.0]
899353404500700|5888|-0.5,-3.940663268332713,-20.5|[-2.0, -2.0, -2.0, 3.0, 3.0, 3.0]|[1.0, 0.0, 0.0, 0.0, 0.0, 0.9855228, 0.16954261, 0.0, 0.0, -0.16954261, 0.9855228, 0.0, -0.5, -0.40798998, -20.971329, 1.0]|[0.7857328, 0.0, 0.0, 0.0, 0.0, 1.2571725, 0.0, 0.0, 0.0, 0.0, -1.0002604, -1.0, 0.0, 0.0, -0.100013025, 0.0]
899353504825100|5888|-0.5,-3.940663268332713,-20.5|[-2.0, -2.0, -2.0, 3.0, 3.0, 3.0]|[1.0, 0.0, 0.0, 0.0, 0.0, 0.9855228, 0.16954261, 0.0, 0.0, -0.16954261, 0.9855228, 0.0, -0.5, -0.40798998, -20.971329, 1.0]|[0.7857328, 0.0, 0.0, 0.0, 0.0, 1.2571725, 0.0, 0.0, 0.0, 0.0, -1.0002604, -1.0, 0.0, 0.0, -0.100013025, 0.0]
899353621987000|5888|-0.5,-3.940663268332713,-20.5|[-2.0, -2.0, -2.0, 3.0, 3.0, 3.0]|[1.0, 0.0, 0.0, 0.0, 0.0, 0.9855228, 0.16954261, 0.0, 0.0, -0.16954261, 0.9855228, 0.0, -0.5, -0.40798998, -20.971329, 1.0]|[0.7857328, 0.0, 0.0, 0.0, 0.0, 1.2571725, 0.0, 0.0, 0.0, 0.0, -1.0002604, -1.0, 0.0, 0.0, -0.100013025, 0.0]
899353722304700|5888|-0.5,-3.940663268332713,-20.5|[-2.0, -2.0, -2.0, 3.0, 3.0, 3.0]|[1.0, 0.0, 0.0, 0.0, 0.0, 0.9855228, 0.16954261, 0.0, 0.0, -0.16954261, 0.9855228, 0.0, -0.5, -0.40798998, -20.971329, 1.0]|[0.7857328, 0.0, 0.0, 0.0, 0.0, 1.2571725, 0.0, 0.0, 0.0, 0.0, -1.0002604, -1.0, 0.0, 0.0, -0.100013025, 0.0]
899353837744600|5888|-0.5,-3.940663268332713,-20.5|[-2.0, -2.0, -2.0, 3.0, 3.0, 3.0]|[1.0, 0.0, 0.0, 0.0, 0.0, 0.9855228, 0.16954261, 0.0, 0.0, -0.16954261, 0.9855228, 0.0, -0.5, -0.40798998, -20.971329, 1.0]|[0.7857328, 0.0, 0.0, 0.0, 0.0, 1.2571725, 0.0, 0.0, 0.0, 0.0, -1.0002604, -1.0, 0.0, 0.0, -0.100013025, 0.0]
899353937835100|5888|-0.5,-3.940663268332713,-20.5|[-2.0, -2.0, -2.0, 3.0, 3.0, 3.0]|[1.0, 0.0, 0.0, 0.0, 0.0, 0.9855228, 0.16954261, 0.0, 0.0, -0.16954261, 0.9855228, 0.0, -0.5, -0.40798998, -20.971329, 1.0]|[0.7857328, 0.0, 0.0, 0.0, 0.0, 1.2571725, 0.0, 0.0, 0.0, 0.0, -1.0002604, -1.0, 0.0, 0.0, -0.100013025, 0.0]
899354038412800|5888|-0.5,-3.940663268332713,-20.5|[-2.0, -2.0, -2.0, 3.0, 3.0, 3.0]|[1.0, 0.0, 0.0, 0.0, 0.0, 0.9855228, 0.16954261, 0.0, 0.0, -0.16954261, 0.9855228, 0.0, -0.5, -0.40798998, -20.971329, 1.0]|[0.7857328, 0.0, 0.0, 0.0, 0.0, 1.2571725, 0.0, 0.0, 0.0, 0.0, -1.0002604, -1.0, 0.0, 0.0, -0.100013025, 0.0]
899354155203000|5888|-0.5,-3.940663268332713,-20.5|[-2.0, -2.0, -2.0, 3.0, 3.0, 3.0]|[1.0, 0.0, 0.0, 0.0, 0.0, 0.9855228, 0.16954261, 0.0, 0.0, -0.16954261, 0.9855228, 0.0, -0.5, -0.40798998, -20.971329, 1.0]|[0.7857328, 0.0, 0.0, 0.0, 0.0, 1.2571725, 0.0, 0.0, 0.0, 0.0, -1.0002604, -1.0, 0.0, 0.0, -0.100013025, 0.0]
899354255551000|5888|-0.5,-3.940663268332713,-20.5|[-2.0, -2.0, -2.0, 3.0, 3.0, 3.0]|[1.0, 0.0, 0.0, 0.0, 0.0, 0.9855228, 0.16954261, 0.0, 0.0, -0.16954261, 0.9855228, 0.0, -0.5, -0.40798998, -20.971329, 1.0]|[0.7857328, 0.0, 0.0, 0.0, 0.0, 1.2571725, 0.0, 0.0, 0.0, 0.0, -1.0002604, -1.0, 0.0, 0.0, -0.100013025, 0.0]
899354372030800|5888|-0.5,-3.940663268332713,-20.5|[-2.0, -2.0, -2.0, 3.0, 3.0, 3.0]|[1.0, 0.0, 0.0, 0.0, 0.0, 0.9855228, 0.16954261, 0.0, 0.0, -0.16954261, 0.9855228, 0.0, -0.5, -0.40798998, -20.971329, 1.0]|[0.7857328, 0.0, 0.0, 0.0, 0.0, 1.2571725, 0.0, 0.0, 0.0, 0.0, -1.0002604, -1.0, 0.0, 0.0, -0.100013025, 0.0]
899354472035800|5888|39.5,-2.940663268332713,-20.5|[-16.0, -16.0, -16.0, 17.0, 17.0, 17.0]|[1.0, 0.0, 0.0, 0.0, 0.0, 0.9855228, 0.16954261, 0.0, 0.0, -0.16954261, 0.9855228, 0.0, 39.5, 0.57753277, -20.801786, 1.0]|[0.7857328, 0.0, 0.0, 0.0, 0.0, 1.2571725, 0.0, 0.0, 0.0, 0.0, -1.0002604, -1.0, 0.0, 0.0, -0.100013025, 0.0]
899354588262000|5888|-0.5,-3.940663268332713,-20.5|[-2.0, -2.0, -2.0, 3.0, 3.0, 3.0]|[1.0, 0.0, 0.0, 0.0, 0.0, 0.9855228, 0.16954261, 0.0, 0.0, -0.16954261, 0.9855228, 0.0, -0.5, -0.40798998, -20.971329, 1.0]|[0.7857328, 0.0, 0.0, 0.0, 0.0, 1.2571725, 0.0, 0.0, 0.0, 0.0, -1.0002604, -1.0, 0.0, 0.0, -0.100013025, 0.0]
899354688263400|5888|-0.5,-3.940663268332713,-20.5|[-2.0, -2.0, -2.0, 3.0, 3.0, 3.0]|[1.0, 0.0, 0.0, 0.0, 0.0, 0.9855228, 0.16954261, 0.0, 0.0, -0.16954261, 0.9855228, 0.0, -0.5, -0.40798998, -20.971329, 1.0]|[0.7857328, 0.0, 0.0, 0.0, 0.0, 1.2571725, 0.0, 0.0, 0.0, 0.0, -1.0002604, -1.0, 0.0, 0.0, -0.100013025, 0.0]
899354804262300|5888|-0.5,-3.940663268332713,-20.5|[-2.0, -2.0, -2.0, 3.0, 3.0, 3.0]|[1.0, 0.0, 0.0, 0.0, 0.0, 0.9855228, 0.16954261, 0.0, 0.0, -0.16954261, 0.9855228, 0.0, -0.5, -0.40798998, -20.971329, 1.0]|[0.7857328, 0.0, 0.0, 0.0, 0.0, 1.2571725, 0.0, 0.0, 0.0, 0.0, -1.0002604, -1.0, 0.0, 0.0, -0.100013025, 0.0]
899354904362800|5888|-0.5,-3.940663268332713,-20.5|[-2.0, -2.0, -2.0, 3.0, 3.0, 3.0]|[1.0, 0.0, 0.0, 0.0, 0.0, 0.9855228, 0.16954261, 0.0, 0.0, -0.16954261, 0.9855228, 0.0, -0.5, -0.40798998, -20.971329, 1.0]|[0.7857328, 0.0, 0.0, 0.0, 0.0, 1.2571725, 0.0, 0.0, 0.0, 0.0, -1.0002604, -1.0, 0.0, 0.0, -0.100013025, 0.0]
899355004367400|5888|39.5,-2.940663268332713,-20.5|[-16.0, -16.0, -16.0, 17.0, 17.0, 17.0]|[1.0, 0.0, 0.0, 0.0, 0.0, 0.9855228, 0.16954261, 0.0, 0.0, -0.16954261, 0.9855228, 0.0, 39.5, 0.57753277, -20.801786, 1.0]|[0.7857328, 0.0, 0.0, 0.0, 0.0, 1.2571725, 0.0, 0.0, 0.0, 0.0, -1.0002604, -1.0, 0.0, 0.0, -0.100013025, 0.0]
899355104477500|5888|-0.5,-3.940663268332713,-20.5|[-2.0, -2.0, -2.0, 3.0, 3.0, 3.0]|[1.0, 0.0, 0.0, 0.0, 0.0, 0.9855228, 0.16954261, 0.0, 0.0, -0.16954261, 0.9855228, 0.0, -0.5, -0.40798998, -20.971329, 1.0]|[0.7857328, 0.0, 0.0, 0.0, 0.0, 1.2571725, 0.0, 0.0, 0.0, 0.0, -1.0002604, -1.0, 0.0, 0.0, -0.100013025, 0.0]
899355221667100|5888|-0.5,-3.940663268332713,-20.5|[-2.0, -2.0, -2.0, 3.0, 3.0, 3.0]|[1.0, 0.0, 0.0, 0.0, 0.0, 0.9855228, 0.16954261, 0.0, 0.0, -0.16954261, 0.9855228, 0.0, -0.5, -0.40798998, -20.971329, 1.0]|[0.7857328, 0.0, 0.0, 0.0, 0.0, 1.2571725, 0.0, 0.0, 0.0, 0.0, -1.0002604, -1.0, 0.0, 0.0, -0.100013025, 0.0]
899355322504400|5888|-0.5,-3.940663268332713,-20.5|[-2.0, -2.0, -2.0, 3.0, 3.0, 3.0]|[1.0, 0.0, 0.0, 0.0, 0.0, 0.9855228, 0.16954261, 0.0, 0.0, -0.16954261, 0.9855228, 0.0, -0.5, -0.40798998, -20.971329, 1.0]|[0.7857328, 0.0, 0.0, 0.0, 0.0, 1.2571725, 0.0, 0.0, 0.0, 0.0, -1.0002604, -1.0, 0.0, 0.0, -0.100013025, 0.0]
899355437678300|5888|-0.5,-3.940663268332713,-20.5|[-2.0, -2.0, -2.0, 3.0, 3.0, 3.0]|[1.0, 0.0, 0.0, 0.0, 0.0, 0.9855228, 0.16954261, 0.0, 0.0, -0.16954261, 0.9855228, 0.0, -0.5, -0.40798998, -20.971329, 1.0]|[0.7857328, 0.0, 0.0, 0.0, 0.0, 1.2571725, 0.0, 0.0, 0.0, 0.0, -1.0002604, -1.0, 0.0, 0.0, -0.100013025, 0.0]
899355554850300|5888|-0.5,-3.940663268332713,-20.5|[-2.0, -2.0, -2.0, 3.0, 3.0, 3.0]|[1.0, 0.0, 0.0, 0.0, 0.0, 0.9855228, 0.16954261, 0.0, 0.0, -0.16954261, 0.9855228, 0.0, -0.5, -0.40798998, -20.971329, 1.0]|[0.7857328, 0.0, 0.0, 0.0, 0.0, 1.2571725, 0.0, 0.0, 0.0, 0.0, -1.0002604, -1.0, 0.0, 0.0, -0.100013025, 0.0]
899355671716900|5888|-0.5,-3.940663268332713,-20.5|[-2.0, -2.0, -2.0, 3.0, 3.0, 3.0]|[1.0, 0.0, 0.0, 0.0, 0.0, 0.9855228, 0.16954261, 0.0, 0.0, -0.16954261, 0.9855228, 0.0, -0.5, -0.40798998, -20.971329, 1.0]|[0.7857328, 0.0, 0.0, 0.0, 0.0, 1.2571725, 0.0, 0.0, 0.0, 0.0, -1.0002604, -1.0, 0.0, 0.0, -0.100013025, 0.0]
899355772186000|5888|-0.5,-3.940663268332713,-20.5|[-2.0, -2.0, -2.0, 3.0, 3.0, 3.0]|[1.0, 0.0, 0.0, 0.0, 0.0, 0.9855228, 0.16954261, 0.0, 0.0, -0.16954261, 0.9855228, 0.0, -0.5, -0.40798998, -20.971329, 1.0]|[0.7857328, 0.0, 0.0, 0.0, 0.0, 1.2571725, 0.0, 0.0, 0.0, 0.0, -1.0002604, -1.0, 0.0, 0.0, -0.100013025, 0.0]
899355887904900|5888|-0.5,-3.940663268332713,-20.5|[-2.0, -2.0, -2.0, 3.0, 3.0, 3.0]|[1.0, 0.0, 0.0, 0.0, 0.0, 0.9855228, 0.16954261, 0.0, 0.0, -0.16954261, 0.9855228, 0.0, -0.5, -0.40798998, -20.971329, 1.0]|[0.7857328, 0.0, 0.0, 0.0, 0.0, 1.2571725, 0.0, 0.0, 0.0, 0.0, -1.0002604, -1.0, 0.0, 0.0, -0.100013025, 0.0]
899356004537300|5888|-0.5,-3.940663268332713,-20.5|[-2.0, -2.0, -2.0, 3.0, 3.0, 3.0]|[1.0, 0.0, 0.0, 0.0, 0.0, 0.9855228, 0.16954261, 0.0, 0.0, -0.16954261, 0.9855228, 0.0, -0.5, -0.40798998, -20.971329, 1.0]|[0.7857328, 0.0, 0.0, 0.0, 0.0, 1.2571725, 0.0, 0.0, 0.0, 0.0, -1.0002604, -1.0, 0.0, 0.0, -0.100013025, 0.0]
899356121722500|5888|-0.5,-3.940663268332713,-20.5|[-2.0, -2.0, -2.0, 3.0, 3.0, 3.0]|[1.0, 0.0, 0.0, 0.0, 0.0, 0.9855228, 0.16954261, 0.0, 0.0, -0.16954261, 0.9855228, 0.0, -0.5, -0.40798998, -20.971329, 1.0]|[0.7857328, 0.0, 0.0, 0.0, 0.0, 1.2571725, 0.0, 0.0, 0.0, 0.0, -1.0002604, -1.0, 0.0, 0.0, -0.100013025, 0.0]
899356222071300|5888|-0.5,-3.940663268332713,-20.5|[-2.0, -2.0, -2.0, 3.0, 3.0, 3.0]|[1.0, 0.0, 0.0, 0.0, 0.0, 0.9855228, 0.16954261, 0.0, 0.0, -0.16954261, 0.9855228, 0.0, -0.5, -0.40798998, -20.971329, 1.0]|[0.7857328, 0.0, 0.0, 0.0, 0.0, 1.2571725, 0.0, 0.0, 0.0, 0.0, -1.0002604, -1.0, 0.0, 0.0, -0.100013025, 0.0]
899356337618000|5888|-0.5,-3.940663268332713,-20.5|[-2.0, -2.0, -2.0, 3.0, 3.0, 3.0]|[1.0, 0.0, 0.0, 0.0, 0.0, 0.9855228, 0.16954261, 0.0, 0.0, -0.16954261, 0.9855228, 0.0, -0.5, -0.40798998, -20.971329, 1.0]|[0.7857328, 0.0, 0.0, 0.0, 0.0, 1.2571725, 0.0, 0.0, 0.0, 0.0, -1.0002604, -1.0, 0.0, 0.0, -0.100013025, 0.0]
899356437886400|5888|-0.5,-3.940663268332713,-20.5|[-2.0, -2.0, -2.0, 3.0, 3.0, 3.0]|[1.0, 0.0, 0.0, 0.0, 0.0, 0.9855228, 0.16954261, 0.0, 0.0, -0.16954261, 0.9855228, 0.0, -0.5, -0.40798998, -20.971329, 1.0]|[0.7857328, 0.0, 0.0, 0.0, 0.0, 1.2571725, 0.0, 0.0, 0.0, 0.0, -1.0002604, -1.0, 0.0, 0.0, -0.100013025, 0.0]
899356554260300|5888|-0.5,-3.940663268332713,-20.5|[-2.0, -2.0, -2.0, 3.0, 3.0, 3.0]|[1.0, 0.0, 0.0, 0.0, 0.0, 0.9855228, 0.16954261, 0.0, 0.0, -0.16954261, 0.9855228, 0.0, -0.5, -0.40798998, -20.971329, 1.0]|[0.7857328, 0.0, 0.0, 0.0, 0.0, 1.2571725, 0.0, 0.0, 0.0, 0.0, -1.0002604, -1.0, 0.0, 0.0, -0.100013025, 0.0]
899356654411500|5888|-0.5,-3.940663268332713,-20.5|[-2.0, -2.0, -2.0, 3.0, 3.0, 3.0]|[1.0, 0.0, 0.0, 0.0, 0.0, 0.9855228, 0.16954261, 0.0, 0.0, -0.16954261, 0.9855228, 0.0, -0.5, -0.40798998, -20.971329, 1.0]|[0.7857328, 0.0, 0.0, 0.0, 0.0, 1.2571725, 0.0, 0.0, 0.0, 0.0, -1.0002604, -1.0, 0.0, 0.0, -0.100013025, 0.0]
899356771655500|5888|-0.5,-3.940663268332713,-20.5|[-2.0, -2.0, -2.0, 3.0, 3.0, 3.0]|[1.0, 0.0, 0.0, 0.0, 0.0, 0.9855228, 0.16954261, 0.0, 0.0, -0.16954261, 0.9855228, 0.0, -0.5, -0.40798998, -20.971329, 1.0]|[0.7857328, 0.0, 0.0, 0.0, 0.0, 1.2571725, 0.0, 0.0, 0.0, 0.0, -1.0002604, -1.0, 0.0, 0.0, -0.100013025, 0.0]
899356871669200|5888|39.5,-2.940663268332713,-20.5|[-16.0, -16.0, -16.0, 17.0, 17.0, 17.0]|[1.0, 0.0, 0.0, 0.0, 0.0, 0.9855228, 0.16954261, 0.0, 0.0, -0.16954261, 0.9855228, 0.0, 39.5, 0.57753277, -20.801786, 1.0]|[0.7857328, 0.0, 0.0, 0.0, 0.0, 1.2571725, 0.0, 0.0, 0.0, 0.0, -1.0002604, -1.0, 0.0, 0.0, -0.100013025, 0.0]
899356972121900|5888|-0.5,-3.940663268332713,-20.5|[-2.0, -2.0, -2.0, 3.0, 3.0, 3.0]|[1.0, 0.0, 0.0, 0.0, 0.0, 0.9855228, 0.16954261, 0.0, 0.0, -0.16954261, 0.9855228, 0.0, -0.5, -0.40798998, -20.971329, 1.0]|[0.7857328, 0.0, 0.0, 0.0, 0.0, 1.2571725, 0.0, 0.0, 0.0, 0.0, -1.0002604, -1.0, 0.0, 0.0, -0.100013025, 0.0]
899357088736100|5888|-0.5,-3.940663268332713,-20.5|[-2.0, -2.0, -2.0, 3.0, 3.0, 3.0]|[1.0, 0.0, 0.0, 0.0, 0.0, 0.9855228, 0.16954261, 0.0, 0.0, -0.16954261, 0.9855228, 0.0, -0.5, -0.40798998, -20.971329, 1.0]|[0.7857328, 0.0, 0.0, 0.0, 0.0, 1.2571725, 0.0, 0.0, 0.0, 0.0, -1.0002604, -1.0, 0.0, 0.0, -0.100013025, 0.0]
899357204176300|5888|-0.5,-3.940663268332713,-20.5|[-2.0, -2.0, -2.0, 3.0, 3.0, 3.0]|[1.0, 0.0, 0.0, 0.0, 0.0, 0.9855228, 0.16954261, 0.0, 0.0, -0.16954261, 0.9855228, 0.0, -0.5, -0.40798998, -20.971329, 1.0]|[0.7857328, 0.0, 0.0, 0.0, 0.0, 1.2571725, 0.0, 0.0, 0.0, 0.0, -1.0002604, -1.0, 0.0, 0.0, -0.100013025, 0.0]
899357305025100|5888|-0.5,-3.940663268332713,-20.5|[-2.0, -2.0, -2.0, 3.0, 3.0, 3.0]|[1.0, 0.0, 0.0, 0.0, 0.0, 0.9855228, 0.16954261, 0.0, 0.0, -0.16954261, 0.9855228, 0.0, -0.5, -0.40798998, -20.971329, 1.0]|[0.7857328, 0.0, 0.0, 0.0, 0.0, 1.2571725, 0.0, 0.0, 0.0, 0.0, -1.0002604, -1.0, 0.0, 0.0, -0.100013025, 0.0]
899357421693700|5888|-0.5,-3.940663268332713,-20.5|[-2.0, -2.0, -2.0, 3.0, 3.0, 3.0]|[1.0, 0.0, 0.0, 0.0, 0.0, 0.9855228, 0.16954261, 0.0, 0.0, -0.16954261, 0.9855228, 0.0, -0.5, -0.40798998, -20.971329, 1.0]|[0.7857328, 0.0, 0.0, 0.0, 0.0, 1.2571725, 0.0, 0.0, 0.0, 0.0, -1.0002604, -1.0, 0.0, 0.0, -0.100013025, 0.0]
899357522406700|5888|-0.5,-3.940663268332713,-20.5|[-2.0, -2.0, -2.0, 3.0, 3.0, 3.0]|[1.0, 0.0, 0.0, 0.0, 0.0, 0.9855228, 0.16954261, 0.0, 0.0, -0.16954261, 0.9855228, 0.0, -0.5, -0.40798998, -20.971329, 1.0]|[0.7857328, 0.0, 0.0, 0.0, 0.0, 1.2571725, 0.0, 0.0, 0.0, 0.0, -1.0002604, -1.0, 0.0, 0.0, -0.100013025, 0.0]
899357637609600|5888|-0.5,-3.940663268332713,-20.5|[-2.0, -2.0, -2.0, 3.0, 3.0, 3.0]|[1.0, 0.0, 0.0, 0.0, 0.0, 0.9855228, 0.16954261, 0.0, 0.0, -0.16954261, 0.9855228, 0.0, -0.5, -0.40798998, -20.971329, 1.0]|[0.7857328, 0.0, 0.0, 0.0, 0.0, 1.2571725, 0.0, 0.0, 0.0, 0.0, -1.0002604, -1.0, 0.0, 0.0, -0.100013025, 0.0]
899357754603300|5888|-0.5,-3.940663268332713,-20.5|[-2.0, -2.0, -2.0, 3.0, 3.0, 3.0]|[1.0, 0.0, 0.0, 0.0, 0.0, 0.9855228, 0.16954261, 0.0, 0.0, -0.16954261, 0.9855228, 0.0, -0.5, -0.40798998, -20.971329, 1.0]|[0.7857328, 0.0, 0.0, 0.0, 0.0, 1.2571725, 0.0, 0.0, 0.0, 0.0, -1.0002604, -1.0, 0.0, 0.0, -0.100013025, 0.0]
899357871744200|5888|-0.5,-3.940663268332713,-20.5|[-2.0, -2.0, -2.0, 3.0, 3.0, 3.0]|[1.0, 0.0, 0.0, 0.0, 0.0, 0.9855228, 0.16954261, 0.0, 0.0, -0.16954261, 0.9855228, 0.0, -0.5, -0.40798998, -20.971329, 1.0]|[0.7857328, 0.0, 0.0, 0.0, 0.0, 1.2571725, 0.0, 0.0, 0.0, 0.0, -1.0002604, -1.0, 0.0, 0.0, -0.100013025, 0.0]
899357987704600|5888|-0.5,-3.940663268332713,-20.5|[-2.0, -2.0, -2.0, 3.0, 3.0, 3.0]|[1.0, 0.0, 0.0, 0.0, 0.0, 0.9855228, 0.16954261, 0.0, 0.0, -0.16954261, 0.9855228, 0.0, -0.5, -0.40798998, -20.971329, 1.0]|[0.7857328, 0.0, 0.0, 0.0, 0.0, 1.2571725, 0.0, 0.0, 0.0, 0.0, -1.0002604, -1.0, 0.0, 0.0, -0.100013025, 0.0]
899358088113700|5888|-0.5,-3.940663268332713,-20.5|[-2.0, -2.0, -2.0, 3.0, 3.0, 3.0]|[1.0, 0.0, 0.0, 0.0, 0.0, 0.9855228, 0.16954261, 0.0, 0.0, -0.16954261, 0.9855228, 0.0, -0.5, -0.40798998, -20.971329, 1.0]|[0.7857328, 0.0, 0.0, 0.0, 0.0, 1.2571725, 0.0, 0.0, 0.0, 0.0, -1.0002604, -1.0, 0.0, 0.0, -0.100013025, 0.0]
899358204383700|5888|-0.5,-3.940663268332713,-20.5|[-2.0, -2.0, -2.0, 3.0, 3.0, 3.0]|[1.0, 0.0, 0.0, 0.0, 0.0, 0.9855228, 0.16954261, 0.0, 0.0, -0.16954261, 0.9855228, 0.0, -0.5, -0.40798998, -20.971329, 1.0]|[0.7857328, 0.0, 0.0, 0.0, 0.0, 1.2571725, 0.0, 0.0, 0.0, 0.0, -1.0002604, -1.0, 0.0, 0.0, -0.100013025, 0.0]
899358321652700|5888|-0.5,-3.940663268332713,-20.5|[-2.0, -2.0, -2.0, 3.0, 3.0, 3.0]|[1.0, 0.0, 0.0, 0.0, 0.0, 0.9855228, 0.16954261, 0.0, 0.0, -0.16954261, 0.9855228, 0.0, -0.5, -0.40798998, -20.971329, 1.0]|[0.7857328, 0.0, 0.0, 0.0, 0.0, 1.2571725, 0.0, 0.0, 0.0, 0.0, -1.0002604, -1.0, 0.0, 0.0, -0.100013025, 0.0]
899358422243300|5888|-0.5,-3.940663268332713,-20.5|[-2.0, -2.0, -2.0, 3.0, 3.0, 3.0]|[1.0, 0.0, 0.0, 0.0, 0.0, 0.9855228, 0.16954261, 0.0, 0.0, -0.16954261, 0.9855228, 0.0, -0.5, -0.40798998, -20.971329, 1.0]|[0.7857328, 0.0, 0.0, 0.0, 0.0, 1.2571725, 0.0, 0.0, 0.0, 0.0, -1.0002604, -1.0, 0.0, 0.0, -0.100013025, 0.0]
899358538270200|5888|-0.5,-3.940663268332713,-20.5|[-2.0, -2.0, -2.0, 3.0, 3.0, 3.0]|[1.0, 0.0, 0.0, 0.0, 0.0, 0.9855228, 0.16954261, 0.0, 0.0, -0.16954261, 0.9855228, 0.0, -0.5, -0.40798998, -20.971329, 1.0]|[0.7857328, 0.0, 0.0, 0.0, 0.0, 1.2571725, 0.0, 0.0, 0.0, 0.0, -1.0002604, -1.0, 0.0, 0.0, -0.100013025, 0.0]
899358655173300|5888|-0.5,-3.940663268332713,-20.5|[-2.0, -2.0, -2.0, 3.0, 3.0, 3.0]|[1.0, 0.0, 0.0, 0.0, 0.0, 0.9855228, 0.16954261, 0.0, 0.0, -0.16954261, 0.9855228, 0.0, -0.5, -0.40798998, -20.971329, 1.0]|[0.7857328, 0.0, 0.0, 0.0, 0.0, 1.2571725, 0.0, 0.0, 0.0, 0.0, -1.0002604, -1.0, 0.0, 0.0, -0.100013025, 0.0]
899358771685900|5888|-0.5,-3.940663268332713,-20.5|[-2.0, -2.0, -2.0, 3.0, 3.0, 3.0]|[1.0, 0.0, 0.0, 0.0, 0.0, 0.9855228, 0.16954261, 0.0, 0.0, -0.16954261, 0.9855228, 0.0, -0.5, -0.40798998, -20.971329, 1.0]|[0.7857328, 0.0, 0.0, 0.0, 0.0, 1.2571725, 0.0, 0.0, 0.0, 0.0, -1.0002604, -1.0, 0.0, 0.0, -0.100013025, 0.0]
899358872782800|5888|-0.5,-3.940663268332713,-20.5|[-2.0, -2.0, -2.0, 3.0, 3.0, 3.0]|[1.0, 0.0, 0.0, 0.0, 0.0, 0.9855228, 0.16954261, 0.0, 0.0, -0.16954261, 0.9855228, 0.0, -0.5, -0.40798998, -20.971329, 1.0]|[0.7857328, 0.0, 0.0, 0.0, 0.0, 1.2571725, 0.0, 0.0, 0.0, 0.0, -1.0002604, -1.0, 0.0, 0.0, -0.100013025, 0.0]
899358987470400|5888|-0.5,-3.940663268332713,-20.5|[-2.0, -2.0, -2.0, 3.0, 3.0, 3.0]|[1.0, 0.0, 0.0, 0.0, 0.0, 0.9855228, 0.16954261, 0.0, 0.0, -0.16954261, 0.9855228, 0.0, -0.5, -0.40798998, -20.971329, 1.0]|[0.7857328, 0.0, 0.0, 0.0, 0.0, 1.2571725, 0.0, 0.0, 0.0, 0.0, -1.0002604, -1.0, 0.0, 0.0, -0.100013025, 0.0]
899359088893600|5888|-0.5,-3.940663268332713,-20.5|[-2.0, -2.0, -2.0, 3.0, 3.0, 3.0]|[1.0, 0.0, 0.0, 0.0, 0.0, 0.9855228, 0.16954261, 0.0, 0.0, -0.16954261, 0.9855228, 0.0, -0.5, -0.40798998, -20.971329, 1.0]|[0.7857328, 0.0, 0.0, 0.0, 0.0, 1.2571725, 0.0, 0.0, 0.0, 0.0, -1.0002604, -1.0, 0.0, 0.0, -0.100013025, 0.0]
899359204292800|5888|-0.5,-3.940663268332713,-20.5|[-2.0, -2.0, -2.0, 3.0, 3.0, 3.0]|[1.0, 0.0, 0.0, 0.0, 0.0, 0.9855228, 0.16954261, 0.0, 0.0, -0.16954261, 0.9855228, 0.0, -0.5, -0.40798998, -20.971329, 1.0]|[0.7857328, 0.0, 0.0, 0.0, 0.0, 1.2571725, 0.0, 0.0, 0.0, 0.0, -1.0002604, -1.0, 0.0, 0.0, -0.100013025, 0.0]
899359305767200|5888|-0.5,-3.940663268332713,-20.5|[-2.0, -2.0, -2.0, 3.0, 3.0, 3.0]|[1.0, 0.0, 0.0, 0.0, 0.0, 0.9855228, 0.16954261, 0.0, 0.0, -0.16954261, 0.9855228, 0.0, -0.5, -0.40798998, -20.971329, 1.0]|[0.7857328, 0.0, 0.0, 0.0, 0.0, 1.2571725, 0.0, 0.0, 0.0, 0.0, -1.0002604, -1.0, 0.0, 0.0, -0.100013025, 0.0]
899359421650800|5888|-0.5,-3.940663268332713,-20.5|[-2.0, -2.0, -2.0, 3.0, 3.0, 3.0]|[1.0, 0.0, 0.0, 0.0, 0.0, 0.9855228, 0.16954261, 0.0, 0.0, -0.16954261, 0.9855228, 0.0, -0.5, -0.40798998, -20.971329, 1.0]|[0.7857328, 0.0, 0.0, 0.0, 0.0, 1.2571725, 0.0, 0.0, 0.0, 0.0, -1.0002604, -1.0, 0.0, 0.0, -0.100013025, 0.0]
899359522562800|5888|-0.5,-3.940663268332713,-20.5|[-2.0, -2.0, -2.0, 3.0, 3.0, 3.0]|[1.0, 0.0, 0.0, 0.0, 0.0, 0.9855228, 0.16954261, 0.0, 0.0, -0.16954261, 0.9855228, 0.0, -0.5, -0.40798998, -20.971329, 1.0]|[0.7857328, 0.0, 0.0, 0.0, 0.0, 1.2571725, 0.0, 0.0, 0.0, 0.0, -1.0002604, -1.0, 0.0, 0.0, -0.100013025, 0.0]
899359637549000|5888|-0.5,-3.940663268332713,-20.5|[-2.0, -2.0, -2.0, 3.0, 3.0, 3.0]|[1.0, 0.0, 0.0, 0.0, 0.0, 0.9855228, 0.16954261, 0.0, 0.0, -0.16954261, 0.9855228, 0.0, -0.5, -0.40798998, -20.971329, 1.0]|[0.7857328, 0.0, 0.0, 0.0, 0.0, 1.2571725, 0.0, 0.0, 0.0, 0.0, -1.0002604, -1.0, 0.0, 0.0, -0.100013025, 0.0]
899359737568200|5888|39.5,-2.940663268332713,-20.5|[-16.0, -16.0, -16.0, 17.0, 17.0, 17.0]|[1.0, 0.0, 0.0, 0.0, 0.0, 0.9855228, 0.16954261, 0.0, 0.0, -0.16954261, 0.9855228, 0.0, 39.5, 0.57753277, -20.801786, 1.0]|[0.7857328, 0.0, 0.0, 0.0, 0.0, 1.2571725, 0.0, 0.0, 0.0, 0.0, -1.0002604, -1.0, 0.0, 0.0, -0.100013025, 0.0]
899359837783100|5888|-0.5,-3.940663268332713,-20.5|[-2.0, -2.0, -2.0, 3.0, 3.0, 3.0]|[1.0, 0.0, 0.0, 0.0, 0.0, 0.9855228, 0.16954261, 0.0, 0.0, -0.16954261, 0.9855228, 0.0, -0.5, -0.40798998, -20.971329, 1.0]|[0.7857328, 0.0, 0.0, 0.0, 0.0, 1.2571725, 0.0, 0.0, 0.0, 0.0, -1.0002604, -1.0, 0.0, 0.0, -0.100013025, 0.0]
899359938044900|5888|-0.5,-3.940663268332713,-20.5|[-2.0, -2.0, -2.0, 3.0, 3.0, 3.0]|[1.0, 0.0, 0.0, 0.0, 0.0, 0.9855228, 0.16954261, 0.0, 0.0, -0.16954261, 0.9855228, 0.0, -0.5, -0.40798998, -20.971329, 1.0]|[0.7857328, 0.0, 0.0, 0.0, 0.0, 1.2571725, 0.0, 0.0, 0.0, 0.0, -1.0002604, -1.0, 0.0, 0.0, -0.100013025, 0.0]
899360054157700|5888|-0.5,-3.940663268332713,-20.5|[-2.0, -2.0, -2.0, 3.0, 3.0, 3.0]|[1.0, 0.0, 0.0, 0.0, 0.0, 0.9855228, 0.16954261, 0.0, 0.0, -0.16954261, 0.9855228, 0.0, -0.5, -0.40798998, -20.971329, 1.0]|[0.7857328, 0.0, 0.0, 0.0, 0.0, 1.2571725, 0.0, 0.0, 0.0, 0.0, -1.0002604, -1.0, 0.0, 0.0, -0.100013025, 0.0]
899360154985000|5888|-0.5,-3.940663268332713,-20.5|[-2.0, -2.0, -2.0, 3.0, 3.0, 3.0]|[1.0, 0.0, 0.0, 0.0, 0.0, 0.9855228, 0.16954261, 0.0, 0.0, -0.16954261, 0.9855228, 0.0, -0.5, -0.40798998, -20.971329, 1.0]|[0.7857328, 0.0, 0.0, 0.0, 0.0, 1.2571725, 0.0, 0.0, 0.0, 0.0, -1.0002604, -1.0, 0.0, 0.0, -0.100013025, 0.0]
899360271521400|5888|-0.5,-3.940663268332713,-20.5|[-2.0, -2.0, -2.0, 3.0, 3.0, 3.0]|[1.0, 0.0, 0.0, 0.0, 0.0, 0.9855228, 0.16954261, 0.0, 0.0, -0.16954261, 0.9855228, 0.0, -0.5, -0.40798998, -20.971329, 1.0]|[0.7857328, 0.0, 0.0, 0.0, 0.0, 1.2571725, 0.0, 0.0, 0.0, 0.0, -1.0002604, -1.0, 0.0, 0.0, -0.100013025, 0.0]
899360371841400|5888|-0.5,-3.940663268332713,-20.5|[-2.0, -2.0, -2.0, 3.0, 3.0, 3.0]|[1.0, 0.0, 0.0, 0.0, 0.0, 0.9855228, 0.16954261, 0.0, 0.0, -0.16954261, 0.9855228, 0.0, -0.5, -0.40798998, -20.971329, 1.0]|[0.7857328, 0.0, 0.0, 0.0, 0.0, 1.2571725, 0.0, 0.0, 0.0, 0.0, -1.0002604, -1.0, 0.0, 0.0, -0.100013025, 0.0]
899360487471400|5888|-0.5,-3.940663268332713,-20.5|[-2.0, -2.0, -2.0, 3.0, 3.0, 3.0]|[1.0, 0.0, 0.0, 0.0, 0.0, 0.9855228, 0.16954261, 0.0, 0.0, -0.16954261, 0.9855228, 0.0, -0.5, -0.40798998, -20.971329, 1.0]|[0.7857328, 0.0, 0.0, 0.0, 0.0, 1.2571725, 0.0, 0.0, 0.0, 0.0, -1.0002604, -1.0, 0.0, 0.0, -0.100013025, 0.0]
899360587762700|5888|-0.5,-3.940663268332713,-20.5|[-2.0, -2.0, -2.0, 3.0, 3.0, 3.0]|[1.0, 0.0, 0.0, 0.0, 0.0, 0.9855228, 0.16954261, 0.0, 0.0, -0.16954261, 0.9855228, 0.0, -0.5, -0.40798998, -20.971329, 1.0]|[0.7857328, 0.0, 0.0, 0.0, 0.0, 1.2571725, 0.0, 0.0, 0.0, 0.0, -1.0002604, -1.0, 0.0, 0.0, -0.100013025, 0.0]
899360688443600|5888|-0.5,-3.940663268332713,-20.5|[-2.0, -2.0, -2.0, 3.0, 3.0, 3.0]|[1.0, 0.0, 0.0, 0.0, 0.0, 0.9855228, 0.16954261, 0.0, 0.0, -0.16954261, 0.9855228, 0.0, -0.5, -0.40798998, -20.971329, 1.0]|[0.7857328, 0.0, 0.0, 0.0, 0.0, 1.2571725, 0.0, 0.0, 0.0, 0.0, -1.0002604, -1.0, 0.0, 0.0, -0.100013025, 0.0]
899360804171000|5888|-0.5,-3.940663268332713,-20.5|[-2.0, -2.0, -2.0, 3.0, 3.0, 3.0]|[1.0, 0.0, 0.0, 0.0, 0.0, 0.9855228, 0.16954261, 0.0, 0.0, -0.16954261, 0.9855228, 0.0, -0.5, -0.40798998, -20.971329, 1.0]|[0.7857328, 0.0, 0.0, 0.0, 0.0, 1.2571725, 0.0, 0.0, 0.0, 0.0, -1.0002604, -1.0, 0.0, 0.0, -0.100013025, 0.0]
899360921482400|5888|-0.5,-3.940663268332713,-20.5|[-2.0, -2.0, -2.0, 3.0, 3.0, 3.0]|[1.0, 0.0, 0.0, 0.0, 0.0, 0.9855228, 0.16954261, 0.0, 0.0, -0.16954261, 0.9855228, 0.0, -0.5, -0.40798998, -20.971329, 1.0]|[0.7857328, 0.0, 0.0, 0.0, 0.0, 1.2571725, 0.0, 0.0, 0.0, 0.0, -1.0002604, -1.0, 0.0, 0.0, -0.100013025, 0.0]
899361021704000|5888|-0.5,-3.940663268332713,-20.5|[-2.0, -2.0, -2.0, 3.0, 3.0, 3.0]|[1.0, 0.0, 0.0, 0.0, 0.0, 0.9855228, 0.16954261, 0.0, 0.0, -0.16954261, 0.9855228, 0.0, -0.5, -0.40798998, -20.971329, 1.0]|[0.7857328, 0.0, 0.0, 0.0, 0.0, 1.2571725, 0.0, 0.0, 0.0, 0.0, -1.0002604, -1.0, 0.0, 0.0, -0.100013025, 0.0]
899361121719100|5888|-0.5,-3.940663268332713,-20.5|[-2.0, -2.0, -2.0, 3.0, 3.0, 3.0]|[1.0, 0.0, 0.0, 0.0, 0.0, 0.9855228, 0.16954261, 0.0, 0.0, -0.16954261, 0.9855228, 0.0, -0.5, -0.40798998, -20.971329, 1.0]|[0.7857328, 0.0, 0.0, 0.0, 0.0, 1.2571725, 0.0, 0.0, 0.0, 0.0, -1.0002604, -1.0, 0.0, 0.0, -0.100013025, 0.0]
899361221933300|5888|-0.5,-3.940663268332713,-20.5|[-2.0, -2.0, -2.0, 3.0, 3.0, 3.0]|[1.0, 0.0, 0.0, 0.0, 0.0, 0.9855228, 0.16954261, 0.0, 0.0, -0.16954261, 0.9855228, 0.0, -0.5, -0.40798998, -20.971329, 1.0]|[0.7857328, 0.0, 0.0, 0.0, 0.0, 1.2571725, 0.0, 0.0, 0.0, 0.0, -1.0002604, -1.0, 0.0, 0.0, -0.100013025, 0.0]
899361337425700|5888|-0.5,-3.940663268332713,-20.5|[-2.0, -2.0, -2.0, 3.0, 3.0, 3.0]|[1.0, 0.0, 0.0, 0.0, 0.0, 0.9855228, 0.16954261, 0.0, 0.0, -0.16954261, 0.9855228, 0.0, -0.5, -0.40798998, -20.971329, 1.0]|[0.7857328, 0.0, 0.0, 0.0, 0.0, 1.2571725, 0.0, 0.0, 0.0, 0.0, -1.0002604, -1.0, 0.0, 0.0, -0.100013025, 0.0]
899361438468600|5888|-0.5,-3.940663268332713,-20.5|[-2.0, -2.0, -2.0, 3.0, 3.0, 3.0]|[1.0, 0.0, 0.0, 0.0, 0.0, 0.9855228, 0.16954261, 0.0, 0.0, -0.16954261, 0.9855228, 0.0, -0.5, -0.40798998, -20.971329, 1.0]|[0.7857328, 0.0, 0.0, 0.0, 0.0, 1.2571725, 0.0, 0.0, 0.0, 0.0, -1.0002604, -1.0, 0.0, 0.0, -0.100013025, 0.0]
899361554144400|5888|-0.5,-3.940663268332713,-20.5|[-2.0, -2.0, -2.0, 3.0, 3.0, 3.0]|[1.0, 0.0, 0.0, 0.0, 0.0, 0.9855228, 0.16954261, 0.0, 0.0, -0.16954261, 0.9855228, 0.0, -0.5, -0.40798998, -20.971329, 1.0]|[0.7857328, 0.0, 0.0, 0.0, 0.0, 1.2571725, 0.0, 0.0, 0.0, 0.0, -1.0002604, -1.0, 0.0, 0.0, -0.100013025, 0.0]
899361654855700|5888|-0.5,-3.940663268332713,-20.5|[-2.0, -2.0, -2.0, 3.0, 3.0, 3.0]|[1.0, 0.0, 0.0, 0.0, 0.0, 0.9855228, 0.16954261, 0.0, 0.0, -0.16954261, 0.9855228, 0.0, -0.5, -0.40798998, -20.971329, 1.0]|[0.7857328, 0.0, 0.0, 0.0, 0.0, 1.2571725, 0.0, 0.0, 0.0, 0.0, -1.0002604, -1.0, 0.0, 0.0, -0.100013025, 0.0]
899361771948300|5888|-0.5,-3.940663268332713,-20.5|[-2.0, -2.0, -2.0, 3.0, 3.0, 3.0]|[1.0, 0.0, 0.0, 0.0, 0.0, 0.9855228, 0.16954261, 0.0, 0.0, -0.16954261, 0.9855228, 0.0, -0.5, -0.40798998, -20.971329, 1.0]|[0.7857328, 0.0, 0.0, 0.0, 0.0, 1.2571725, 0.0, 0.0, 0.0, 0.0, -1.0002604, -1.0, 0.0, 0.0, -0.100013025, 0.0]
899361887924900|5888|-0.5,-3.940663268332713,-20.5|[-2.0, -2.0, -2.0, 3.0, 3.0, 3.0]|[1.0, 0.0, 0.0, 0.0, 0.0, 0.9855228, 0.16954261, 0.0, 0.0, -0.16954261, 0.9855228, 0.0, -0.5, -0.40798998, -20.971329, 1.0]|[0.7857328, 0.0, 0.0, 0.0, 0.0, 1.2571725, 0.0, 0.0, 0.0, 0.0, -1.0002604, -1.0, 0.0, 0.0, -0.100013025, 0.0]
899362004118800|5888|-0.5,-3.940663268332713,-20.5|[-2.0, -2.0, -2.0, 3.0, 3.0, 3.0]|[1.0, 0.0, 0.0, 0.0, 0.0, 0.9855228, 0.16954261, 0.0, 0.0, -0.16954261, 0.9855228, 0.0, -0.5, -0.40798998, -20.971329, 1.0]|[0.7857328, 0.0, 0.0, 0.0, 0.0, 1.2571725, 0.0, 0.0, 0.0, 0.0, -1.0002604, -1.0, 0.0, 0.0, -0.100013025, 0.0]
899362104449700|5888|-0.5,-3.940663268332713,-20.5|[-2.0, -2.0, -2.0, 3.0, 3.0, 3.0]|[1.0, 0.0, 0.0, 0.0, 0.0, 0.9855228, 0.16954261, 0.0, 0.0, -0.16954261, 0.9855228, 0.0, -0.5, -0.40798998, -20.971329, 1.0]|[0.7857328, 0.0, 0.0, 0.0, 0.0, 1.2571725, 0.0, 0.0, 0.0, 0.0, -1.0002604, -1.0, 0.0, 0.0, -0.100013025, 0.0]
899362222476500|5888|-0.5,-3.940663268332713,-20.5|[-2.0, -2.0, -2.0, 3.0, 3.0, 3.0]|[1.0, 0.0, 0.0, 0.0, 0.0, 0.9855228, 0.16954261, 0.0, 0.0, -0.16954261, 0.9855228, 0.0, -0.5, -0.40798998, -20.971329, 1.0]|[0.7857328, 0.0, 0.0, 0.0, 0.0, 1.2571725, 0.0, 0.0, 0.0, 0.0, -1.0002604, -1.0, 0.0, 0.0, -0.100013025, 0.0]
899362337382600|5888|-0.5,-3.940663268332713,-20.5|[-2.0, -2.0, -2.0, 3.0, 3.0, 3.0]|[1.0, 0.0, 0.0, 0.0, 0.0, 0.9855228, 0.16954261, 0.0, 0.0, -0.16954261, 0.9855228, 0.0, -0.5, -0.40798998, -20.971329, 1.0]|[0.7857328, 0.0, 0.0, 0.0, 0.0, 1.2571725, 0.0, 0.0, 0.0, 0.0, -1.0002604, -1.0, 0.0, 0.0, -0.100013025, 0.0]
899362437385100|5888|-0.5,-3.940663268332713,-20.5|[-2.0, -2.0, -2.0, 3.0, 3.0, 3.0]|[1.0, 0.0, 0.0, 0.0, 0.0, 0.9855228, 0.16954261, 0.0, 0.0, -0.16954261, 0.9855228, 0.0, -0.5, -0.40798998, -20.971329, 1.0]|[0.7857328, 0.0, 0.0, 0.0, 0.0, 1.2571725, 0.0, 0.0, 0.0, 0.0, -1.0002604, -1.0, 0.0, 0.0, -0.100013025, 0.0]
899362537648900|5888|-0.5,-3.940663268332713,-20.5|[-2.0, -2.0, -2.0, 3.0, 3.0, 3.0]|[1.0, 0.0, 0.0, 0.0, 0.0, 0.9855228, 0.16954261, 0.0, 0.0, -0.16954261, 0.9855228, 0.0, -0.5, -0.40798998, -20.971329, 1.0]|[0.7857328, 0.0, 0.0, 0.0, 0.0, 1.2571725, 0.0, 0.0, 0.0, 0.0, -1.0002604, -1.0, 0.0, 0.0, -0.100013025, 0.0]
899362653984500|5888|-0.5,-3.940663268332713,-20.5|[-2.0, -2.0, -2.0, 3.0, 3.0, 3.0]|[1.0, 0.0, 0.0, 0.0, 0.0, 0.9855228, 0.16954261, 0.0, 0.0, -0.16954261, 0.9855228, 0.0, -0.5, -0.40798998, -20.971329, 1.0]|[0.7857328, 0.0, 0.0, 0.0, 0.0, 1.2571725, 0.0, 0.0, 0.0, 0.0, -1.0002604, -1.0, 0.0, 0.0, -0.100013025, 0.0]
899362771765100|5888|-0.5,-3.940663268332713,-20.5|[-2.0, -2.0, -2.0, 3.0, 3.0, 3.0]|[1.0, 0.0, 0.0, 0.0, 0.0, 0.9855228, 0.16954261, 0.0, 0.0, -0.16954261, 0.9855228, 0.0, -0.5, -0.40798998, -20.971329, 1.0]|[0.7857328, 0.0, 0.0, 0.0, 0.0, 1.2571725, 0.0, 0.0, 0.0, 0.0, -1.0002604, -1.0, 0.0, 0.0, -0.100013025, 0.0]
899362888102700|5888|-0.5,-3.940663268332713,-20.5|[-2.0, -2.0, -2.0, 3.0, 3.0, 3.0]|[1.0, 0.0, 0.0, 0.0, 0.0, 0.9855228, 0.16954261, 0.0, 0.0, -0.16954261, 0.9855228, 0.0, -0.5, -0.40798998, -20.971329, 1.0]|[0.7857328, 0.0, 0.0, 0.0, 0.0, 1.2571725, 0.0, 0.0, 0.0, 0.0, -1.0002604, -1.0, 0.0, 0.0, -0.100013025, 0.0]
899362989736400|5888|-0.5,-3.940663268332713,-20.5|[-2.0, -2.0, -2.0, 3.0, 3.0, 3.0]|[1.0, 0.0, 0.0, 0.0, 0.0, 0.9855228, 0.16954261, 0.0, 0.0, -0.16954261, 0.9855228, 0.0, -0.5, -0.40798998, -20.971329, 1.0]|[0.7857328, 0.0, 0.0, 0.0, 0.0, 1.2571725, 0.0, 0.0, 0.0, 0.0, -1.0002604, -1.0, 0.0, 0.0, -0.100013025, 0.0]
899363103934600|5888|-0.5,-3.940663268332713,-20.5|[-2.0, -2.0, -2.0, 3.0, 3.0, 3.0]|[1.0, 0.0, 0.0, 0.0, 0.0, 0.9855228, 0.16954261, 0.0, 0.0, -0.16954261, 0.9855228, 0.0, -0.5, -0.40798998, -20.971329, 1.0]|[0.7857328, 0.0, 0.0, 0.0, 0.0, 1.2571725, 0.0, 0.0, 0.0, 0.0, -1.0002604, -1.0, 0.0, 0.0, -0.100013025, 0.0]
899363205071000|5888|-0.5,-3.940663268332713,-20.5|[-2.0, -2.0, -2.0, 3.0, 3.0, 3.0]|[1.0, 0.0, 0.0, 0.0, 0.0, 0.9855228, 0.16954261, 0.0, 0.0, -0.16954261, 0.9855228, 0.0, -0.5, -0.40798998, -20.971329, 1.0]|[0.7857328, 0.0, 0.0, 0.0, 0.0, 1.2571725, 0.0, 0.0, 0.0, 0.0, -1.0002604, -1.0, 0.0, 0.0, -0.100013025, 0.0]
899363322340600|5888|-0.5,-3.940663268332713,-20.5|[-2.0, -2.0, -2.0, 3.0, 3.0, 3.0]|[1.0, 0.0, 0.0, 0.0, 0.0, 0.9855228, 0.16954261, 0.0, 0.0, -0.16954261, 0.9855228, 0.0, -0.5, -0.40798998, -20.971329, 1.0]|[0.7857328, 0.0, 0.0, 0.0, 0.0, 1.2571725, 0.0, 0.0, 0.0, 0.0, -1.0002604, -1.0, 0.0, 0.0, -0.100013025, 0.0]
899363423109700|5888|-0.5,-3.940663268332713,-20.5|[-2.0, -2.0, -2.0, 3.0, 3.0, 3.0]|[1.0, 0.0, 0.0, 0.0, 0.0, 0.9855228, 0.16954261, 0.0, 0.0, -0.16954261, 0.9855228, 0.0, -0.5, -0.40798998, -20.971329, 1.0]|[0.7857328, 0.0, 0.0, 0.0, 0.0, 1.2571725, 0.0, 0.0, 0.0, 0.0, -1.0002604, -1.0, 0.0, 0.0, -0.100013025, 0.0]
899363537166600|5888|-0.5,-3.940663268332713,-20.5|[-2.0, -2.0, -2.0, 3.0, 3.0, 3.0]|[1.0, 0.0, 0.0, 0.0, 0.0, 0.9855228, 0.16954261, 0.0, 0.0, -0.16954261, 0.9855228, 0.0, -0.5, -0.40798998, -20.971329, 1.0]|[0.7857328, 0.0, 0.0, 0.0, 0.0, 1.2571725, 0.0, 0.0, 0.0, 0.0, -1.0002604, -1.0, 0.0, 0.0, -0.100013025, 0.0]
899363637244600|5888|-0.5,-3.940663268332713,-20.5|[-2.0, -2.0, -2.0, 3.0, 3.0, 3.0]|[1.0, 0.0, 0.0, 0.0, 0.0, 0.9855228, 0.16954261, 0.0, 0.0, -0.16954261, 0.9855228, 0.0, -0.5, -0.40798998, -20.971329, 1.0]|[0.7857328, 0.0, 0.0, 0.0, 0.0, 1.2571725, 0.0, 0.0, 0.0, 0.0, -1.0002604, -1.0, 0.0, 0.0, -0.100013025, 0.0]
899363738311000|5888|-0.5,-3.940663268332713,-20.5|[-2.0, -2.0, -2.0, 3.0, 3.0, 3.0]|[1.0, 0.0, 0.0, 0.0, 0.0, 0.9855228, 0.16954261, 0.0, 0.0, -0.16954261, 0.9855228, 0.0, -0.5, -0.40798998, -20.971329, 1.0]|[0.7857328, 0.0, 0.0, 0.0, 0.0, 1.2571725, 0.0, 0.0, 0.0, 0.0, -1.0002604, -1.0, 0.0, 0.0, -0.100013025, 0.0]
899363854764400|5888|-0.5,-3.940663268332713,-20.5|[-2.0, -2.0, -2.0, 3.0, 3.0, 3.0]|[1.0, 0.0, 0.0, 0.0, 0.0, 0.9855228, 0.16954261, 0.0, 0.0, -0.16954261, 0.9855228, 0.0, -0.5, -0.40798998, -20.971329, 1.0]|[0.7857328, 0.0, 0.0, 0.0, 0.0, 1.2571725, 0.0, 0.0, 0.0, 0.0, -1.0002604, -1.0, 0.0, 0.0, -0.100013025, 0.0]
899363971920800|5888|-0.5,-3.940663268332713,-20.5|[-2.0, -2.0, -2.0, 3.0, 3.0, 3.0]|[1.0, 0.0, 0.0, 0.0, 0.0, 0.9855228, 0.16954261, 0.0, 0.0, -0.16954261, 0.9855228, 0.0, -0.5, -0.40798998, -20.971329, 1.0]|[0.7857328, 0.0, 0.0, 0.0, 0.0, 1.2571725, 0.0, 0.0, 0.0, 0.0, -1.0002604, -1.0, 0.0, 0.0, -0.100013025, 0.0]
899364088556800|5888|-0.5,-3.940663268332713,-20.5|[-2.0, -2.0, -2.0, 3.0, 3.0, 3.0]|[1.0, 0.0, 0.0, 0.0, 0.0, 0.9855228, 0.16954261, 0.0, 0.0, -0.16954261, 0.9855228, 0.0, -0.5, -0.40798998, -20.971329, 1.0]|[0.7857328, 0.0, 0.0, 0.0, 0.0, 1.2571725, 0.0, 0.0, 0.0, 0.0, -1.0002604, -1.0, 0.0, 0.0, -0.100013025, 0.0]
899364203831800|5888|-0.5,-3.940663268332713,-20.5|[-2.0, -2.0, -2.0, 3.0, 3.0, 3.0]|[1.0, 0.0, 0.0, 0.0, 0.0, 0.9855228, 0.16954261, 0.0, 0.0, -0.16954261, 0.9855228, 0.0, -0.5, -0.40798998, -20.971329, 1.0]|[0.7857328, 0.0, 0.0, 0.0, 0.0, 1.2571725, 0.0, 0.0, 0.0, 0.0, -1.0002604, -1.0, 0.0, 0.0, -0.100013025, 0.0]
899364304822400|5888|-0.5,-3.940663268332713,-20.5|[-2.0, -2.0, -2.0, 3.0, 3.0, 3.0]|[1.0, 0.0, 0.0, 0.0, 0.0, 0.9855228, 0.16954261, 0.0, 0.0, -0.16954261, 0.9855228, 0.0, -0.5, -0.40798998, -20.971329, 1.0]|[0.7857328, 0.0, 0.0, 0.0, 0.0, 1.2571725, 0.0, 0.0, 0.0, 0.0, -1.0002604, -1.0, 0.0, 0.0, -0.100013025, 0.0]
899364405829400|5888|-0.5,-3.940663268332713,-20.5|[-2.0, -2.0, -2.0, 3.0, 3.0, 3.0]|[1.0, 0.0, 0.0, 0.0, 0.0, 0.9855228, 0.16954261, 0.0, 0.0, -0.16954261, 0.9855228, 0.0, -0.5, -0.40798998, -20.971329, 1.0]|[0.7857328, 0.0, 0.0, 0.0, 0.0, 1.2571725, 0.0, 0.0, 0.0, 0.0, -1.0002604, -1.0, 0.0, 0.0, -0.100013025, 0.0]
899364521617500|5888|-0.5,-3.940663268332713,-20.5|[-2.0, -2.0, -2.0, 3.0, 3.0, 3.0]|[1.0, 0.0, 0.0, 0.0, 0.0, 0.9855228, 0.16954261, 0.0, 0.0, -0.16954261, 0.9855228, 0.0, -0.5, -0.40798998, -20.971329, 1.0]|[0.7857328, 0.0, 0.0, 0.0, 0.0, 1.2571725, 0.0, 0.0, 0.0, 0.0, -1.0002604, -1.0, 0.0, 0.0, -0.100013025, 0.0]
899364639691300|5888|-0.5,-3.940663268332713,-20.5|[-2.0, -2.0, -2.0, 3.0, 3.0, 3.0]|[1.0, 0.0, 0.0, 0.0, 0.0, 0.9855228, 0.16954261, 0.0, 0.0, -0.16954261, 0.9855228, 0.0, -0.5, -0.40798998, -20.971329, 1.0]|[0.7857328, 0.0, 0.0, 0.0, 0.0, 1.2571725, 0.0, 0.0, 0.0, 0.0, -1.0002604, -1.0, 0.0, 0.0, -0.100013025, 0.0]
899364740289500|5888|-0.5,-3.940663268332713,-20.5|[-2.0, -2.0, -2.0, 3.0, 3.0, 3.0]|[1.0, 0.0, 0.0, 0.0, 0.0, 0.9855228, 0.16954261, 0.0, 0.0, -0.16954261, 0.9855228, 0.0, -0.5, -0.40798998, -20.971329, 1.0]|[0.7857328, 0.0, 0.0, 0.0, 0.0, 1.2571725, 0.0, 0.0, 0.0, 0.0, -1.0002604, -1.0, 0.0, 0.0, -0.100013025, 0.0]
899364858450600|5888|-0.5,-3.940663268332713,-20.5|[-2.0, -2.0, -2.0, 3.0, 3.0, 3.0]|[1.0, 0.0, 0.0, 0.0, 0.0, 0.9855228, 0.16954261, 0.0, 0.0, -0.16954261, 0.9855228, 0.0, -0.5, -0.40798998, -20.971329, 1.0]|[0.7857328, 0.0, 0.0, 0.0, 0.0, 1.2571725, 0.0, 0.0, 0.0, 0.0, -1.0002604, -1.0, 0.0, 0.0, -0.100013025, 0.0]
899364971564400|5888|-0.5,-3.940663268332713,-20.5|[-2.0, -2.0, -2.0, 3.0, 3.0, 3.0]|[1.0, 0.0, 0.0, 0.0, 0.0, 0.9855228, 0.16954261, 0.0, 0.0, -0.16954261, 0.9855228, 0.0, -0.5, -0.40798998, -20.971329, 1.0]|[0.7857328, 0.0, 0.0, 0.0, 0.0, 1.2571725, 0.0, 0.0, 0.0, 0.0, -1.0002604, -1.0, 0.0, 0.0, -0.100013025, 0.0]
899365087475700|5888|-0.5,-3.940663268332713,-20.5|[-2.0, -2.0, -2.0, 3.0, 3.0, 3.0]|[1.0, 0.0, 0.0, 0.0, 0.0, 0.9855228, 0.16954261, 0.0, 0.0, -0.16954261, 0.9855228, 0.0, -0.5, -0.40798998, -20.971329, 1.0]|[0.7857328, 0.0, 0.0, 0.0, 0.0, 1.2571725, 0.0, 0.0, 0.0, 0.0, -1.0002604, -1.0, 0.0, 0.0, -0.100013025, 0.0]
899365203818600|5888|-0.5,-3.940663268332713,-20.5|[-2.0, -2.0, -2.0, 3.0, 3.0, 3.0]|[1.0, 0.0, 0.0, 0.0, 0.0, 0.9855228, 0.16954261, 0.0, 0.0, -0.16954261, 0.9855228, 0.0, -0.5, -0.40798998, -20.971329, 1.0]|[0.7857328, 0.0, 0.0, 0.0, 0.0, 1.2571725, 0.0, 0.0, 0.0, 0.0, -1.0002604, -1.0, 0.0, 0.0, -0.100013025, 0.0]
899365304031200|5888|-0.5,-3.940663268332713,-20.5|[-2.0, -2.0, -2.0, 3.0, 3.0, 3.0]|[1.0, 0.0, 0.0, 0.0, 0.0, 0.9855228, 0.16954261, 0.0, 0.0, -0.16954261, 0.9855228, 0.0, -0.5, -0.40798998, -20.971329, 1.0]|[0.7857328, 0.0, 0.0, 0.0, 0.0, 1.2571725, 0.0, 0.0, 0.0, 0.0, -1.0002604, -1.0, 0.0, 0.0, -0.100013025, 0.0]
899365422049700|5888|-0.5,-3.940663268332713,-20.5|[-2.0, -2.0, -2.0, 3.0, 3.0, 3.0]|[1.0, 0.0, 0.0, 0.0, 0.0, 0.9855228, 0.16954261, 0.0, 0.0, -0.16954261, 0.9855228, 0.0, -0.5, -0.40798998, -20.971329, 1.0]|[0.7857328, 0.0, 0.0, 0.0, 0.0, 1.2571725, 0.0, 0.0, 0.0, 0.0, -1.0002604, -1.0, 0.0, 0.0, -0.100013025, 0.0]
899365525092000|5888|-0.5,-3.940663268332713,-20.5|[-2.0, -2.0, -2.0, 3.0, 3.0, 3.0]|[1.0, 0.0, 0.0, 0.0, 0.0, 0.9855228, 0.16954261, 0.0, 0.0, -0.16954261, 0.9855228, 0.0, -0.5, -0.40798998, -20.971329, 1.0]|[0.7857328, 0.0, 0.0, 0.0, 0.0, 1.2571725, 0.0, 0.0, 0.0, 0.0, -1.0002604, -1.0, 0.0, 0.0, -0.100013025, 0.0]
899365638607800|5888|-0.5,-3.940663268332713,-20.5|[-2.0, -2.0, -2.0, 3.0, 3.0, 3.0]|[1.0, 0.0, 0.0, 0.0, 0.0, 0.9855228, 0.16954261, 0.0, 0.0, -0.16954261, 0.9855228, 0.0, -0.5, -0.40798998, -20.971329, 1.0]|[0.7857328, 0.0, 0.0, 0.0, 0.0, 1.2571725, 0.0, 0.0, 0.0, 0.0, -1.0002604, -1.0, 0.0, 0.0, -0.100013025, 0.0]
899365754464200|5888|-0.5,-3.940663268332713,-20.5|[-2.0, -2.0, -2.0, 3.0, 3.0, 3.0]|[1.0, 0.0, 0.0, 0.0, 0.0, 0.9855228, 0.16954261, 0.0, 0.0, -0.16954261, 0.9855228, 0.0, -0.5, -0.40798998, -20.971329, 1.0]|[0.7857328, 0.0, 0.0, 0.0, 0.0, 1.2571725, 0.0, 0.0, 0.0, 0.0, -1.0002604, -1.0, 0.0, 0.0, -0.100013025, 0.0]
899365871381500|5888|-0.5,-3.940663268332713,-20.5|[-2.0, -2.0, -2.0, 3.0, 3.0, 3.0]|[1.0, 0.0, 0.0, 0.0, 0.0, 0.9855228, 0.16954261, 0.0, 0.0, -0.16954261, 0.9855228, 0.0, -0.5, -0.40798998, -20.971329, 1.0]|[0.7857328, 0.0, 0.0, 0.0, 0.0, 1.2571725, 0.0, 0.0, 0.0, 0.0, -1.0002604, -1.0, 0.0, 0.0, -0.100013025, 0.0]
899365972378400|5888|-0.5,-3.940663268332713,-20.5|[-2.0, -2.0, -2.0, 3.0, 3.0, 3.0]|[1.0, 0.0, 0.0, 0.0, 0.0, 0.9855228, 0.16954261, 0.0, 0.0, -0.16954261, 0.9855228, 0.0, -0.5, -0.40798998, -20.971329, 1.0]|[0.7857328, 0.0, 0.0, 0.0, 0.0, 1.2571725, 0.0, 0.0, 0.0, 0.0, -1.0002604, -1.0, 0.0, 0.0, -0.100013025, 0.0]
899366073723800|5888|-0.5,-3.940663268332713,-20.5|[-2.0, -2.0, -2.0, 3.0, 3.0, 3.0]|[1.0, 0.0, 0.0, 0.0, 0.0, 0.9855228, 0.16954261, 0.0, 0.0, -0.16954261, 0.9855228, 0.0, -0.5, -0.40798998, -20.971329, 1.0]|[0.7857328, 0.0, 0.0, 0.0, 0.0, 1.2571725, 0.0, 0.0, 0.0, 0.0, -1.0002604, -1.0, 0.0, 0.0, -0.100013025, 0.0]
899366187183000|5888|-0.5,-3.940663268332713,-20.5|[-2.0, -2.0, -2.0, 3.0, 3.0, 3.0]|[1.0, 0.0, 0.0, 0.0, 0.0, 0.9855228, 0.16954261, 0.0, 0.0, -0.16954261, 0.9855228, 0.0, -0.5, -0.40798998, -20.971329, 1.0]|[0.7857328, 0.0, 0.0, 0.0, 0.0, 1.2571725, 0.0, 0.0, 0.0, 0.0, -1.0002604, -1.0, 0.0, 0.0, -0.100013025, 0.0]
899366287194200|5888|-0.5,-3.940663268332713,-20.5|[-2.0, -2.0, -2.0, 3.0, 3.0, 3.0]|[1.0, 0.0, 0.0, 0.0, 0.0, 0.9855228, 0.16954261, 0.0, 0.0, -0.16954261, 0.9855228, 0.0, -0.5, -0.40798998, -20.971329, 1.0]|[0.7857328, 0.0, 0.0, 0.0, 0.0, 1.2571725, 0.0, 0.0, 0.0, 0.0, -1.0002604, -1.0, 0.0, 0.0, -0.100013025, 0.0]
899366387217400|5888|39.5,-2.940663268332713,-20.5|[-16.0, -16.0, -16.0, 17.0, 17.0, 17.0]|[1.0, 0.0, 0.0, 0.0, 0.0, 0.9855228, 0.16954261, 0.0, 0.0, -0.16954261, 0.9855228, 0.0, 39.5, 0.57753277, -20.801786, 1.0]|[0.7857328, 0.0, 0.0, 0.0, 0.0, 1.2571725, 0.0, 0.0, 0.0, 0.0, -1.0002604, -1.0, 0.0, 0.0, -0.100013025, 0.0]
899366507443100|5888|-0.5,-3.940663268332713,-20.5|[-2.0, -2.0, -2.0, 3.0, 3.0, 3.0]|[1.0, 0.0, 0.0, 0.0, 0.0, 0.9855228, 0.16954261, 0.0, 0.0, -0.16954261, 0.9855228, 0.0, -0.5, -0.40798998, -20.971329, 1.0]|[0.7857328, 0.0, 0.0, 0.0, 0.0, 1.2571725, 0.0, 0.0, 0.0, 0.0, -1.0002604, -1.0, 0.0, 0.0, -0.100013025, 0.0]
899366608778600|5888|-0.5,-3.940663268332713,-20.5|[-2.0, -2.0, -2.0, 3.0, 3.0, 3.0]|[1.0, 0.0, 0.0, 0.0, 0.0, 0.9855228, 0.16954261, 0.0, 0.0, -0.16954261, 0.9855228, 0.0, -0.5, -0.40798998, -20.971329, 1.0]|[0.7857328, 0.0, 0.0, 0.0, 0.0, 1.2571725, 0.0, 0.0, 0.0, 0.0, -1.0002604, -1.0, 0.0, 0.0, -0.100013025, 0.0]
899366722091200|5888|-0.5,-3.940663268332713,-20.5|[-2.0, -2.0, -2.0, 3.0, 3.0, 3.0]|[1.0, 0.0, 0.0, 0.0, 0.0, 0.9855228, 0.16954261, 0.0, 0.0, -0.16954261, 0.9855228, 0.0, -0.5, -0.40798998, -20.971329, 1.0]|[0.7857328, 0.0, 0.0, 0.0, 0.0, 1.2571725, 0.0, 0.0, 0.0, 0.0, -1.0002604, -1.0, 0.0, 0.0, -0.100013025, 0.0]
899366837053300|5888|-0.5,-3.940663268332713,-20.5|[-2.0, -2.0, -2.0, 3.0, 3.0, 3.0]|[1.0, 0.0, 0.0, 0.0, 0.0, 0.9855228, 0.16954261, 0.0, 0.0, -0.16954261, 0.9855228, 0.0, -0.5, -0.40798998, -20.971329, 1.0]|[0.7857328, 0.0, 0.0, 0.0, 0.0, 1.2571725, 0.0, 0.0, 0.0, 0.0, -1.0002604, -1.0, 0.0, 0.0, -0.100013025, 0.0]
899366937759200|5888|-0.5,-3.940663268332713,-20.5|[-2.0, -2.0, -2.0, 3.0, 3.0, 3.0]|[1.0, 0.0, 0.0, 0.0, 0.0, 0.9855228, 0.16954261, 0.0, 0.0, -0.16954261, 0.9855228, 0.0, -0.5, -0.40798998, -20.971329, 1.0]|[0.7857328, 0.0, 0.0, 0.0, 0.0, 1.2571725, 0.0, 0.0, 0.0, 0.0, -1.0002604, -1.0, 0.0, 0.0, -0.100013025, 0.0]
899367053666800|5888|-0.5,-3.940663268332713,-20.5|[-2.0, -2.0, -2.0, 3.0, 3.0, 3.0]|[1.0, 0.0, 0.0, 0.0, 0.0, 0.9855228, 0.16954261, 0.0, 0.0, -0.16954261, 0.9855228, 0.0, -0.5, -0.40798998, -20.971329, 1.0]|[0.7857328, 0.0, 0.0, 0.0, 0.0, 1.2571725, 0.0, 0.0, 0.0, 0.0, -1.0002604, -1.0, 0.0, 0.0, -0.100013025, 0.0]
899367155458400|5888|-0.5,-3.940663268332713,-20.5|[-2.0, -2.0, -2.0, 3.0, 3.0, 3.0]|[1.0, 0.0, 0.0, 0.0, 0.0, 0.9855228, 0.16954261, 0.0, 0.0, -0.16954261, 0.9855228, 0.0, -0.5, -0.40798998, -20.971329, 1.0]|[0.7857328, 0.0, 0.0, 0.0, 0.0, 1.2571725, 0.0, 0.0, 0.0, 0.0, -1.0002604, -1.0, 0.0, 0.0, -0.100013025, 0.0]
899367270963200|5888|-0.5,-3.940663268332713,-20.5|[-2.0, -2.0, -2.0, 3.0, 3.0, 3.0]|[1.0, 0.0, 0.0, 0.0, 0.0, 0.9855228, 0.16954261, 0.0, 0.0, -0.16954261, 0.9855228, 0.0, -0.5, -0.40798998, -20.971329, 1.0]|[0.7857328, 0.0, 0.0, 0.0, 0.0, 1.2571725, 0.0, 0.0, 0.0, 0.0, -1.0002604, -1.0, 0.0, 0.0, -0.100013025, 0.0]
899367371163200|5888|-0.5,-3.940663268332713,-20.5|[-2.0, -2.0, -2.0, 3.0, 3.0, 3.0]|[1.0, 0.0, 0.0, 0.0, 0.0, 0.9855228, 0.16954261, 0.0, 0.0, -0.16954261, 0.9855228, 0.0, -0.5, -0.40798998, -20.971329, 1.0]|[0.7857328, 0.0, 0.0, 0.0, 0.0, 1.2571725, 0.0, 0.0, 0.0, 0.0, -1.0002604, -1.0, 0.0, 0.0, -0.100013025, 0.0]
899367473609000|5888|-0.5,-3.940663268332713,-20.5|[-2.0, -2.0, -2.0, 3.0, 3.0, 3.0]|[1.0, 0.0, 0.0, 0.0, 0.0, 0.9855228, 0.16954261, 0.0, 0.0, -0.16954261, 0.9855228, 0.0, -0.5, -0.40798998, -20.971329, 1.0]|[0.7857328, 0.0, 0.0, 0.0, 0.0, 1.2571725, 0.0, 0.0, 0.0, 0.0, -1.0002604, -1.0, 0.0, 0.0, -0.100013025, 0.0]
899367587165900|5888|-0.5,-3.940663268332713,-20.5|[-2.0, -2.0, -2.0, 3.0, 3.0, 3.0]|[1.0, 0.0, 0.0, 0.0, 0.0, 0.9855228, 0.16954261, 0.0, 0.0, -0.16954261, 0.9855228, 0.0, -0.5, -0.40798998, -20.971329, 1.0]|[0.7857328, 0.0, 0.0, 0.0, 0.0, 1.2571725, 0.0, 0.0, 0.0, 0.0, -1.0002604, -1.0, 0.0, 0.0, -0.100013025, 0.0]
899367703814200|5888|-0.5,-3.940663268332713,-20.5|[-2.0, -2.0, -2.0, 3.0, 3.0, 3.0]|[1.0, 0.0, 0.0, 0.0, 0.0, 0.9855228, 0.16954261, 0.0, 0.0, -0.16954261, 0.9855228, 0.0, -0.5, -0.40798998, -20.971329, 1.0]|[0.7857328, 0.0, 0.0, 0.0, 0.0, 1.2571725, 0.0, 0.0, 0.0, 0.0, -1.0002604, -1.0, 0.0, 0.0, -0.100013025, 0.0]
899367807257400|5888|-0.5,-3.940663268332713,-20.5|[-2.0, -2.0, -2.0, 3.0, 3.0, 3.0]|[1.0, 0.0, 0.0, 0.0, 0.0, 0.9855228, 0.16954261, 0.0, 0.0, -0.16954261, 0.9855228, 0.0, -0.5, -0.40798998, -20.971329, 1.0]|[0.7857328, 0.0, 0.0, 0.0, 0.0, 1.2571725, 0.0, 0.0, 0.0, 0.0, -1.0002604, -1.0, 0.0, 0.0, -0.100013025, 0.0]
899367921195000|5888|-0.5,-3.940663268332713,-20.5|[-2.0, -2.0, -2.0, 3.0, 3.0, 3.0]|[1.0, 0.0, 0.0, 0.0, 0.0, 0.9855228, 0.16954261, 0.0, 0.0, -0.16954261, 0.9855228, 0.0, -0.5, -0.40798998, -20.971329, 1.0]|[0.7857328, 0.0, 0.0, 0.0, 0.0, 1.2571725, 0.0, 0.0, 0.0, 0.0, -1.0002604, -1.0, 0.0, 0.0, -0.100013025, 0.0]
899368021387800|5888|-0.5,-3.940663268332713,-20.5|[-2.0, -2.0, -2.0, 3.0, 3.0, 3.0]|[1.0, 0.0, 0.0, 0.0, 0.0, 0.9855228, 0.16954261, 0.0, 0.0, -0.16954261, 0.9855228, 0.0, -0.5, -0.40798998, -20.971329, 1.0]|[0.7857328, 0.0, 0.0, 0.0, 0.0, 1.2571725, 0.0, 0.0, 0.0, 0.0, -1.0002604, -1.0, 0.0, 0.0, -0.100013025, 0.0]
899368123249100|5888|-0.5,-3.940663268332713,-20.5|[-2.0, -2.0, -2.0, 3.0, 3.0, 3.0]|[1.0, 0.0, 0.0, 0.0, 0.0, 0.9855228, 0.16954261, 0.0, 0.0, -0.16954261, 0.9855228, 0.0, -0.5, -0.40798998, -20.971329, 1.0]|[0.7857328, 0.0, 0.0, 0.0, 0.0, 1.2571725, 0.0, 0.0, 0.0, 0.0, -1.0002604, -1.0, 0.0, 0.0, -0.100013025, 0.0]
899368226177600|5888|-0.5,-3.940663268332713,-20.5|[-2.0, -2.0, -2.0, 3.0, 3.0, 3.0]|[1.0, 0.0, 0.0, 0.0, 0.0, 0.9855228, 0.16954261, 0.0, 0.0, -0.16954261, 0.9855228, 0.0, -0.5, -0.40798998, -20.971329, 1.0]|[0.7857328, 0.0, 0.0, 0.0, 0.0, 1.2571725, 0.0, 0.0, 0.0, 0.0, -1.0002604, -1.0, 0.0, 0.0, -0.100013025, 0.0]
899368336954000|5888|-0.5,-3.940663268332713,-20.5|[-2.0, -2.0, -2.0, 3.0, 3.0, 3.0]|[1.0, 0.0, 0.0, 0.0, 0.0, 0.9855228, 0.16954261, 0.0, 0.0, -0.16954261, 0.9855228, 0.0, -0.5, -0.40798998, -20.971329, 1.0]|[0.7857328, 0.0, 0.0, 0.0, 0.0, 1.2571725, 0.0, 0.0, 0.0, 0.0, -1.0002604, -1.0, 0.0, 0.0, -0.100013025, 0.0]
899368441907600|5888|-0.5,-3.940663268332713,-20.5|[-2.0, -2.0, -2.0, 3.0, 3.0, 3.0]|[1.0, 0.0, 0.0, 0.0, 0.0, 0.9855228, 0.16954261, 0.0, 0.0, -0.16954261, 0.9855228, 0.0, -0.5, -0.40798998, -20.971329, 1.0]|[0.7857328, 0.0, 0.0, 0.0, 0.0, 1.2571725, 0.0, 0.0, 0.0, 0.0, -1.0002604, -1.0, 0.0, 0.0, -0.100013025, 0.0]
899368558232600|5888|-0.5,-3.940663268332713,-20.5|[-2.0, -2.0, -2.0, 3.0, 3.0, 3.0]|[1.0, 0.0, 0.0, 0.0, 0.0, 0.9855228, 0.16954261, 0.0, 0.0, -0.16954261, 0.9855228, 0.0, -0.5, -0.40798998, -20.971329, 1.0]|[0.7857328, 0.0, 0.0, 0.0, 0.0, 1.2571725, 0.0, 0.0, 0.0, 0.0, -1.0002604, -1.0, 0.0, 0.0, -0.100013025, 0.0]
899368674290100|5888|-0.5,-3.940663268332713,-20.5|[-2.0, -2.0, -2.0, 3.0, 3.0, 3.0]|[1.0, 0.0, 0.0, 0.0, 0.0, 0.9855228, 0.16954261, 0.0, 0.0, -0.16954261, 0.9855228, 0.0, -0.5, -0.40798998, -20.971329, 1.0]|[0.7857328, 0.0, 0.0, 0.0, 0.0, 1.2571725, 0.0, 0.0, 0.0, 0.0, -1.0002604, -1.0, 0.0, 0.0, -0.100013025, 0.0]
899368788514800|5888|-0.5,-3.940663268332713,-20.5|[-2.0, -2.0, -2.0, 3.0, 3.0, 3.0]|[1.0, 0.0, 0.0, 0.0, 0.0, 0.9855228, 0.16954261, 0.0, 0.0, -0.16954261, 0.9855228, 0.0, -0.5, -0.40798998, -20.971329, 1.0]|[0.7857328, 0.0, 0.0, 0.0, 0.0, 1.2571725, 0.0, 0.0, 0.0, 0.0, -1.0002604, -1.0, 0.0, 0.0, -0.100013025, 0.0]
899368891552000|5888|-0.5,-3.940663268332713,-20.5|[-2.0, -2.0, -2.0, 3.0, 3.0, 3.0]|[1.0, 0.0, 0.0, 0.0, 0.0, 0.9855228, 0.16954261, 0.0, 0.0, -0.16954261, 0.9855228, 0.0, -0.5, -0.40798998, -20.971329, 1.0]|[0.7857328, 0.0, 0.0, 0.0, 0.0, 1.2571725, 0.0, 0.0, 0.0, 0.0, -1.0002604, -1.0, 0.0, 0.0, -0.100013025, 0.0]
899369004499700|5888|-0.5,-3.940663268332713,-20.5|[-2.0, -2.0, -2.0, 3.0, 3.0, 3.0]|[1.0, 0.0, 0.0, 0.0, 0.0, 0.9855228, 0.16954261, 0.0, 0.0, -0.16954261, 0.9855228, 0.0, -0.5, -0.40798998, -20.971329, 1.0]|[0.7857328, 0.0, 0.0, 0.0, 0.0, 1.2571725, 0.0, 0.0, 0.0, 0.0, -1.0002604, -1.0, 0.0, 0.0, -0.100013025, 0.0]
899369105049900|5888|-0.5,-3.940663268332713,-20.5|[-2.0, -2.0, -2.0, 3.0, 3.0, 3.0]|[1.0, 0.0, 0.0, 0.0, 0.0, 0.9855228, 0.16954261, 0.0, 0.0, -0.16954261, 0.9855228, 0.0, -0.5, -0.40798998, -20.971329, 1.0]|[0.7857328, 0.0, 0.0, 0.0, 0.0, 1.2571725, 0.0, 0.0, 0.0, 0.0, -1.0002604, -1.0, 0.0, 0.0, -0.100013025, 0.0]
899369207915700|5888|-0.5,-3.940663268332713,-20.5|[-2.0, -2.0, -2.0, 3.0, 3.0, 3.0]|[1.0, 0.0, 0.0, 0.0, 0.0, 0.9855228, 0.16954261, 0.0, 0.0, -0.16954261, 0.9855228, 0.0, -0.5, -0.40798998, -20.971329, 1.0]|[0.7857328, 0.0, 0.0, 0.0, 0.0, 1.2571725, 0.0, 0.0, 0.0, 0.0, -1.0002604, -1.0, 0.0, 0.0, -0.100013025, 0.0]
899369322361600|5888|-0.5,-3.940663268332713,-20.5|[-2.0, -2.0, -2.0, 3.0, 3.0, 3.0]|[1.0, 0.0, 0.0, 0.0, 0.0, 0.9855228, 0.16954261, 0.0, 0.0, -0.16954261, 0.9855228, 0.0, -0.5, -0.40798998, -20.971329, 1.0]|[0.7857328, 0.0, 0.0, 0.0, 0.0, 1.2571725, 0.0, 0.0, 0.0, 0.0, -1.0002604, -1.0, 0.0, 0.0, -0.100013025, 0.0]
899369437176300|5888|-0.5,-3.940663268332713,-20.5|[-2.0, -2.0, -2.0, 3.0, 3.0, 3.0]|[1.0, 0.0, 0.0, 0.0, 0.0, 0.9855228, 0.16954261, 0.0, 0.0, -0.16954261, 0.9855228, 0.0, -0.5, -0.40798998, -20.971329, 1.0]|[0.7857328, 0.0, 0.0, 0.0, 0.0, 1.2571725, 0.0, 0.0, 0.0, 0.0, -1.0002604, -1.0, 0.0, 0.0, -0.100013025, 0.0]
899369555072300|5888|-0.5,-3.940663268332713,-20.5|[-2.0, -2.0, -2.0, 3.0, 3.0, 3.0]|[1.0, 0.0, 0.0, 0.0, 0.0, 0.9855228, 0.16954261, 0.0, 0.0, -0.16954261, 0.9855228, 0.0, -0.5, -0.40798998, -20.971329, 1.0]|[0.7857328, 0.0, 0.0, 0.0, 0.0, 1.2571725, 0.0, 0.0, 0.0, 0.0, -1.0002604, -1.0, 0.0, 0.0, -0.100013025, 0.0]
899369670927500|5888|-0.5,-3.940663268332713,-20.5|[-2.0, -2.0, -2.0, 3.0, 3.0, 3.0]|[1.0, 0.0, 0.0, 0.0, 0.0, 0.9855228, 0.16954261, 0.0, 0.0, -0.16954261, 0.9855228, 0.0, -0.5, -0.40798998, -20.971329, 1.0]|[0.7857328, 0.0, 0.0, 0.0, 0.0, 1.2571725, 0.0, 0.0, 0.0, 0.0, -1.0002604, -1.0, 0.0, 0.0, -0.100013025, 0.0]
899369770929500|5888|39.5,-2.940663268332713,-20.5|[-16.0, -16.0, -16.0, 17.0, 17.0, 17.0]|[1.0, 0.0, 0.0, 0.0, 0.0, 0.9855228, 0.16954261, 0.0, 0.0, -0.16954261, 0.9855228, 0.0, 39.5, 0.57753277, -20.801786, 1.0]|[0.7857328, 0.0, 0.0, 0.0, 0.0, 1.2571725, 0.0, 0.0, 0.0, 0.0, -1.0002604, -1.0, 0.0, 0.0, -0.100013025, 0.0]
899369871065100|5888|-0.5,-3.940663268332713,-20.5|[-2.0, -2.0, -2.0, 3.0, 3.0, 3.0]|[1.0, 0.0, 0.0, 0.0, 0.0, 0.9855228, 0.16954261, 0.0, 0.0, -0.16954261, 0.9855228, 0.0, -0.5, -0.40798998, -20.971329, 1.0]|[0.7857328, 0.0, 0.0, 0.0, 0.0, 1.2571725, 0.0, 0.0, 0.0, 0.0, -1.0002604, -1.0, 0.0, 0.0, -0.100013025, 0.0]
899369987124400|5888|-0.5,-3.940663268332713,-20.5|[-2.0, -2.0, -2.0, 3.0, 3.0, 3.0]|[1.0, 0.0, 0.0, 0.0, 0.0, 0.9855228, 0.16954261, 0.0, 0.0, -0.16954261, 0.9855228, 0.0, -0.5, -0.40798998, -20.971329, 1.0]|[0.7857328, 0.0, 0.0, 0.0, 0.0, 1.2571725, 0.0, 0.0, 0.0, 0.0, -1.0002604, -1.0, 0.0, 0.0, -0.100013025, 0.0]
899370087890400|5888|-0.5,-3.940663268332713,-20.5|[-2.0, -2.0, -2.0, 3.0, 3.0, 3.0]|[1.0, 0.0, 0.0, 0.0, 0.0, 0.9855228, 0.16954261, 0.0, 0.0, -0.16954261, 0.9855228, 0.0, -0.5, -0.40798998, -20.971329, 1.0]|[0.7857328, 0.0, 0.0, 0.0, 0.0, 1.2571725, 0.0, 0.0, 0.0, 0.0, -1.0002604, -1.0, 0.0, 0.0, -0.100013025, 0.0]
899370208386000|5888|-0.5,-3.940663268332713,-20.5|[-2.0, -2.0, -2.0, 3.0, 3.0, 3.0]|[1.0, 0.0, 0.0, 0.0, 0.0, 0.9855228, 0.16954261, 0.0, 0.0, -0.16954261, 0.9855228, 0.0, -0.5, -0.40798998, -20.971329, 1.0]|[0.7857328, 0.0, 0.0, 0.0, 0.0, 1.2571725, 0.0, 0.0, 0.0, 0.0, -1.0002604, -1.0, 0.0, 0.0, -0.100013025, 0.0]
899370324792000|5888|-0.5,-3.940663268332713,-20.5|[-2.0, -2.0, -2.0, 3.0, 3.0, 3.0]|[1.0, 0.0, 0.0, 0.0, 0.0, 0.9855228, 0.16954261, 0.0, 0.0, -0.16954261, 0.9855228, 0.0, -0.5, -0.40798998, -20.971329, 1.0]|[0.7857328, 0.0, 0.0, 0.0, 0.0, 1.2571725, 0.0, 0.0, 0.0, 0.0, -1.0002604, -1.0, 0.0, 0.0, -0.100013025, 0.0]
899370439175200|5888|-0.5,-3.940663268332713,-20.5|[-2.0, -2.0, -2.0, 3.0, 3.0, 3.0]|[1.0, 0.0, 0.0, 0.0, 0.0, 0.9855228, 0.16954261, 0.0, 0.0, -0.16954261, 0.9855228, 0.0, -0.5, -0.40798998, -20.971329, 1.0]|[0.7857328, 0.0, 0.0, 0.0, 0.0, 1.2571725, 0.0, 0.0, 0.0, 0.0, -1.0002604, -1.0, 0.0, 0.0, -0.100013025, 0.0]
899370558126400|5888|-0.5,-3.940663268332713,-20.5|[-2.0, -2.0, -2.0, 3.0, 3.0, 3.0]|[1.0, 0.0, 0.0, 0.0, 0.0, 0.9855228, 0.16954261, 0.0, 0.0, -0.16954261, 0.9855228, 0.0, -0.5, -0.40798998, -20.971329, 1.0]|[0.7857328, 0.0, 0.0, 0.0, 0.0, 1.2571725, 0.0, 0.0, 0.0, 0.0, -1.0002604, -1.0, 0.0, 0.0, -0.100013025, 0.0]
899370670813800|5888|-0.5,-3.940663268332713,-20.5|[-2.0, -2.0, -2.0, 3.0, 3.0, 3.0]|[1.0, 0.0, 0.0, 0.0, 0.0, 0.9855228, 0.16954261, 0.0, 0.0, -0.16954261, 0.9855228, 0.0, -0.5, -0.40798998, -20.971329, 1.0]|[0.7857328, 0.0, 0.0, 0.0, 0.0, 1.2571725, 0.0, 0.0, 0.0, 0.0, -1.0002604, -1.0, 0.0, 0.0, -0.100013025, 0.0]
899370771392000|5888|-0.5,-3.940663268332713,-20.5|[-2.0, -2.0, -2.0, 3.0, 3.0, 3.0]|[1.0, 0.0, 0.0, 0.0, 0.0, 0.9855228, 0.16954261, 0.0, 0.0, -0.16954261, 0.9855228, 0.0, -0.5, -0.40798998, -20.971329, 1.0]|[0.7857328, 0.0, 0.0, 0.0, 0.0, 1.2571725, 0.0, 0.0, 0.0, 0.0, -1.0002604, -1.0, 0.0, 0.0, -0.100013025, 0.0]
899370888774200|5888|-0.5,-3.940663268332713,-20.5|[-2.0, -2.0, -2.0, 3.0, 3.0, 3.0]|[1.0, 0.0, 0.0, 0.0, 0.0, 0.9855228, 0.16954261, 0.0, 0.0, -0.16954261, 0.9855228, 0.0, -0.5, -0.40798998, -20.971329, 1.0]|[0.7857328, 0.0, 0.0, 0.0, 0.0, 1.2571725, 0.0, 0.0, 0.0, 0.0, -1.0002604, -1.0, 0.0, 0.0, -0.100013025, 0.0]
899370989987100|5888|-0.5,-3.940663268332713,-20.5|[-2.0, -2.0, -2.0, 3.0, 3.0, 3.0]|[1.0, 0.0, 0.0, 0.0, 0.0, 0.9855228, 0.16954261, 0.0, 0.0, -0.16954261, 0.9855228, 0.0, -0.5, -0.40798998, -20.971329, 1.0]|[0.7857328, 0.0, 0.0, 0.0, 0.0, 1.2571725, 0.0, 0.0, 0.0, 0.0, -1.0002604, -1.0, 0.0, 0.0, -0.100013025, 0.0]
899371103649200|5888|-0.5,-3.940663268332713,-20.5|[-2.0, -2.0, -2.0, 3.0, 3.0, 3.0]|[1.0, 0.0, 0.0, 0.0, 0.0, 0.9855228, 0.16954261, 0.0, 0.0, -0.16954261, 0.9855228, 0.0, -0.5, -0.40798998, -20.971329, 1.0]|[0.7857328, 0.0, 0.0, 0.0, 0.0, 1.2571725, 0.0, 0.0, 0.0, 0.0, -1.0002604, -1.0, 0.0, 0.0, -0.100013025, 0.0]
899371204796200|5888|-0.5,-3.940663268332713,-20.5|[-2.0, -2.0, -2.0, 3.0, 3.0, 3.0]|[1.0, 0.0, 0.0, 0.0, 0.0, 0.9855228, 0.16954261, 0.0, 0.0, -0.16954261, 0.9855228, 0.0, -0.5, -0.40798998, -20.971329, 1.0]|[0.7857328, 0.0, 0.0, 0.0, 0.0, 1.2571725, 0.0, 0.0, 0.0, 0.0, -1.0002604, -1.0, 0.0, 0.0, -0.100013025, 0.0]
899371320912100|5888|-0.5,-3.940663268332713,-20.5|[-2.0, -2.0, -2.0, 3.0, 3.0, 3.0]|[1.0, 0.0, 0.0, 0.0, 0.0, 0.9855228, 0.16954261, 0.0, 0.0, -0.16954261, 0.9855228, 0.0, -0.5, -0.40798998, -20.971329, 1.0]|[0.7857328, 0.0, 0.0, 0.0, 0.0, 1.2571725, 0.0, 0.0, 0.0, 0.0, -1.0002604, -1.0, 0.0, 0.0, -0.100013025, 0.0]
899371422344300|5888|-0.5,-3.940663268332713,-20.5|[-2.0, -2.0, -2.0, 3.0, 3.0, 3.0]|[1.0, 0.0, 0.0, 0.0, 0.0, 0.9855228, 0.16954261, 0.0, 0.0, -0.16954261, 0.9855228, 0.0, -0.5, -0.40798998, -20.971329, 1.0]|[0.7857328, 0.0, 0.0, 0.0, 0.0, 1.2571725, 0.0, 0.0, 0.0, 0.0, -1.0002604, -1.0, 0.0, 0.0, -0.100013025, 0.0]
899371537020300|5888|-0.5,-3.940663268332713,-20.5|[-2.0, -2.0, -2.0, 3.0, 3.0, 3.0]|[1.0, 0.0, 0.0, 0.0, 0.0, 0.9855228, 0.16954261, 0.0, 0.0, -0.16954261, 0.9855228, 0.0, -0.5, -0.40798998, -20.971329, 1.0]|[0.7857328, 0.0, 0.0, 0.0, 0.0, 1.2571725, 0.0, 0.0, 0.0, 0.0, -1.0002604, -1.0, 0.0, 0.0, -0.100013025, 0.0]
899371638700600|5888|-0.5,-3.940663268332713,-20.5|[-2.0, -2.0, -2.0, 3.0, 3.0, 3.0]|[1.0, 0.0, 0.0, 0.0, 0.0, 0.9855228, 0.16954261, 0.0, 0.0, -0.16954261, 0.9855228, 0.0, -0.5, -0.40798998, -20.971329, 1.0]|[0.7857328, 0.0, 0.0, 0.0, 0.0, 1.2571725, 0.0, 0.0, 0.0, 0.0, -1.0002604, -1.0, 0.0, 0.0, -0.100013025, 0.0]
899371753585600|5888|-0.5,-3.940663268332713,-20.5|[-2.0, -2.0, -2.0, 3.0, 3.0, 3.0]|[1.0, 0.0, 0.0, 0.0, 0.0, 0.9855228, 0.16954261, 0.0, 0.0, -0.16954261, 0.9855228, 0.0, -0.5, -0.40798998, -20.971329, 1.0]|[0.7857328, 0.0, 0.0, 0.0, 0.0, 1.2571725, 0.0, 0.0, 0.0, 0.0, -1.0002604, -1.0, 0.0, 0.0, -0.100013025, 0.0]
899371854259000|5888|-0.5,-3.940663268332713,-20.5|[-2.0, -2.0, -2.0, 3.0, 3.0, 3.0]|[1.0, 0.0, 0.0, 0.0, 0.0, 0.9855228, 0.16954261, 0.0, 0.0, -0.16954261, 0.9855228, 0.0, -0.5, -0.40798998, -20.971329, 1.0]|[0.7857328, 0.0, 0.0, 0.0, 0.0, 1.2571725, 0.0, 0.0, 0.0, 0.0, -1.0002604, -1.0, 0.0, 0.0, -0.100013025, 0.0]
899371970792200|5888|-0.5,-3.940663268332713,-20.5|[-2.0, -2.0, -2.0, 3.0, 3.0, 3.0]|[1.0, 0.0, 0.0, 0.0, 0.0, 0.9855228, 0.16954261, 0.0, 0.0, -0.16954261, 0.9855228, 0.0, -0.5, -0.40798998, -20.971329, 1.0]|[0.7857328, 0.0, 0.0, 0.0, 0.0, 1.2571725, 0.0, 0.0, 0.0, 0.0, -1.0002604, -1.0, 0.0, 0.0, -0.100013025, 0.0]
899372071584800|5888|-0.5,-3.940663268332713,-20.5|[-2.0, -2.0, -2.0, 3.0, 3.0, 3.0]|[1.0, 0.0, 0.0, 0.0, 0.0, 0.9855228, 0.16954261, 0.0, 0.0, -0.16954261, 0.9855228, 0.0, -0.5, -0.40798998, -20.971329, 1.0]|[0.7857328, 0.0, 0.0, 0.0, 0.0, 1.2571725, 0.0, 0.0, 0.0, 0.0, -1.0002604, -1.0, 0.0, 0.0, -0.100013025, 0.0]
899372186949200|5888|-0.5,-3.940663268332713,-20.5|[-2.0, -2.0, -2.0, 3.0, 3.0, 3.0]|[1.0, 0.0, 0.0, 0.0, 0.0, 0.9855228, 0.16954261, 0.0, 0.0, -0.16954261, 0.9855228, 0.0, -0.5, -0.40798998, -20.971329, 1.0]|[0.7857328, 0.0, 0.0, 0.0, 0.0, 1.2571725, 0.0, 0.0, 0.0, 0.0, -1.0002604, -1.0, 0.0, 0.0, -0.100013025, 0.0]
899372291803300|5888|-0.5,-3.940663268332713,-20.5|[-2.0, -2.0, -2.0, 3.0, 3.0, 3.0]|[1.0, 0.0, 0.0, 0.0, 0.0, 0.9855228, 0.16954261, 0.0, 0.0, -0.16954261, 0.9855228, 0.0, -0.5, -0.40798998, -20.971329, 1.0]|[0.7857328, 0.0, 0.0, 0.0, 0.0, 1.2571725, 0.0, 0.0, 0.0, 0.0, -1.0002604, -1.0, 0.0, 0.0, -0.100013025, 0.0]
899372403656200|5888|-0.5,-3.940663268332713,-20.5|[-2.0, -2.0, -2.0, 3.0, 3.0, 3.0]|[1.0, 0.0, 0.0, 0.0, 0.0, 0.9855228, 0.16954261, 0.0, 0.0, -0.16954261, 0.9855228, 0.0, -0.5, -0.40798998, -20.971329, 1.0]|[0.7857328, 0.0, 0.0, 0.0, 0.0, 1.2571725, 0.0, 0.0, 0.0, 0.0, -1.0002604, -1.0, 0.0, 0.0, -0.100013025, 0.0]
899372503730200|5888|-0.5,-3.940663268332713,-20.5|[-2.0, -2.0, -2.0, 3.0, 3.0, 3.0]|[1.0, 0.0, 0.0, 0.0, 0.0, 0.9855228, 0.16954261, 0.0, 0.0, -0.16954261, 0.9855228, 0.0, -0.5, -0.40798998, -20.971329, 1.0]|[0.7857328, 0.0, 0.0, 0.0, 0.0, 1.2571725, 0.0, 0.0, 0.0, 0.0, -1.0002604, -1.0, 0.0, 0.0, -0.100013025, 0.0]
899372603754800|5888|-0.5,-3.940663268332713,-20.5|[-2.0, -2.0, -2.0, 3.0, 3.0, 3.0]|[1.0, 0.0, 0.0, 0.0, 0.0, 0.9855228, 0.16954261, 0.0, 0.0, -0.16954261, 0.9855228, 0.0, -0.5, -0.40798998, -20.971329, 1.0]|[0.7857328, 0.0, 0.0, 0.0, 0.0, 1.2571725, 0.0, 0.0, 0.0, 0.0, -1.0002604, -1.0, 0.0, 0.0, -0.100013025, 0.0]
899372703838600|5888|39.5,-2.940663268332713,-20.5|[-16.0, -16.0, -16.0, 17.0, 17.0, 17.0]|[1.0, 0.0, 0.0, 0.0, 0.0, 0.9855228, 0.16954261, 0.0, 0.0, -0.16954261, 0.9855228, 0.0, 39.5, 0.57753277, -20.801786, 1.0]|[0.7857328, 0.0, 0.0, 0.0, 0.0, 1.2571725, 0.0, 0.0, 0.0, 0.0, -1.0002604, -1.0, 0.0, 0.0, -0.100013025, 0.0]
899372820852900|5888|-0.5,-3.940663268332713,-20.5|[-2.0, -2.0, -2.0, 3.0, 3.0, 3.0]|[1.0, 0.0, 0.0, 0.0, 0.0, 0.9855228, 0.16954261, 0.0, 0.0, -0.16954261, 0.9855228, 0.0, -0.5, -0.40798998, -20.971329, 1.0]|[0.7857328, 0.0, 0.0, 0.0, 0.0, 1.2571725, 0.0, 0.0, 0.0, 0.0, -1.0002604, -1.0, 0.0, 0.0, -0.100013025, 0.0]
899372921235400|5888|-0.5,-3.940663268332713,-20.5|[-2.0, -2.0, -2.0, 3.0, 3.0, 3.0]|[1.0, 0.0, 0.0, 0.0, 0.0, 0.9855228, 0.16954261, 0.0, 0.0, -0.16954261, 0.9855228, 0.0, -0.5, -0.40798998, -20.971329, 1.0]|[0.7857328, 0.0, 0.0, 0.0, 0.0, 1.2571725, 0.0, 0.0, 0.0, 0.0, -1.0002604, -1.0, 0.0, 0.0, -0.100013025, 0.0]
899373036755500|5888|-0.5,-3.940663268332713,-20.5|[-2.0, -2.0, -2.0, 3.0, 3.0, 3.0]|[1.0, 0.0, 0.0, 0.0, 0.0, 0.9855228, 0.16954261, 0.0, 0.0, -0.16954261, 0.9855228, 0.0, -0.5, -0.40798998, -20.971329, 1.0]|[0.7857328, 0.0, 0.0, 0.0, 0.0, 1.2571725, 0.0, 0.0, 0.0, 0.0, -1.0002604, -1.0, 0.0, 0.0, -0.100013025, 0.0]
899373138142300|5888|-0.5,-3.940663268332713,-20.5|[-2.0, -2.0, -2.0, 3.0, 3.0, 3.0]|[1.0, 0.0, 0.0, 0.0, 0.0, 0.9855228, 0.16954261, 0.0, 0.0, -0.16954261, 0.9855228, 0.0, -0.5, -0.40798998, -20.971329, 1.0]|[0.7857328, 0.0, 0.0, 0.0, 0.0, 1.2571725, 0.0, 0.0, 0.0, 0.0, -1.0002604, -1.0, 0.0, 0.0, -0.100013025, 0.0]
899373253527200|5888|-0.5,-3.940663268332713,-20.5|[-2.0, -2.0, -2.0, 3.0, 3.0, 3.0]|[1.0, 0.0, 0.0, 0.0, 0.0, 0.9855228, 0.16954261, 0.0, 0.0, -0.16954261, 0.9855228, 0.0, -0.5, -0.40798998, -20.971329, 1.0]|[0.7857328, 0.0, 0.0, 0.0, 0.0, 1.2571725, 0.0, 0.0, 0.0, 0.0, -1.0002604, -1.0, 0.0, 0.0, -0.100013025, 0.0]
899373353753400|5888|-0.5,-3.940663268332713,-20.5|[-2.0, -2.0, -2.0, 3.0, 3.0, 3.0]|[1.0, 0.0, 0.0, 0.0, 0.0, 0.9855228, 0.16954261, 0.0, 0.0, -0.16954261, 0.9855228, 0.0, -0.5, -0.40798998, -20.971329, 1.0]|[0.7857328, 0.0, 0.0, 0.0, 0.0, 1.2571725, 0.0, 0.0, 0.0, 0.0, -1.0002604, -1.0, 0.0, 0.0, -0.100013025, 0.0]
899373470749400|5888|-0.5,-3.940663268332713,-20.5|[-2.0, -2.0, -2.0, 3.0, 3.0, 3.0]|[1.0, 0.0, 0.0, 0.0, 0.0, 0.9855228, 0.16954261, 0.0, 0.0, -0.16954261, 0.9855228, 0.0, -0.5, -0.40798998, -20.971329, 1.0]|[0.7857328, 0.0, 0.0, 0.0, 0.0, 1.2571725, 0.0, 0.0, 0.0, 0.0, -1.0002604, -1.0, 0.0, 0.0, -0.100013025, 0.0]
899373572482000|5888|-0.5,-3.940663268332713,-20.5|[-2.0, -2.0, -2.0, 3.0, 3.0, 3.0]|[1.0, 0.0, 0.0, 0.0, 0.0, 0.9855228, 0.16954261, 0.0, 0.0, -0.16954261, 0.9855228, 0.0, -0.5, -0.40798998, -20.971329, 1.0]|[0.7857328, 0.0, 0.0, 0.0, 0.0, 1.2571725, 0.0, 0.0, 0.0, 0.0, -1.0002604, -1.0, 0.0, 0.0, -0.100013025, 0.0]
899373686914600|5888|-0.5,-3.940663268332713,-20.5|[-2.0, -2.0, -2.0, 3.0, 3.0, 3.0]|[1.0, 0.0, 0.0, 0.0, 0.0, 0.9855228, 0.16954261, 0.0, 0.0, -0.16954261, 0.9855228, 0.0, -0.5, -0.40798998, -20.971329, 1.0]|[0.7857328, 0.0, 0.0, 0.0, 0.0, 1.2571725, 0.0, 0.0, 0.0, 0.0, -1.0002604, -1.0, 0.0, 0.0, -0.100013025, 0.0]
899373789115800|5888|-0.5,-3.940663268332713,-20.5|[-2.0, -2.0, -2.0, 3.0, 3.0, 3.0]|[1.0, 0.0, 0.0, 0.0, 0.0, 0.9855228, 0.16954261, 0.0, 0.0, -0.16954261, 0.9855228, 0.0, -0.5, -0.40798998, -20.971329, 1.0]|[0.7857328, 0.0, 0.0, 0.0, 0.0, 1.2571725, 0.0, 0.0, 0.0, 0.0, -1.0002604, -1.0, 0.0, 0.0, -0.100013025, 0.0]
899373905965100|5888|-0.5,-3.940663268332713,-20.5|[-2.0, -2.0, -2.0, 3.0, 3.0, 3.0]|[1.0, 0.0, 0.0, 0.0, 0.0, 0.9855228, 0.16954261, 0.0, 0.0, -0.16954261, 0.9855228, 0.0, -0.5, -0.40798998, -20.971329, 1.0]|[0.7857328, 0.0, 0.0, 0.0, 0.0, 1.2571725, 0.0, 0.0, 0.0, 0.0, -1.0002604, -1.0, 0.0, 0.0, -0.100013025, 0.0]
899374021007400|5888|-0.5,-3.940663268332713,-20.5|[-2.0, -2.0, -2.0, 3.0, 3.0, 3.0]|[1.0, 0.0, 0.0, 0.0, 0.0, 0.9855228, 0.16954261, 0.0, 0.0, -0.16954261, 0.9855228, 0.0, -0.5, -0.40798998, -20.971329, 1.0]|[0.7857328, 0.0, 0.0, 0.0, 0.0, 1.2571725, 0.0, 0.0, 0.0, 0.0, -1.0002604, -1.0, 0.0, 0.0, -0.100013025, 0.0]
899374121029200|5888|-0.5,-3.940663268332713,-20.5|[-2.0, -2.0, -2.0, 3.0, 3.0, 3.0]|[1.0, 0.0, 0.0, 0.0, 0.0, 0.9855228, 0.16954261, 0.0, 0.0, -0.16954261, 0.9855228, 0.0, -0.5, -0.40798998, -20.971329, 1.0]|[0.7857328, 0.0, 0.0, 0.0, 0.0, 1.2571725, 0.0, 0.0, 0.0, 0.0, -1.0002604, -1.0, 0.0, 0.0, -0.100013025, 0.0]
899374221029800|5888|39.5,-2.940663268332713,-20.5|[-16.0, -16.0, -16.0, 17.0, 17.0, 17.0]|[1.0, 0.0, 0.0, 0.0, 0.0, 0.9855228, 0.16954261, 0.0, 0.0, -0.16954261, 0.9855228, 0.0, 39.5, 0.57753277, -20.801786, 1.0]|[0.7857328, 0.0, 0.0, 0.0, 0.0, 1.2571725, 0.0, 0.0, 0.0, 0.0, -1.0002604, -1.0, 0.0, 0.0, -0.100013025, 0.0]
899374336742600|5888|-0.5,-3.940663268332713,-20.5|[-2.0, -2.0, -2.0, 3.0, 3.0, 3.0]|[1.0, 0.0, 0.0, 0.0, 0.0, 0.9855228, 0.16954261, 0.0, 0.0, -0.16954261, 0.9855228, 0.0, -0.5, -0.40798998, -20.971329, 1.0]|[0.7857328, 0.0, 0.0, 0.0, 0.0, 1.2571725, 0.0, 0.0, 0.0, 0.0, -1.0002604, -1.0, 0.0, 0.0, -0.100013025, 0.0]
899374437650800|5888|-0.5,-3.940663268332713,-20.5|[-2.0, -2.0, -2.0, 3.0, 3.0, 3.0]|[1.0, 0.0, 0.0, 0.0, 0.0, 0.9855228, 0.16954261, 0.0, 0.0, -0.16954261, 0.9855228, 0.0, -0.5, -0.40798998, -20.971329, 1.0]|[0.7857328, 0.0, 0.0, 0.0, 0.0, 1.2571725, 0.0, 0.0, 0.0, 0.0, -1.0002604, -1.0, 0.0, 0.0, -0.100013025, 0.0]
899374553475200|5888|-0.5,-3.940663268332713,-20.5|[-2.0, -2.0, -2.0, 3.0, 3.0, 3.0]|[1.0, 0.0, 0.0, 0.0, 0.0, 0.9855228, 0.16954261, 0.0, 0.0, -0.16954261, 0.9855228, 0.0, -0.5, -0.40798998, -20.971329, 1.0]|[0.7857328, 0.0, 0.0, 0.0, 0.0, 1.2571725, 0.0, 0.0, 0.0, 0.0, -1.0002604, -1.0, 0.0, 0.0, -0.100013025, 0.0]
899374654914200|5888|-0.5,-3.940663268332713,-20.5|[-2.0, -2.0, -2.0, 3.0, 3.0, 3.0]|[1.0, 0.0, 0.0, 0.0, 0.0, 0.9855228, 0.16954261, 0.0, 0.0, -0.16954261, 0.9855228, 0.0, -0.5, -0.40798998, -20.971329, 1.0]|[0.7857328, 0.0, 0.0, 0.0, 0.0, 1.2571725, 0.0, 0.0, 0.0, 0.0, -1.0002604, -1.0, 0.0, 0.0, -0.100013025, 0.0]
899374770683400|5888|-0.5,-3.940663268332713,-20.5|[-2.0, -2.0, -2.0, 3.0, 3.0, 3.0]|[1.0, 0.0, 0.0, 0.0, 0.0, 0.9855228, 0.16954261, 0.0, 0.0, -0.16954261, 0.9855228, 0.0, -0.5, -0.40798998, -20.971329, 1.0]|[0.7857328, 0.0, 0.0, 0.0, 0.0, 1.2571725, 0.0, 0.0, 0.0, 0.0, -1.0002604, -1.0, 0.0, 0.0, -0.100013025, 0.0]
899374872529700|5888|-0.5,-3.940663268332713,-20.5|[-2.0, -2.0, -2.0, 3.0, 3.0, 3.0]|[1.0, 0.0, 0.0, 0.0, 0.0, 0.9855228, 0.16954261, 0.0, 0.0, -0.16954261, 0.9855228, 0.0, -0.5, -0.40798998, -20.971329, 1.0]|[0.7857328, 0.0, 0.0, 0.0, 0.0, 1.2571725, 0.0, 0.0, 0.0, 0.0, -1.0002604, -1.0, 0.0, 0.0, -0.100013025, 0.0]
899374986777000|5888|-0.5,-3.940663268332713,-20.5|[-2.0, -2.0, -2.0, 3.0, 3.0, 3.0]|[1.0, 0.0, 0.0, 0.0, 0.0, 0.9855228, 0.16954261, 0.0, 0.0, -0.16954261, 0.9855228, 0.0, -0.5, -0.40798998, -20.971329, 1.0]|[0.7857328, 0.0, 0.0, 0.0, 0.0, 1.2571725, 0.0, 0.0, 0.0, 0.0, -1.0002604, -1.0, 0.0, 0.0, -0.100013025, 0.0]
899375090644900|5888|-0.5,-3.940663268332713,-20.5|[-2.0, -2.0, -2.0, 3.0, 3.0, 3.0]|[1.0, 0.0, 0.0, 0.0, 0.0, 0.9855228, 0.16954261, 0.0, 0.0, -0.16954261, 0.9855228, 0.0, -0.5, -0.40798998, -20.971329, 1.0]|[0.7857328, 0.0, 0.0, 0.0, 0.0, 1.2571725, 0.0, 0.0, 0.0, 0.0, -1.0002604, -1.0, 0.0, 0.0, -0.100013025, 0.0]
899375203877100|5888|-0.5,-3.940663268332713,-20.5|[-2.0, -2.0, -2.0, 3.0, 3.0, 3.0]|[1.0, 0.0, 0.0, 0.0, 0.0, 0.9855228, 0.16954261, 0.0, 0.0, -0.16954261, 0.9855228, 0.0, -0.5, -0.40798998, -20.971329, 1.0]|[0.7857328, 0.0, 0.0, 0.0, 0.0, 1.2571725, 0.0, 0.0, 0.0, 0.0, -1.0002604, -1.0, 0.0, 0.0, -0.100013025, 0.0]
899375304602000|5888|-0.5,-3.940663268332713,-20.5|[-2.0, -2.0, -2.0, 3.0, 3.0, 3.0]|[1.0, 0.0, 0.0, 0.0, 0.0, 0.9855228, 0.16954261, 0.0, 0.0, -0.16954261, 0.9855228, 0.0, -0.5, -0.40798998, -20.971329, 1.0]|[0.7857328, 0.0, 0.0, 0.0, 0.0, 1.2571725, 0.0, 0.0, 0.0, 0.0, -1.0002604, -1.0, 0.0, 0.0, -0.100013025, 0.0]
899375421007300|5888|-0.5,-3.940663268332713,-20.5|[-2.0, -2.0, -2.0, 3.0, 3.0, 3.0]|[1.0, 0.0, 0.0, 0.0, 0.0, 0.9855228, 0.16954261, 0.0, 0.0, -0.16954261, 0.9855228, 0.0, -0.5, -0.40798998, -20.971329, 1.0]|[0.7857328, 0.0, 0.0, 0.0, 0.0, 1.2571725, 0.0, 0.0, 0.0, 0.0, -1.0002604, -1.0, 0.0, 0.0, -0.100013025, 0.0]
899375524179700|5888|-0.5,-3.940663268332713,-20.5|[-2.0, -2.0, -2.0, 3.0, 3.0, 3.0]|[1.0, 0.0, 0.0, 0.0, 0.0, 0.9855228, 0.16954261, 0.0, 0.0, -0.16954261, 0.9855228, 0.0, -0.5, -0.40798998, -20.971329, 1.0]|[0.7857328, 0.0, 0.0, 0.0, 0.0, 1.2571725, 0.0, 0.0, 0.0, 0.0, -1.0002604, -1.0, 0.0, 0.0, -0.100013025, 0.0]
899375636855400|5888|-0.5,-3.940663268332713,-20.5|[-2.0, -2.0, -2.0, 3.0, 3.0, 3.0]|[1.0, 0.0, 0.0, 0.0, 0.0, 0.9855228, 0.16954261, 0.0, 0.0, -0.16954261, 0.9855228, 0.0, -0.5, -0.40798998, -20.971329, 1.0]|[0.7857328, 0.0, 0.0, 0.0, 0.0, 1.2571725, 0.0, 0.0, 0.0, 0.0, -1.0002604, -1.0, 0.0, 0.0, -0.100013025, 0.0]
899375736877000|5888|39.5,-2.940663268332713,-20.5|[-16.0, -16.0, -16.0, 17.0, 17.0, 17.0]|[1.0, 0.0, 0.0, 0.0, 0.0, 0.9855228, 0.16954261, 0.0, 0.0, -0.16954261, 0.9855228, 0.0, 39.5, 0.57753277, -20.801786, 1.0]|[0.7857328, 0.0, 0.0, 0.0, 0.0, 1.2571725, 0.0, 0.0, 0.0, 0.0, -1.0002604, -1.0, 0.0, 0.0, -0.100013025, 0.0]
899375853287100|5888|-0.5,-3.940663268332713,-20.5|[-2.0, -2.0, -2.0, 3.0, 3.0, 3.0]|[1.0, 0.0, 0.0, 0.0, 0.0, 0.9855228, 0.16954261, 0.0, 0.0, -0.16954261, 0.9855228, 0.0, -0.5, -0.40798998, -20.971329, 1.0]|[0.7857328, 0.0, 0.0, 0.0, 0.0, 1.2571725, 0.0, 0.0, 0.0, 0.0, -1.0002604, -1.0, 0.0, 0.0, -0.100013025, 0.0]
899375953533900|5888|-0.5,-3.940663268332713,-20.5|[-2.0, -2.0, -2.0, 3.0, 3.0, 3.0]|[1.0, 0.0, 0.0, 0.0, 0.0, 0.9855228, 0.16954261, 0.0, 0.0, -0.16954261, 0.9855228, 0.0, -0.5, -0.40798998, -20.971329, 1.0]|[0.7857328, 0.0, 0.0, 0.0, 0.0, 1.2571725, 0.0, 0.0, 0.0, 0.0, -1.0002604, -1.0, 0.0, 0.0, -0.100013025, 0.0]
899376070752800|5888|-0.5,-3.940663268332713,-20.5|[-2.0, -2.0, -2.0, 3.0, 3.0, 3.0]|[1.0, 0.0, 0.0, 0.0, 0.0, 0.9855228, 0.16954261, 0.0, 0.0, -0.16954261, 0.9855228, 0.0, -0.5, -0.40798998, -20.971329, 1.0]|[0.7857328, 0.0, 0.0, 0.0, 0.0, 1.2571725, 0.0, 0.0, 0.0, 0.0, -1.0002604, -1.0, 0.0, 0.0, -0.100013025, 0.0]
899376171769400|5888|-0.5,-3.940663268332713,-20.5|[-2.0, -2.0, -2.0, 3.0, 3.0, 3.0]|[1.0, 0.0, 0.0, 0.0, 0.0, 0.9855228, 0.16954261, 0.0, 0.0, -0.16954261, 0.9855228, 0.0, -0.5, -0.40798998, -20.971329, 1.0]|[0.7857328, 0.0, 0.0, 0.0, 0.0, 1.2571725, 0.0, 0.0, 0.0, 0.0, -1.0002604, -1.0, 0.0, 0.0, -0.100013025, 0.0]
899376286812900|5888|-0.5,-3.940663268332713,-20.5|[-2.0, -2.0, -2.0, 3.0, 3.0, 3.0]|[1.0, 0.0, 0.0, 0.0, 0.0, 0.9855228, 0.16954261, 0.0, 0.0, -0.16954261, 0.9855228, 0.0, -0.5, -0.40798998, -20.971329, 1.0]|[0.7857328, 0.0, 0.0, 0.0, 0.0, 1.2571725, 0.0, 0.0, 0.0, 0.0, -1.0002604, -1.0, 0.0, 0.0, -0.100013025, 0.0]
899376387062000|5888|-0.5,-3.940663268332713,-20.5|[-2.0, -2.0, -2.0, 3.0, 3.0, 3.0]|[1.0, 0.0, 0.0, 0.0, 0.0, 0.9855228, 0.16954261, 0.0, 0.0, -0.16954261, 0.9855228, 0.0, -0.5, -0.40798998, -20.971329, 1.0]|[0.7857328, 0.0, 0.0, 0.0, 0.0, 1.2571725, 0.0, 0.0, 0.0, 0.0, -1.0002604, -1.0, 0.0, 0.0, -0.100013025, 0.0]
899376503337100|5888|-0.5,-3.940663268332713,-20.5|[-2.0, -2.0, -2.0, 3.0, 3.0, 3.0]|[1.0, 0.0, 0.0, 0.0, 0.0, 0.9855228, 0.16954261, 0.0, 0.0, -0.16954261, 0.9855228, 0.0, -0.5, -0.40798998, -20.971329, 1.0]|[0.7857328, 0.0, 0.0, 0.0, 0.0, 1.2571725, 0.0, 0.0, 0.0, 0.0, -1.0002604, -1.0, 0.0, 0.0, -0.100013025, 0.0]
899376603398800|5888|-0.5,-3.940663268332713,-20.5|[-2.0, -2.0, -2.0, 3.0, 3.0, 3.0]|[1.0, 0.0, 0.0, 0.0, 0.0, 0.9855228, 0.16954261, 0.0, 0.0, -0.16954261, 0.9855228, 0.0, -0.5, -0.40798998, -20.971329, 1.0]|[0.7857328, 0.0, 0.0, 0.0, 0.0, 1.2571725, 0.0, 0.0, 0.0, 0.0, -1.0002604, -1.0, 0.0, 0.0, -0.100013025, 0.0]
899376703842500|5888|-0.5,-3.940663268332713,-20.5|[-2.0, -2.0, -2.0, 3.0, 3.0, 3.0]|[1.0, 0.0, 0.0, 0.0, 0.0, 0.9855228, 0.16954261, 0.0, 0.0, -0.16954261, 0.9855228, 0.0, -0.5, -0.40798998, -20.971329, 1.0]|[0.7857328, 0.0, 0.0, 0.0, 0.0, 1.2571725, 0.0, 0.0, 0.0, 0.0, -1.0002604, -1.0, 0.0, 0.0, -0.100013025, 0.0]
899376822555700|5888|-0.5,-3.940663268332713,-20.5|[-2.0, -2.0, -2.0, 3.0, 3.0, 3.0]|[1.0, 0.0, 0.0, 0.0, 0.0, 0.9855228, 0.16954261, 0.0, 0.0, -0.16954261, 0.9855228, 0.0, -0.5, -0.40798998, -20.971329, 1.0]|[0.7857328, 0.0, 0.0, 0.0, 0.0, 1.2571725, 0.0, 0.0, 0.0, 0.0, -1.0002604, -1.0, 0.0, 0.0, -0.100013025, 0.0]
899376936793700|5888|-0.5,-3.940663268332713,-20.5|[-2.0, -2.0, -2.0, 3.0, 3.0, 3.0]|[1.0, 0.0, 0.0, 0.0, 0.0, 0.9855228, 0.16954261, 0.0, 0.0, -0.16954261, 0.9855228, 0.0, -0.5, -0.40798998, -20.971329, 1.0]|[0.7857328, 0.0, 0.0, 0.0, 0.0, 1.2571725, 0.0, 0.0, 0.0, 0.0, -1.0002604, -1.0, 0.0, 0.0, -0.100013025, 0.0]
899377053385300|5888|-0.5,-3.940663268332713,-20.5|[-2.0, -2.0, -2.0, 3.0, 3.0, 3.0]|[1.0, 0.0, 0.0, 0.0, 0.0, 0.9855228, 0.16954261, 0.0, 0.0, -0.16954261, 0.9855228, 0.0, -0.5, -0.40798998, -20.971329, 1.0]|[0.7857328, 0.0, 0.0, 0.0, 0.0, 1.2571725, 0.0, 0.0, 0.0, 0.0, -1.0002604, -1.0, 0.0, 0.0, -0.100013025, 0.0]
899377153392100|5888|39.5,-2.940663268332713,-20.5|[-16.0, -16.0, -16.0, 17.0, 17.0, 17.0]|[1.0, 0.0, 0.0, 0.0, 0.0, 0.9855228, 0.16954261, 0.0, 0.0, -0.16954261, 0.9855228, 0.0, 39.5, 0.57753277, -20.801786, 1.0]|[0.7857328, 0.0, 0.0, 0.0, 0.0, 1.2571725, 0.0, 0.0, 0.0, 0.0, -1.0002604, -1.0, 0.0, 0.0, -0.100013025, 0.0]
899377253424900|5888|-0.5,-3.940663268332713,-20.5|[-2.0, -2.0, -2.0, 3.0, 3.0, 3.0]|[1.0, 0.0, 0.0, 0.0, 0.0, 0.9855228, 0.16954261, 0.0, 0.0, -0.16954261, 0.9855228, 0.0, -0.5, -0.40798998, -20.971329, 1.0]|[0.7857328, 0.0, 0.0, 0.0, 0.0, 1.2571725, 0.0, 0.0, 0.0, 0.0, -1.0002604, -1.0, 0.0, 0.0, -0.100013025, 0.0]
899377371918400|5888|-0.5,-3.940663268332713,-20.5|[-2.0, -2.0, -2.0, 3.0, 3.0, 3.0]|[1.0, 0.0, 0.0, 0.0, 0.0, 0.9855228, 0.16954261, 0.0, 0.0, -0.16954261, 0.9855228, 0.0, -0.5, -0.40798998, -20.971329, 1.0]|[0.7857328, 0.0, 0.0, 0.0, 0.0, 1.2571725, 0.0, 0.0, 0.0, 0.0, -1.0002604, -1.0, 0.0, 0.0, -0.100013025, 0.0]
899377486598600|5888|-0.5,-3.940663268332713,-20.5|[-2.0, -2.0, -2.0, 3.0, 3.0, 3.0]|[1.0, 0.0, 0.0, 0.0, 0.0, 0.9855228, 0.16954261, 0.0, 0.0, -0.16954261, 0.9855228, 0.0, -0.5, -0.40798998, -20.971329, 1.0]|[0.7857328, 0.0, 0.0, 0.0, 0.0, 1.2571725, 0.0, 0.0, 0.0, 0.0, -1.0002604, -1.0, 0.0, 0.0, -0.100013025, 0.0]
899377588892300|5888|-0.5,-3.940663268332713,-20.5|[-2.0, -2.0, -2.0, 3.0, 3.0, 3.0]|[1.0, 0.0, 0.0, 0.0, 0.0, 0.9855228, 0.16954261, 0.0, 0.0, -0.16954261, 0.9855228, 0.0, -0.5, -0.40798998, -20.971329, 1.0]|[0.7857328, 0.0, 0.0, 0.0, 0.0, 1.2571725, 0.0, 0.0, 0.0, 0.0, -1.0002604, -1.0, 0.0, 0.0, -0.100013025, 0.0]
899377703300400|5888|-0.5,-3.940663268332713,-20.5|[-2.0, -2.0, -2.0, 3.0, 3.0, 3.0]|[1.0, 0.0, 0.0, 0.0, 0.0, 0.9855228, 0.16954261, 0.0, 0.0, -0.16954261, 0.9855228, 0.0, -0.5, -0.40798998, -20.971329, 1.0]|[0.7857328, 0.0, 0.0, 0.0, 0.0, 1.2571725, 0.0, 0.0, 0.0, 0.0, -1.0002604, -1.0, 0.0, 0.0, -0.100013025, 0.0]
899377803724700|5888|-0.5,-3.940663268332713,-20.5|[-2.0, -2.0, -2.0, 3.0, 3.0, 3.0]|[1.0, 0.0, 0.0, 0.0, 0.0, 0.9855228, 0.16954261, 0.0, 0.0, -0.16954261, 0.9855228, 0.0, -0.5, -0.40798998, -20.971329, 1.0]|[0.7857328, 0.0, 0.0, 0.0, 0.0, 1.2571725, 0.0, 0.0, 0.0, 0.0, -1.0002604, -1.0, 0.0, 0.0, -0.100013025, 0.0]
899377920766500|5888|-0.5,-3.940663268332713,-20.5|[-2.0, -2.0, -2.0, 3.0, 3.0, 3.0]|[1.0, 0.0, 0.0, 0.0, 0.0, 0.9855228, 0.16954261, 0.0, 0.0, -0.16954261, 0.9855228, 0.0, -0.5, -0.40798998, -20.971329, 1.0]|[0.7857328, 0.0, 0.0, 0.0, 0.0, 1.2571725, 0.0, 0.0, 0.0, 0.0, -1.0002604, -1.0, 0.0, 0.0, -0.100013025, 0.0]
899378020849700|5888|-0.5,-3.940663268332713,-20.5|[-2.0, -2.0, -2.0, 3.0, 3.0, 3.0]|[1.0, 0.0, 0.0, 0.0, 0.0, 0.9855228, 0.16954261, 0.0, 0.0, -0.16954261, 0.9855228, 0.0, -0.5, -0.40798998, -20.971329, 1.0]|[0.7857328, 0.0, 0.0, 0.0, 0.0, 1.2571725, 0.0, 0.0, 0.0, 0.0, -1.0002604, -1.0, 0.0, 0.0, -0.100013025, 0.0]
899378121824000|5888|-0.5,-3.940663268332713,-20.5|[-2.0, -2.0, -2.0, 3.0, 3.0, 3.0]|[1.0, 0.0, 0.0, 0.0, 0.0, 0.9855228, 0.16954261, 0.0, 0.0, -0.16954261, 0.9855228, 0.0, -0.5, -0.40798998, -20.971329, 1.0]|[0.7857328, 0.0, 0.0, 0.0, 0.0, 1.2571725, 0.0, 0.0, 0.0, 0.0, -1.0002604, -1.0, 0.0, 0.0, -0.100013025, 0.0]
899378236592100|5888|-0.5,-3.940663268332713,-20.5|[-2.0, -2.0, -2.0, 3.0, 3.0, 3.0]|[1.0, 0.0, 0.0, 0.0, 0.0, 0.9855228, 0.16954261, 0.0, 0.0, -0.16954261, 0.9855228, 0.0, -0.5, -0.40798998, -20.971329, 1.0]|[0.7857328, 0.0, 0.0, 0.0, 0.0, 1.2571725, 0.0, 0.0, 0.0, 0.0, -1.0002604, -1.0, 0.0, 0.0, -0.100013025, 0.0]
899378337614000|5888|-0.5,-3.940663268332713,-20.5|[-2.0, -2.0, -2.0, 3.0, 3.0, 3.0]|[1.0, 0.0, 0.0, 0.0, 0.0, 0.9855228, 0.16954261, 0.0, 0.0, -0.16954261, 0.9855228, 0.0, -0.5, -0.40798998, -20.971329, 1.0]|[0.7857328, 0.0, 0.0, 0.0, 0.0, 1.2571725, 0.0, 0.0, 0.0, 0.0, -1.0002604, -1.0, 0.0, 0.0, -0.100013025, 0.0]
899378438405100|5888|-0.5,-3.940663268332713,-20.5|[-2.0, -2.0, -2.0, 3.0, 3.0, 3.0]|[1.0, 0.0, 0.0, 0.0, 0.0, 0.9855228, 0.16954261, 0.0, 0.0, -0.16954261, 0.9855228, 0.0, -0.5, -0.40798998, -20.971329, 1.0]|[0.7857328, 0.0, 0.0, 0.0, 0.0, 1.2571725, 0.0, 0.0, 0.0, 0.0, -1.0002604, -1.0, 0.0, 0.0, -0.100013025, 0.0]
899378555731200|5888|-0.5,-3.940663268332713,-20.5|[-2.0, -2.0, -2.0, 3.0, 3.0, 3.0]|[1.0, 0.0, 0.0, 0.0, 0.0, 0.9855228, 0.16954261, 0.0, 0.0, -0.16954261, 0.9855228, 0.0, -0.5, -0.40798998, -20.971329, 1.0]|[0.7857328, 0.0, 0.0, 0.0, 0.0, 1.2571725, 0.0, 0.0, 0.0, 0.0, -1.0002604, -1.0, 0.0, 0.0, -0.100013025, 0.0]
899378670695800|5888|-0.5,-3.940663268332713,-20.5|[-2.0, -2.0, -2.0, 3.0, 3.0, 3.0]|[1.0, 0.0, 0.0, 0.0, 0.0, 0.9855228, 0.16954261, 0.0, 0.0, -0.16954261, 0.9855228, 0.0, -0.5, -0.40798998, -20.971329, 1.0]|[0.7857328, 0.0, 0.0, 0.0, 0.0, 1.2571725, 0.0, 0.0, 0.0, 0.0, -1.0002604, -1.0, 0.0, 0.0, -0.100013025, 0.0]
899378771968600|5888|-0.5,-3.940663268332713,-20.5|[-2.0, -2.0, -2.0, 3.0, 3.0, 3.0]|[1.0, 0.0, 0.0, 0.0, 0.0, 0.9855228, 0.16954261, 0.0, 0.0, -0.16954261, 0.9855228, 0.0, -0.5, -0.40798998, -20.971329, 1.0]|[0.7857328, 0.0, 0.0, 0.0, 0.0, 1.2571725, 0.0, 0.0, 0.0, 0.0, -1.0002604, -1.0, 0.0, 0.0, -0.100013025, 0.0]
899378886700200|5888|-0.5,-3.940663268332713,-20.5|[-2.0, -2.0, -2.0, 3.0, 3.0, 3.0]|[1.0, 0.0, 0.0, 0.0, 0.0, 0.9855228, 0.16954261, 0.0, 0.0, -0.16954261, 0.9855228, 0.0, -0.5, -0.40798998, -20.971329, 1.0]|[0.7857328, 0.0, 0.0, 0.0, 0.0, 1.2571725, 0.0, 0.0, 0.0, 0.0, -1.0002604, -1.0, 0.0, 0.0, -0.100013025, 0.0]
899378986898400|5888|-0.5,-3.940663268332713,-20.5|[-2.0, -2.0, -2.0, 3.0, 3.0, 3.0]|[1.0, 0.0, 0.0, 0.0, 0.0, 0.9855228, 0.16954261, 0.0, 0.0, -0.16954261, 0.9855228, 0.0, -0.5, -0.40798998, -20.971329, 1.0]|[0.7857328, 0.0, 0.0, 0.0, 0.0, 1.2571725, 0.0, 0.0, 0.0, 0.0, -1.0002604, -1.0, 0.0, 0.0, -0.100013025, 0.0]
899379103261900|5888|-0.5,-3.940663268332713,-20.5|[-2.0, -2.0, -2.0, 3.0, 3.0, 3.0]|[1.0, 0.0, 0.0, 0.0, 0.0, 0.9855228, 0.16954261, 0.0, 0.0, -0.16954261, 0.9855228, 0.0, -0.5, -0.40798998, -20.971329, 1.0]|[0.7857328, 0.0, 0.0, 0.0, 0.0, 1.2571725, 0.0, 0.0, 0.0, 0.0, -1.0002604, -1.0, 0.0, 0.0, -0.100013025, 0.0]
899379205478500|5888|-0.5,-3.940663268332713,-20.5|[-2.0, -2.0, -2.0, 3.0, 3.0, 3.0]|[1.0, 0.0, 0.0, 0.0, 0.0, 0.9855228, 0.16954261, 0.0, 0.0, -0.16954261, 0.9855228, 0.0, -0.5, -0.40798998, -20.971329, 1.0]|[0.7857328, 0.0, 0.0, 0.0, 0.0, 1.2571725, 0.0, 0.0, 0.0, 0.0, -1.0002604, -1.0, 0.0, 0.0, -0.100013025, 0.0]
899379321024000|5888|-0.5,-3.940663268332713,-20.5|[-2.0, -2.0, -2.0, 3.0, 3.0, 3.0]|[1.0, 0.0, 0.0, 0.0, 0.0, 0.9855228, 0.16954261, 0.0, 0.0, -0.16954261, 0.9855228, 0.0, -0.5, -0.40798998, -20.971329, 1.0]|[0.7857328, 0.0, 0.0, 0.0, 0.0, 1.2571725, 0.0, 0.0, 0.0, 0.0, -1.0002604, -1.0, 0.0, 0.0, -0.100013025, 0.0]
899379421910000|5888|-0.5,-3.940663268332713,-20.5|[-2.0, -2.0, -2.0, 3.0, 3.0, 3.0]|[1.0, 0.0, 0.0, 0.0, 0.0, 0.9855228, 0.16954261, 0.0, 0.0, -0.16954261, 0.9855228, 0.0, -0.5, -0.40798998, -20.971329, 1.0]|[0.7857328, 0.0, 0.0, 0.0, 0.0, 1.2571725, 0.0, 0.0, 0.0, 0.0, -1.0002604, -1.0, 0.0, 0.0, -0.100013025, 0.0]
899379536561800|5888|-0.5,-3.940663268332713,-20.5|[-2.0, -2.0, -2.0, 3.0, 3.0, 3.0]|[1.0, 0.0, 0.0, 0.0, 0.0, 0.9855228, 0.16954261, 0.0, 0.0, -0.16954261, 0.9855228, 0.0, -0.5, -0.40798998, -20.971329, 1.0]|[0.7857328, 0.0, 0.0, 0.0, 0.0, 1.2571725, 0.0, 0.0, 0.0, 0.0, -1.0002604, -1.0, 0.0, 0.0, -0.100013025, 0.0]
899379636723300|5888|-0.5,-3.940663268332713,-20.5|[-2.0, -2.0, -2.0, 3.0, 3.0, 3.0]|[1.0, 0.0, 0.0, 0.0, 0.0, 0.9855228, 0.16954261, 0.0, 0.0, -0.16954261, 0.9855228, 0.0, -0.5, -0.40798998, -20.971329, 1.0]|[0.7857328, 0.0, 0.0, 0.0, 0.0, 1.2571725, 0.0, 0.0, 0.0, 0.0, -1.0002604, -1.0, 0.0, 0.0, -0.100013025, 0.0]
899379736739900|5888|39.5,-2.940663268332713,-20.5|[-16.0, -16.0, -16.0, 17.0, 17.0, 17.0]|[1.0, 0.0, 0.0, 0.0, 0.0, 0.9855228, 0.16954261, 0.0, 0.0, -0.16954261, 0.9855228, 0.0, 39.5, 0.57753277, -20.801786, 1.0]|[0.7857328, 0.0, 0.0, 0.0, 0.0, 1.2571725, 0.0, 0.0, 0.0, 0.0, -1.0002604, -1.0, 0.0, 0.0, -0.100013025, 0.0]
899379837102100|5888|-0.5,-3.940663268332713,-20.5|[-2.0, -2.0, -2.0, 3.0, 3.0, 3.0]|[1.0, 0.0, 0.0, 0.0, 0.0, 0.9855228, 0.16954261, 0.0, 0.0, -0.16954261, 0.9855228, 0.0, -0.5, -0.40798998, -20.971329, 1.0]|[0.7857328, 0.0, 0.0, 0.0, 0.0, 1.2571725, 0.0, 0.0, 0.0, 0.0, -1.0002604, -1.0, 0.0, 0.0, -0.100013025, 0.0]
899379953127500|5888|-0.5,-3.940663268332713,-20.5|[-2.0, -2.0, -2.0, 3.0, 3.0, 3.0]|[1.0, 0.0, 0.0, 0.0, 0.0, 0.9855228, 0.16954261, 0.0, 0.0, -0.16954261, 0.9855228, 0.0, -0.5, -0.40798998, -20.971329, 1.0]|[0.7857328, 0.0, 0.0, 0.0, 0.0, 1.2571725, 0.0, 0.0, 0.0, 0.0, -1.0002604, -1.0, 0.0, 0.0, -0.100013025, 0.0]
899380053832900|5888|-0.5,-3.940663268332713,-20.5|[-2.0, -2.0, -2.0, 3.0, 3.0, 3.0]|[1.0, 0.0, 0.0, 0.0, 0.0, 0.9855228, 0.16954261, 0.0, 0.0, -0.16954261, 0.9855228, 0.0, -0.5, -0.40798998, -20.971329, 1.0]|[0.7857328, 0.0, 0.0, 0.0, 0.0, 1.2571725, 0.0, 0.0, 0.0, 0.0, -1.0002604, -1.0, 0.0, 0.0, -0.100013025, 0.0]
899380170634100|5888|-0.5,-3.940663268332713,-20.5|[-2.0, -2.0, -2.0, 3.0, 3.0, 3.0]|[1.0, 0.0, 0.0, 0.0, 0.0, 0.9855228, 0.16954261, 0.0, 0.0, -0.16954261, 0.9855228, 0.0, -0.5, -0.40798998, -20.971329, 1.0]|[0.7857328, 0.0, 0.0, 0.0, 0.0, 1.2571725, 0.0, 0.0, 0.0, 0.0, -1.0002604, -1.0, 0.0, 0.0, -0.100013025, 0.0]
899380276621500|5888|-0.5,-3.940663268332713,-20.5|[-2.0, -2.0, -2.0, 3.0, 3.0, 3.0]|[1.0, 0.0, 0.0, 0.0, 0.0, 0.9855228, 0.16954261, 0.0, 0.0, -0.16954261, 0.9855228, 0.0, -0.5, -0.40798998, -20.971329, 1.0]|[0.7857328, 0.0, 0.0, 0.0, 0.0, 1.2571725, 0.0, 0.0, 0.0, 0.0, -1.0002604, -1.0, 0.0, 0.0, -0.100013025, 0.0]
899380386556900|5888|-0.5,-3.940663268332713,-20.5|[-2.0, -2.0, -2.0, 3.0, 3.0, 3.0]|[1.0, 0.0, 0.0, 0.0, 0.0, 0.9855228, 0.16954261, 0.0, 0.0, -0.16954261, 0.9855228, 0.0, -0.5, -0.40798998, -20.971329, 1.0]|[0.7857328, 0.0, 0.0, 0.0, 0.0, 1.2571725, 0.0, 0.0, 0.0, 0.0, -1.0002604, -1.0, 0.0, 0.0, -0.100013025, 0.0]
899380487970100|5888|-0.5,-3.940663268332713,-20.5|[-2.0, -2.0, -2.0, 3.0, 3.0, 3.0]|[1.0, 0.0, 0.0, 0.0, 0.0, 0.9855228, 0.16954261, 0.0, 0.0, -0.16954261, 0.9855228, 0.0, -0.5, -0.40798998, -20.971329, 1.0]|[0.7857328, 0.0, 0.0, 0.0, 0.0, 1.2571725, 0.0, 0.0, 0.0, 0.0, -1.0002604, -1.0, 0.0, 0.0, -0.100013025, 0.0]
899380603504000|5888|-0.5,-3.940663268332713,-20.5|[-2.0, -2.0, -2.0, 3.0, 3.0, 3.0]|[1.0, 0.0, 0.0, 0.0, 0.0, 0.9855228, 0.16954261, 0.0, 0.0, -0.16954261, 0.9855228, 0.0, -0.5, -0.40798998, -20.971329, 1.0]|[0.7857328, 0.0, 0.0, 0.0, 0.0, 1.2571725, 0.0, 0.0, 0.0, 0.0, -1.0002604, -1.0, 0.0, 0.0, -0.100013025, 0.0]
899380703982200|5888|-0.5,-3.940663268332713,-20.5|[-2.0, -2.0, -2.0, 3.0, 3.0, 3.0]|[1.0, 0.0, 0.0, 0.0, 0.0, 0.9855228, 0.16954261, 0.0, 0.0, -0.16954261, 0.9855228, 0.0, -0.5, -0.40798998, -20.971329, 1.0]|[0.7857328, 0.0, 0.0, 0.0, 0.0, 1.2571725, 0.0, 0.0, 0.0, 0.0, -1.0002604, -1.0, 0.0, 0.0, -0.100013025, 0.0]
899380820658200|5888|-0.5,-3.940663268332713,-20.5|[-2.0, -2.0, -2.0, 3.0, 3.0, 3.0]|[1.0, 0.0, 0.0, 0.0, 0.0, 0.9855228, 0.16954261, 0.0, 0.0, -0.16954261, 0.9855228, 0.0, -0.5, -0.40798998, -20.971329, 1.0]|[0.7857328, 0.0, 0.0, 0.0, 0.0, 1.2571725, 0.0, 0.0, 0.0, 0.0, -1.0002604, -1.0, 0.0, 0.0, -0.100013025, 0.0]
899380921916900|5888|-0.5,-3.940663268332713,-20.5|[-2.0, -2.0, -2.0, 3.0, 3.0, 3.0]|[1.0, 0.0, 0.0, 0.0, 0.0, 0.9855228, 0.16954261, 0.0, 0.0, -0.16954261, 0.9855228, 0.0, -0.5, -0.40798998, -20.971329, 1.0]|[0.7857328, 0.0, 0.0, 0.0, 0.0, 1.2571725, 0.0, 0.0, 0.0, 0.0, -1.0002604, -1.0, 0.0, 0.0, -0.100013025, 0.0]
899381036521300|5888|-0.5,-3.940663268332713,-20.5|[-2.0, -2.0, -2.0, 3.0, 3.0, 3.0]|[1.0, 0.0, 0.0, 0.0, 0.0, 0.9855228, 0.16954261, 0.0, 0.0, -0.16954261, 0.9855228, 0.0, -0.5, -0.40798998, -20.971329, 1.0]|[0.7857328, 0.0, 0.0, 0.0, 0.0, 1.2571725, 0.0, 0.0, 0.0, 0.0, -1.0002604, -1.0, 0.0, 0.0, -0.100013025, 0.0]
899381136566400|5888|-0.5,-3.940663268332713,-20.5|[-2.0, -2.0, -2.0, 3.0, 3.0, 3.0]|[1.0, 0.0, 0.0, 0.0, 0.0, 0.9855228, 0.16954261, 0.0, 0.0, -0.16954261, 0.9855228, 0.0, -0.5, -0.40798998, -20.971329, 1.0]|[0.7857328, 0.0, 0.0, 0.0, 0.0, 1.2571725, 0.0, 0.0, 0.0, 0.0, -1.0002604, -1.0, 0.0, 0.0, -0.100013025, 0.0]
899381237753800|5888|-0.5,-3.940663268332713,-20.5|[-2.0, -2.0, -2.0, 3.0, 3.0, 3.0]|[1.0, 0.0, 0.0, 0.0, 0.0, 0.9855228, 0.16954261, 0.0, 0.0, -0.16954261, 0.9855228, 0.0, -0.5, -0.40798998, -20.971329, 1.0]|[0.7857328, 0.0, 0.0, 0.0, 0.0, 1.2571725, 0.0, 0.0, 0.0, 0.0, -1.0002604, -1.0, 0.0, 0.0, -0.100013025, 0.0]
899381353188100|5888|-0.5,-3.940663268332713,-20.5|[-2.0, -2.0, -2.0, 3.0, 3.0, 3.0]|[1.0, 0.0, 0.0, 0.0, 0.0, 0.9855228, 0.16954261, 0.0, 0.0, -0.16954261, 0.9855228, 0.0, -0.5, -0.40798998, -20.971329, 1.0]|[0.7857328, 0.0, 0.0, 0.0, 0.0, 1.2571725, 0.0, 0.0, 0.0, 0.0, -1.0002604, -1.0, 0.0, 0.0, -0.100013025, 0.0]
899381453212100|5888|-0.5,-3.940663268332713,-20.5|[-2.0, -2.0, -2.0, 3.0, 3.0, 3.0]|[1.0, 0.0, 0.0, 0.0, 0.0, 0.9855228, 0.16954261, 0.0, 0.0, -0.16954261, 0.9855228, 0.0, -0.5, -0.40798998, -20.971329, 1.0]|[0.7857328, 0.0, 0.0, 0.0, 0.0, 1.2571725, 0.0, 0.0, 0.0, 0.0, -1.0002604, -1.0, 0.0, 0.0, -0.100013025, 0.0]
899381554837400|5888|-0.5,-3.940663268332713,-20.5|[-2.0, -2.0, -2.0, 3.0, 3.0, 3.0]|[1.0, 0.0, 0.0, 0.0, 0.0, 0.9855228, 0.16954261, 0.0, 0.0, -0.16954261, 0.9855228, 0.0, -0.5, -0.40798998, -20.971329, 1.0]|[0.7857328, 0.0, 0.0, 0.0, 0.0, 1.2571725, 0.0, 0.0, 0.0, 0.0, -1.0002604, -1.0, 0.0, 0.0, -0.100013025, 0.0]
899381670461400|5888|-0.5,-3.940663268332713,-20.5|[-2.0, -2.0, -2.0, 3.0, 3.0, 3.0]|[1.0, 0.0, 0.0, 0.0, 0.0, 0.9855228, 0.16954261, 0.0, 0.0, -0.16954261, 0.9855228, 0.0, -0.5, -0.40798998, -20.971329, 1.0]|[0.7857328, 0.0, 0.0, 0.0, 0.0, 1.2571725, 0.0, 0.0, 0.0, 0.0, -1.0002604, -1.0, 0.0, 0.0, -0.100013025, 0.0]
899381771924500|5888|-0.5,-3.940663268332713,-20.5|[-2.0, -2.0, -2.0, 3.0, 3.0, 3.0]|[1.0, 0.0, 0.0, 0.0, 0.0, 0.9855228, 0.16954261, 0.0, 0.0, -0.16954261, 0.9855228, 0.0, -0.5, -0.40798998, -20.971329, 1.0]|[0.7857328, 0.0, 0.0, 0.0, 0.0, 1.2571725, 0.0, 0.0, 0.0, 0.0, -1.0002604, -1.0, 0.0, 0.0, -0.100013025, 0.0]
899381886402000|5888|-0.5,-3.940663268332713,-20.5|[-2.0, -2.0, -2.0, 3.0, 3.0, 3.0]|[1.0, 0.0, 0.0, 0.0, 0.0, 0.9855228, 0.16954261, 0.0, 0.0, -0.16954261, 0.9855228, 0.0, -0.5, -0.40798998, -20.971329, 1.0]|[0.7857328, 0.0, 0.0, 0.0, 0.0, 1.2571725, 0.0, 0.0, 0.0, 0.0, -1.0002604, -1.0, 0.0, 0.0, -0.100013025, 0.0]
899381986575700|5888|-0.5,-3.940663268332713,-20.5|[-2.0, -2.0, -2.0, 3.0, 3.0, 3.0]|[1.0, 0.0, 0.0, 0.0, 0.0, 0.9855228, 0.16954261, 0.0, 0.0, -0.16954261, 0.9855228, 0.0, -0.5, -0.40798998, -20.971329, 1.0]|[0.7857328, 0.0, 0.0, 0.0, 0.0, 1.2571725, 0.0, 0.0, 0.0, 0.0, -1.0002604, -1.0, 0.0, 0.0, -0.100013025, 0.0]
899382103065600|5888|-0.5,-3.940663268332713,-20.5|[-2.0, -2.0, -2.0, 3.0, 3.0, 3.0]|[1.0, 0.0, 0.0, 0.0, 0.0, 0.9855228, 0.16954261, 0.0, 0.0, -0.16954261, 0.9855228, 0.0, -0.5, -0.40798998, -20.971329, 1.0]|[0.7857328, 0.0, 0.0, 0.0, 0.0, 1.2571725, 0.0, 0.0, 0.0, 0.0, -1.0002604, -1.0, 0.0, 0.0, -0.100013025, 0.0]
899382203115600|5888|-0.5,-3.940663268332713,-20.5|[-2.0, -2.0, -2.0, 3.0, 3.0, 3.0]|[1.0, 0.0, 0.0, 0.0, 0.0, 0.9855228, 0.16954261, 0.0, 0.0, -0.16954261, 0.9855228, 0.0, -0.5, -0.40798998, -20.971329, 1.0]|[0.7857328, 0.0, 0.0, 0.0, 0.0, 1.2571725, 0.0, 0.0, 0.0, 0.0, -1.0002604, -1.0, 0.0, 0.0, -0.100013025, 0.0]
899382303136900|5888|39.5,-2.940663268332713,-20.5|[-16.0, -16.0, -16.0, 17.0, 17.0, 17.0]|[1.0, 0.0, 0.0, 0.0, 0.0, 0.9855228, 0.16954261, 0.0, 0.0, -0.16954261, 0.9855228, 0.0, 39.5, 0.57753277, -20.801786, 1.0]|[0.7857328, 0.0, 0.0, 0.0, 0.0, 1.2571725, 0.0, 0.0, 0.0, 0.0, -1.0002604, -1.0, 0.0, 0.0, -0.100013025, 0.0]
899382403251300|5888|-0.5,-3.940663268332713,-20.5|[-2.0, -2.0, -2.0, 3.0, 3.0, 3.0]|[1.0, 0.0, 0.0, 0.0, 0.0, 0.9855228, 0.16954261, 0.0, 0.0, -0.16954261, 0.9855228, 0.0, -0.5, -0.40798998, -20.971329, 1.0]|[0.7857328, 0.0, 0.0, 0.0, 0.0, 1.2571725, 0.0, 0.0, 0.0, 0.0, -1.0002604, -1.0, 0.0, 0.0, -0.100013025, 0.0]
899382503260900|5888|39.5,-2.940663268332713,-20.5|[-16.0, -16.0, -16.0, 17.0, 17.0, 17.0]|[1.0, 0.0, 0.0, 0.0, 0.0, 0.9855228, 0.16954261, 0.0, 0.0, -0.16954261, 0.9855228, 0.0, 39.5, 0.57753277, -20.801786, 1.0]|[0.7857328, 0.0, 0.0, 0.0, 0.0, 1.2571725, 0.0, 0.0, 0.0, 0.0, -1.0002604, -1.0, 0.0, 0.0, -0.100013025, 0.0]
899382621590700|5888|-0.5,-3.940663268332713,-20.5|[-2.0, -2.0, -2.0, 3.0, 3.0, 3.0]|[1.0, 0.0, 0.0, 0.0, 0.0, 0.9855228, 0.16954261, 0.0, 0.0, -0.16954261, 0.9855228, 0.0, -0.5, -0.40798998, -20.971329, 1.0]|[0.7857328, 0.0, 0.0, 0.0, 0.0, 1.2571725, 0.0, 0.0, 0.0, 0.0, -1.0002604, -1.0, 0.0, 0.0, -0.100013025, 0.0]
899382736551800|5888|-0.5,-3.940663268332713,-20.5|[-2.0, -2.0, -2.0, 3.0, 3.0, 3.0]|[1.0, 0.0, 0.0, 0.0, 0.0, 0.9855228, 0.16954261, 0.0, 0.0, -0.16954261, 0.9855228, 0.0, -0.5, -0.40798998, -20.971329, 1.0]|[0.7857328, 0.0, 0.0, 0.0, 0.0, 1.2571725, 0.0, 0.0, 0.0, 0.0, -1.0002604, -1.0, 0.0, 0.0, -0.100013025, 0.0]
899382836899700|5888|-0.5,-3.940663268332713,-20.5|[-2.0, -2.0, -2.0, 3.0, 3.0, 3.0]|[1.0, 0.0, 0.0, 0.0, 0.0, 0.9855228, 0.16954261, 0.0, 0.0, -0.16954261, 0.9855228, 0.0, -0.5, -0.40798998, -20.971329, 1.0]|[0.7857328, 0.0, 0.0, 0.0, 0.0, 1.2571725, 0.0, 0.0, 0.0, 0.0, -1.0002604, -1.0, 0.0, 0.0, -0.100013025, 0.0]
899382952972800|5888|-0.5,-3.940663268332713,-20.5|[-2.0, -2.0, -2.0, 3.0, 3.0, 3.0]|[1.0, 0.0, 0.0, 0.0, 0.0, 0.9855228, 0.16954261, 0.0, 0.0, -0.16954261, 0.9855228, 0.0, -0.5, -0.40798998, -20.971329, 1.0]|[0.7857328, 0.0, 0.0, 0.0, 0.0, 1.2571725, 0.0, 0.0, 0.0, 0.0, -1.0002604, -1.0, 0.0, 0.0, -0.100013025, 0.0]
899383053139200|5888|-0.5,-3.940663268332713,-20.5|[-2.0, -2.0, -2.0, 3.0, 3.0, 3.0]|[1.0, 0.0, 0.0, 0.0, 0.0, 0.9855228, 0.16954261, 0.0, 0.0, -0.16954261, 0.9855228, 0.0, -0.5, -0.40798998, -20.971329, 1.0]|[0.7857328, 0.0, 0.0, 0.0, 0.0, 1.2571725, 0.0, 0.0, 0.0, 0.0, -1.0002604, -1.0, 0.0, 0.0, -0.100013025, 0.0]
899383170565200|5888|-0.5,-3.940663268332713,-20.5|[-2.0, -2.0, -2.0, 3.0, 3.0, 3.0]|[1.0, 0.0, 0.0, 0.0, 0.0, 0.9855228, 0.16954261, 0.0, 0.0, -0.16954261, 0.9855228, 0.0, -0.5, -0.40798998, -20.971329, 1.0]|[0.7857328, 0.0, 0.0, 0.0, 0.0, 1.2571725, 0.0, 0.0, 0.0, 0.0, -1.0002604, -1.0, 0.0, 0.0, -0.100013025, 0.0]
899383270725900|5888|-0.5,-3.940663268332713,-20.5|[-2.0, -2.0, -2.0, 3.0, 3.0, 3.0]|[1.0, 0.0, 0.0, 0.0, 0.0, 0.9855228, 0.16954261, 0.0, 0.0, -0.16954261, 0.9855228, 0.0, -0.5, -0.40798998, -20.971329, 1.0]|[0.7857328, 0.0, 0.0, 0.0, 0.0, 1.2571725, 0.0, 0.0, 0.0, 0.0, -1.0002604, -1.0, 0.0, 0.0, -0.100013025, 0.0]
899383386392600|5888|-0.5,-3.940663268332713,-20.5|[-2.0, -2.0, -2.0, 3.0, 3.0, 3.0]|[1.0, 0.0, 0.0, 0.0, 0.0, 0.9855228, 0.16954261, 0.0, 0.0, -0.16954261, 0.9855228, 0.0, -0.5, -0.40798998, -20.971329, 1.0]|[0.7857328, 0.0, 0.0, 0.0, 0.0, 1.2571725, 0.0, 0.0, 0.0, 0.0, -1.0002604, -1.0, 0.0, 0.0, -0.100013025, 0.0]
899383487271400|5888|-0.5,-3.940663268332713,-20.5|[-2.0, -2.0, -2.0, 3.0, 3.0, 3.0]|[1.0, 0.0, 0.0, 0.0, 0.0, 0.9855228, 0.16954261, 0.0, 0.0, -0.16954261, 0.9855228, 0.0, -0.5, -0.40798998, -20.971329, 1.0]|[0.7857328, 0.0, 0.0, 0.0, 0.0, 1.2571725, 0.0, 0.0, 0.0, 0.0, -1.0002604, -1.0, 0.0, 0.0, -0.100013025, 0.0]
899383603132200|5888|-0.5,-3.940663268332713,-20.5|[-2.0, -2.0, -2.0, 3.0, 3.0, 3.0]|[1.0, 0.0, 0.0, 0.0, 0.0, 0.9855228, 0.16954261, 0.0, 0.0, -0.16954261, 0.9855228, 0.0, -0.5, -0.40798998, -20.971329, 1.0]|[0.7857328, 0.0, 0.0, 0.0, 0.0, 1.2571725, 0.0, 0.0, 0.0, 0.0, -1.0002604, -1.0, 0.0, 0.0, -0.100013025, 0.0]
899383703166500|5888|-0.5,-3.940663268332713,-20.5|[-2.0, -2.0, -2.0, 3.0, 3.0, 3.0]|[1.0, 0.0, 0.0, 0.0, 0.0, 0.9855228, 0.16954261, 0.0, 0.0, -0.16954261, 0.9855228, 0.0, -0.5, -0.40798998, -20.971329, 1.0]|[0.7857328, 0.0, 0.0, 0.0, 0.0, 1.2571725, 0.0, 0.0, 0.0, 0.0, -1.0002604, -1.0, 0.0, 0.0, -0.100013025, 0.0]
899383820240400|5888|-0.5,-3.940663268332713,-20.5|[-2.0, -2.0, -2.0, 3.0, 3.0, 3.0]|[1.0, 0.0, 0.0, 0.0, 0.0, 0.9855228, 0.16954261, 0.0, 0.0, -0.16954261, 0.9855228, 0.0, -0.5, -0.40798998, -20.971329, 1.0]|[0.7857328, 0.0, 0.0, 0.0, 0.0, 1.2571725, 0.0, 0.0, 0.0, 0.0, -1.0002604, -1.0, 0.0, 0.0, -0.100013025, 0.0]
899383920380600|5888|-0.5,-3.940663268332713,-20.5|[-2.0, -2.0, -2.0, 3.0, 3.0, 3.0]|[1.0, 0.0, 0.0, 0.0, 0.0, 0.9855228, 0.16954261, 0.0, 0.0, -0.16954261, 0.9855228, 0.0, -0.5, -0.40798998, -20.971329, 1.0]|[0.7857328, 0.0, 0.0, 0.0, 0.0, 1.2571725, 0.0, 0.0, 0.0, 0.0, -1.0002604, -1.0, 0.0, 0.0, -0.100013025, 0.0]
899384036301600|5888|-0.5,-3.940663268332713,-20.5|[-2.0, -2.0, -2.0, 3.0, 3.0, 3.0]|[1.0, 0.0, 0.0, 0.0, 0.0, 0.9855228, 0.16954261, 0.0, 0.0, -0.16954261, 0.9855228, 0.0, -0.5, -0.40798998, -20.971329, 1.0]|[0.7857328, 0.0, 0.0, 0.0, 0.0, 1.2571725, 0.0, 0.0, 0.0, 0.0, -1.0002604, -1.0, 0.0, 0.0, -0.100013025, 0.0]
899384136368700|5888|-0.5,-3.940663268332713,-20.5|[-2.0, -2.0, -2.0, 3.0, 3.0, 3.0]|[1.0, 0.0, 0.0, 0.0, 0.0, 0.9855228, 0.16954261, 0.0, 0.0, -0.16954261, 0.9855228, 0.0, -0.5, -0.40798998, -20.971329, 1.0]|[0.7857328, 0.0, 0.0, 0.0, 0.0, 1.2571725, 0.0, 0.0, 0.0, 0.0, -1.0002604, -1.0, 0.0, 0.0, -0.100013025, 0.0]
899384236602900|5888|-0.5,-3.940663268332713,-20.5|[-2.0, -2.0, -2.0, 3.0, 3.0, 3.0]|[1.0, 0.0, 0.0, 0.0, 0.0, 0.9855228, 0.16954261, 0.0, 0.0, -0.16954261, 0.9855228, 0.0, -0.5, -0.40798998, -20.971329, 1.0]|[0.7857328, 0.0, 0.0, 0.0, 0.0, 1.2571725, 0.0, 0.0, 0.0, 0.0, -1.0002604, -1.0, 0.0, 0.0, -0.100013025, 0.0]
899384352936100|5888|-0.5,-3.940663268332713,-20.5|[-2.0, -2.0, -2.0, 3.0, 3.0, 3.0]|[1.0, 0.0, 0.0, 0.0, 0.0, 0.9855228, 0.16954261, 0.0, 0.0, -0.16954261, 0.9855228, 0.0, -0.5, -0.40798998, -20.971329, 1.0]|[0.7857328, 0.0, 0.0, 0.0, 0.0, 1.2571725, 0.0, 0.0, 0.0, 0.0, -1.0002604, -1.0, 0.0, 0.0, -0.100013025, 0.0]
899384453160000|5888|-0.5,-3.940663268332713,-20.5|[-2.0, -2.0, -2.0, 3.0, 3.0, 3.0]|[1.0, 0.0, 0.0, 0.0, 0.0, 0.9855228, 0.16954261, 0.0, 0.0, -0.16954261, 0.9855228, 0.0, -0.5, -0.40798998, -20.971329, 1.0]|[0.7857328, 0.0, 0.0, 0.0, 0.0, 1.2571725, 0.0, 0.0, 0.0, 0.0, -1.0002604, -1.0, 0.0, 0.0, -0.100013025, 0.0]
899384570636300|5888|-0.5,-3.940663268332713,-20.5|[-2.0, -2.0, -2.0, 3.0, 3.0, 3.0]|[1.0, 0.0, 0.0, 0.0, 0.0, 0.9855228, 0.16954261, 0.0, 0.0, -0.16954261, 0.9855228, 0.0, -0.5, -0.40798998, -20.971329, 1.0]|[0.7857328, 0.0, 0.0, 0.0, 0.0, 1.2571725, 0.0, 0.0, 0.0, 0.0, -1.0002604, -1.0, 0.0, 0.0, -0.100013025, 0.0]
899384686548600|5888|-0.5,-3.940663268332713,-20.5|[-2.0, -2.0, -2.0, 3.0, 3.0, 3.0]|[1.0, 0.0, 0.0, 0.0, 0.0, 0.9855228, 0.16954261, 0.0, 0.0, -0.16954261, 0.9855228, 0.0, -0.5, -0.40798998, -20.971329, 1.0]|[0.7857328, 0.0, 0.0, 0.0, 0.0, 1.2571725, 0.0, 0.0, 0.0, 0.0, -1.0002604, -1.0, 0.0, 0.0, -0.100013025, 0.0]
899384802988400|5888|-0.5,-3.940663268332713,-20.5|[-2.0, -2.0, -2.0, 3.0, 3.0, 3.0]|[1.0, 0.0, 0.0, 0.0, 0.0, 0.9855228, 0.16954261, 0.0, 0.0, -0.16954261, 0.9855228, 0.0, -0.5, -0.40798998, -20.971329, 1.0]|[0.7857328, 0.0, 0.0, 0.0, 0.0, 1.2571725, 0.0, 0.0, 0.0, 0.0, -1.0002604, -1.0, 0.0, 0.0, -0.100013025, 0.0]
899384903678200|5888|-0.5,-3.940663268332713,-20.5|[-2.0, -2.0, -2.0, 3.0, 3.0, 3.0]|[1.0, 0.0, 0.0, 0.0, 0.0, 0.9855228, 0.16954261, 0.0, 0.0, -0.16954261, 0.9855228, 0.0, -0.5, -0.40798998, -20.971329, 1.0]|[0.7857328, 0.0, 0.0, 0.0, 0.0, 1.2571725, 0.0, 0.0, 0.0, 0.0, -1.0002604, -1.0, 0.0, 0.0, -0.100013025, 0.0]
899385020255000|5888|-0.5,-3.940663268332713,-20.5|[-2.0, -2.0, -2.0, 3.0, 3.0, 3.0]|[1.0, 0.0, 0.0, 0.0, 0.0, 0.9855228, 0.16954261, 0.0, 0.0, -0.16954261, 0.9855228, 0.0, -0.5, -0.40798998, -20.971329, 1.0]|[0.7857328, 0.0, 0.0, 0.0, 0.0, 1.2571725, 0.0, 0.0, 0.0, 0.0, -1.0002604, -1.0, 0.0, 0.0, -0.100013025, 0.0]
899385120806600|5888|-0.5,-3.940663268332713,-20.5|[-2.0, -2.0, -2.0, 3.0, 3.0, 3.0]|[1.0, 0.0, 0.0, 0.0, 0.0, 0.9855228, 0.16954261, 0.0, 0.0, -0.16954261, 0.9855228, 0.0, -0.5, -0.40798998, -20.971329, 1.0]|[0.7857328, 0.0, 0.0, 0.0, 0.0, 1.2571725, 0.0, 0.0, 0.0, 0.0, -1.0002604, -1.0, 0.0, 0.0, -0.100013025, 0.0]
899385236617000|5888|-0.5,-3.940663268332713,-20.5|[-2.0, -2.0, -2.0, 3.0, 3.0, 3.0]|[1.0, 0.0, 0.0, 0.0, 0.0, 0.9855228, 0.16954261, 0.0, 0.0, -0.16954261, 0.9855228, 0.0, -0.5, -0.40798998, -20.971329, 1.0]|[0.7857328, 0.0, 0.0, 0.0, 0.0, 1.2571725, 0.0, 0.0, 0.0, 0.0, -1.0002604, -1.0, 0.0, 0.0, -0.100013025, 0.0]
899385353244500|5888|-0.5,-3.940663268332713,-20.5|[-2.0, -2.0, -2.0, 3.0, 3.0, 3.0]|[1.0, 0.0, 0.0, 0.0, 0.0, 0.9855228, 0.16954261, 0.0, 0.0, -0.16954261, 0.9855228, 0.0, -0.5, -0.40798998, -20.971329, 1.0]|[0.7857328, 0.0, 0.0, 0.0, 0.0, 1.2571725, 0.0, 0.0, 0.0, 0.0, -1.0002604, -1.0, 0.0, 0.0, -0.100013025, 0.0]
899385470233400|5888|-0.5,-3.940663268332713,-20.5|[-2.0, -2.0, -2.0, 3.0, 3.0, 3.0]|[1.0, 0.0, 0.0, 0.0, 0.0, 0.9855228, 0.16954261, 0.0, 0.0, -0.16954261, 0.9855228, 0.0, -0.5, -0.40798998, -20.971329, 1.0]|[0.7857328, 0.0, 0.0, 0.0, 0.0, 1.2571725, 0.0, 0.0, 0.0, 0.0, -1.0002604, -1.0, 0.0, 0.0, -0.100013025, 0.0]
899385570554500|5888|-0.5,-3.940663268332713,-20.5|[-2.0, -2.0, -2.0, 3.0, 3.0, 3.0]|[1.0, 0.0, 0.0, 0.0, 0.0, 0.9855228, 0.16954261, 0.0, 0.0, -0.16954261, 0.9855228, 0.0, -0.5, -0.40798998, -20.971329, 1.0]|[0.7857328, 0.0, 0.0, 0.0, 0.0, 1.2571725, 0.0, 0.0, 0.0, 0.0, -1.0002604, -1.0, 0.0, 0.0, -0.100013025, 0.0]
899385670565200|5888|39.5,-2.940663268332713,-20.5|[-16.0, -16.0, -16.0, 17.0, 17.0, 17.0]|[1.0, 0.0, 0.0, 0.0, 0.0, 0.9855228, 0.16954261, 0.0, 0.0, -0.16954261, 0.9855228, 0.0, 39.5, 0.57753277, -20.801786, 1.0]|[0.7857328, 0.0, 0.0, 0.0, 0.0, 1.2571725, 0.0, 0.0, 0.0, 0.0, -1.0002604, -1.0, 0.0, 0.0, -0.100013025, 0.0]
899385770919300|5888|-0.5,-3.940663268332713,-20.5|[-2.0, -2.0, -2.0, 3.0, 3.0, 3.0]|[1.0, 0.0, 0.0, 0.0, 0.0, 0.9855228, 0.16954261, 0.0, 0.0, -0.16954261, 0.9855228, 0.0, -0.5, -0.40798998, -20.971329, 1.0]|[0.7857328, 0.0, 0.0, 0.0, 0.0, 1.2571725, 0.0, 0.0, 0.0, 0.0, -1.0002604, -1.0, 0.0, 0.0, -0.100013025, 0.0]
899385886638800|5888|-0.5,-3.940663268332713,-20.5|[-2.0, -2.0, -2.0, 3.0, 3.0, 3.0]|[1.0, 0.0, 0.0, 0.0, 0.0, 0.9855228, 0.16954261, 0.0, 0.0, -0.16954261, 0.9855228, 0.0, -0.5, -0.40798998, -20.971329, 1.0]|[0.7857328, 0.0, 0.0, 0.0, 0.0, 1.2571725, 0.0, 0.0, 0.0, 0.0, -1.0002604, -1.0, 0.0, 0.0, -0.100013025, 0.0]
899386002784700|5888|-0.5,-3.940663268332713,-20.5|[-2.0, -2.0, -2.0, 3.0, 3.0, 3.0]|[1.0, 0.0, 0.0, 0.0, 0.0, 0.9855228, 0.16954261, 0.0, 0.0, -0.16954261, 0.9855228, 0.0, -0.5, -0.40798998, -20.971329, 1.0]|[0.7857328, 0.0, 0.0, 0.0, 0.0, 1.2571725, 0.0, 0.0, 0.0, 0.0, -1.0002604, -1.0, 0.0, 0.0, -0.100013025, 0.0]
899386103461900|5888|-0.5,-3.940663268332713,-20.5|[-2.0, -2.0, -2.0, 3.0, 3.0, 3.0]|[1.0, 0.0, 0.0, 0.0, 0.0, 0.9855228, 0.16954261, 0.0, 0.0, -0.16954261, 0.9855228, 0.0, -0.5, -0.40798998, -20.971329, 1.0]|[0.7857328, 0.0, 0.0, 0.0, 0.0, 1.2571725, 0.0, 0.0, 0.0, 0.0, -1.0002604, -1.0, 0.0, 0.0, -0.100013025, 0.0]
899386220298000|5888|-0.5,-3.940663268332713,-20.5|[-2.0, -2.0, -2.0, 3.0, 3.0, 3.0]|[1.0, 0.0, 0.0, 0.0, 0.0, 0.9855228, 0.16954261, 0.0, 0.0, -0.16954261, 0.9855228, 0.0, -0.5, -0.40798998, -20.971329, 1.0]|[0.7857328, 0.0, 0.0, 0.0, 0.0, 1.2571725, 0.0, 0.0, 0.0, 0.0, -1.0002604, -1.0, 0.0, 0.0, -0.100013025, 0.0]
899386320897900|5888|-0.5,-3.940663268332713,-20.5|[-2.0, -2.0, -2.0, 3.0, 3.0, 3.0]|[1.0, 0.0, 0.0, 0.0, 0.0, 0.9855228, 0.16954261, 0.0, 0.0, -0.16954261, 0.9855228, 0.0, -0.5, -0.40798998, -20.971329, 1.0]|[0.7857328, 0.0, 0.0, 0.0, 0.0, 1.2571725, 0.0, 0.0, 0.0, 0.0, -1.0002604, -1.0, 0.0, 0.0, -0.100013025, 0.0]
899386436258100|5888|-0.5,-3.940663268332713,-20.5|[-2.0, -2.0, -2.0, 3.0, 3.0, 3.0]|[1.0, 0.0, 0.0, 0.0, 0.0, 0.9855228, 0.16954261, 0.0, 0.0, -0.16954261, 0.9855228, 0.0, -0.5, -0.40798998, -20.971329, 1.0]|[0.7857328, 0.0, 0.0, 0.0, 0.0, 1.2571725, 0.0, 0.0, 0.0, 0.0, -1.0002604, -1.0, 0.0, 0.0, -0.100013025, 0.0]
899386538649200|5888|-0.5,-3.940663268332713,-20.5|[-2.0, -2.0, -2.0, 3.0, 3.0, 3.0]|[1.0, 0.0, 0.0, 0.0, 0.0, 0.9855228, 0.16954261, 0.0, 0.0, -0.16954261, 0.9855228, 0.0, -0.5, -0.40798998, -20.971329, 1.0]|[0.7857328, 0.0, 0.0, 0.0, 0.0, 1.2571725, 0.0, 0.0, 0.0, 0.0, -1.0002604, -1.0, 0.0, 0.0, -0.100013025, 0.0]
899386653790800|5888|-0.5,-3.940663268332713,-20.5|[-2.0, -2.0, -2.0, 3.0, 3.0, 3.0]|[1.0, 0.0, 0.0, 0.0, 0.0, 0.9855228, 0.16954261, 0.0, 0.0, -0.16954261, 0.9855228, 0.0, -0.5, -0.40798998, -20.971329, 1.0]|[0.7857328, 0.0, 0.0, 0.0, 0.0, 1.2571725, 0.0, 0.0, 0.0, 0.0, -1.0002604, -1.0, 0.0, 0.0, -0.100013025, 0.0]
899386771356000|5888|-0.5,-3.940663268332713,-20.5|[-2.0, -2.0, -2.0, 3.0, 3.0, 3.0]|[1.0, 0.0, 0.0, 0.0, 0.0, 0.9855228, 0.16954261, 0.0, 0.0, -0.16954261, 0.9855228, 0.0, -0.5, -0.40798998, -20.971329, 1.0]|[0.7857328, 0.0, 0.0, 0.0, 0.0, 1.2571725, 0.0, 0.0, 0.0, 0.0, -1.0002604, -1.0, 0.0, 0.0, -0.100013025, 0.0]
899386886258000|5888|-0.5,-3.940663268332713,-20.5|[-2.0, -2.0, -2.0, 3.0, 3.0, 3.0]|[1.0, 0.0, 0.0, 0.0, 0.0, 0.9855228, 0.16954261, 0.0, 0.0, -0.16954261, 0.9855228, 0.0, -0.5, -0.40798998, -20.971329, 1.0]|[0.7857328, 0.0, 0.0, 0.0, 0.0, 1.2571725, 0.0, 0.0, 0.0, 0.0, -1.0002604, -1.0, 0.0, 0.0, -0.100013025, 0.0]
899386986266900|5888|39.5,-2.940663268332713,-20.5|[-16.0, -16.0, -16.0, 17.0, 17.0, 17.0]|[1.0, 0.0, 0.0, 0.0, 0.0, 0.9855228, 0.16954261, 0.0, 0.0, -0.16954261, 0.9855228, 0.0, 39.5, 0.57753277, -20.801786, 1.0]|[0.7857328, 0.0, 0.0, 0.0, 0.0, 1.2571725, 0.0, 0.0, 0.0, 0.0, -1.0002604, -1.0, 0.0, 0.0, -0.100013025, 0.0]
899387086381600|5888|-0.5,-3.940663268332713,-20.5|[-2.0, -2.0, -2.0, 3.0, 3.0, 3.0]|[1.0, 0.0, 0.0, 0.0, 0.0, 0.9855228, 0.16954261, 0.0, 0.0, -0.16954261, 0.9855228, 0.0, -0.5, -0.40798998, -20.971329, 1.0]|[0.7857328, 0.0, 0.0, 0.0, 0.0, 1.2571725, 0.0, 0.0, 0.0, 0.0, -1.0002604, -1.0, 0.0, 0.0, -0.100013025, 0.0]
899387203138800|5888|-0.5,-3.940663268332713,-20.5|[-2.0, -2.0, -2.0, 3.0, 3.0, 3.0]|[1.0, 0.0, 0.0, 0.0, 0.0, 0.9855228, 0.16954261, 0.0, 0.0, -0.16954261, 0.9855228, 0.0, -0.5, -0.40798998, -20.971329, 1.0]|[0.7857328, 0.0, 0.0, 0.0, 0.0, 1.2571725, 0.0, 0.0, 0.0, 0.0, -1.0002604, -1.0, 0.0, 0.0, -0.100013025, 0.0]
899387320182100|5888|-0.5,-3.940663268332713,-20.5|[-2.0, -2.0, -2.0, 3.0, 3.0, 3.0]|[1.0, 0.0, 0.0, 0.0, 0.0, 0.9855228, 0.16954261, 0.0, 0.0, -0.16954261, 0.9855228, 0.0, -0.5, -0.40798998, -20.971329, 1.0]|[0.7857328, 0.0, 0.0, 0.0, 0.0, 1.2571725, 0.0, 0.0, 0.0, 0.0, -1.0002604, -1.0, 0.0, 0.0, -0.100013025, 0.0]
899387421016900|5888|-0.5,-3.940663268332713,-20.5|[-2.0, -2.0, -2.0, 3.0, 3.0, 3.0]|[1.0, 0.0, 0.0, 0.0, 0.0, 0.9855228, 0.16954261, 0.0, 0.0, -0.16954261, 0.9855228, 0.0, -0.5, -0.40798998, -20.971329, 1.0]|[0.7857328, 0.0, 0.0, 0.0, 0.0, 1.2571725, 0.0, 0.0, 0.0, 0.0, -1.0002604, -1.0, 0.0, 0.0, -0.100013025, 0.0]
899387536171900|5888|-0.5,-3.940663268332713,-20.5|[-2.0, -2.0, -2.0, 3.0, 3.0, 3.0]|[1.0, 0.0, 0.0, 0.0, 0.0, 0.9855228, 0.16954261, 0.0, 0.0, -0.16954261, 0.9855228, 0.0, -0.5, -0.40798998, -20.971329, 1.0]|[0.7857328, 0.0, 0.0, 0.0, 0.0, 1.2571725, 0.0, 0.0, 0.0, 0.0, -1.0002604, -1.0, 0.0, 0.0, -0.100013025, 0.0]
899387636578300|5888|-0.5,-3.940663268332713,-20.5|[-2.0, -2.0, -2.0, 3.0, 3.0, 3.0]|[1.0, 0.0, 0.0, 0.0, 0.0, 0.9855228, 0.16954261, 0.0, 0.0, -0.16954261, 0.9855228, 0.0, -0.5, -0.40798998, -20.971329, 1.0]|[0.7857328, 0.0, 0.0, 0.0, 0.0, 1.2571725, 0.0, 0.0, 0.0, 0.0, -1.0002604, -1.0, 0.0, 0.0, -0.100013025, 0.0]
899387752913900|5888|-0.5,-3.940663268332713,-20.5|[-2.0, -2.0, -2.0, 3.0, 3.0, 3.0]|[1.0, 0.0, 0.0, 0.0, 0.0, 0.9855228, 0.16954261, 0.0, 0.0, -0.16954261, 0.9855228, 0.0, -0.5, -0.40798998, -20.971329, 1.0]|[0.7857328, 0.0, 0.0, 0.0, 0.0, 1.2571725, 0.0, 0.0, 0.0, 0.0, -1.0002604, -1.0, 0.0, 0.0, -0.100013025, 0.0]
899387870466600|5888|-0.5,-3.940663268332713,-20.5|[-2.0, -2.0, -2.0, 3.0, 3.0, 3.0]|[1.0, 0.0, 0.0, 0.0, 0.0, 0.9855228, 0.16954261, 0.0, 0.0, -0.16954261, 0.9855228, 0.0, -0.5, -0.40798998, -20.971329, 1.0]|[0.7857328, 0.0, 0.0, 0.0, 0.0, 1.2571725, 0.0, 0.0, 0.0, 0.0, -1.0002604, -1.0, 0.0, 0.0, -0.100013025, 0.0]
899387970539200|5888|-0.5,-3.940663268332713,-20.5|[-2.0, -2.0, -2.0, 3.0, 3.0, 3.0]|[1.0, 0.0, 0.0, 0.0, 0.0, 0.9855228, 0.16954261, 0.0, 0.0, -0.16954261, 0.9855228, 0.0, -0.5, -0.40798998, -20.971329, 1.0]|[0.7857328, 0.0, 0.0, 0.0, 0.0, 1.2571725, 0.0, 0.0, 0.0, 0.0, -1.0002604, -1.0, 0.0, 0.0, -0.100013025, 0.0]
899388086456400|5888|-0.5,-3.940663268332713,-20.5|[-2.0, -2.0, -2.0, 3.0, 3.0, 3.0]|[1.0, 0.0, 0.0, 0.0, 0.0, 0.9855228, 0.16954261, 0.0, 0.0, -0.16954261, 0.9855228, 0.0, -0.5, -0.40798998, -20.971329, 1.0]|[0.7857328, 0.0, 0.0, 0.0, 0.0, 1.2571725, 0.0, 0.0, 0.0, 0.0, -1.0002604, -1.0, 0.0, 0.0, -0.100013025, 0.0]
899388202790800|5888|-0.5,-3.940663268332713,-20.5|[-2.0, -2.0, -2.0, 3.0, 3.0, 3.0]|[1.0, 0.0, 0.0, 0.0, 0.0, 0.9855228, 0.16954261, 0.0, 0.0, -0.16954261, 0.9855228, 0.0, -0.5, -0.40798998, -20.971329, 1.0]|[0.7857328, 0.0, 0.0, 0.0, 0.0, 1.2571725, 0.0, 0.0, 0.0, 0.0, -1.0002604, -1.0, 0.0, 0.0, -0.100013025, 0.0]
899388302811600|5888|39.5,-2.940663268332713,-20.5|[-16.0, -16.0, -16.0, 17.0, 17.0, 17.0]|[1.0, 0.0, 0.0, 0.0, 0.0, 0.9855228, 0.16954261, 0.0, 0.0, -0.16954261, 0.9855228, 0.0, 39.5, 0.57753277, -20.801786, 1.0]|[0.7857328, 0.0, 0.0, 0.0, 0.0, 1.2571725, 0.0, 0.0, 0.0, 0.0, -1.0002604, -1.0, 0.0, 0.0, -0.100013025, 0.0]
899388402977700|5888|-0.5,-3.940663268332713,-20.5|[-2.0, -2.0, -2.0, 3.0, 3.0, 3.0]|[1.0, 0.0, 0.0, 0.0, 0.0, 0.9855228, 0.16954261, 0.0, 0.0, -0.16954261, 0.9855228, 0.0, -0.5, -0.40798998, -20.971329, 1.0]|[0.7857328, 0.0, 0.0, 0.0, 0.0, 1.2571725, 0.0, 0.0, 0.0, 0.0, -1.0002604, -1.0, 0.0, 0.0, -0.100013025, 0.0]
899388503183000|5888|-0.5,-3.940663268332713,-20.5|[-2.0, -2.0, -2.0, 3.0, 3.0, 3.0]|[1.0, 0.0, 0.0, 0.0, 0.0, 0.9855228, 0.16954261, 0.0, 0.0, -0.16954261, 0.9855228, 0.0, -0.5, -0.40798998, -20.971329, 1.0]|[0.7857328, 0.0, 0.0, 0.0, 0.0, 1.2571725, 0.0, 0.0, 0.0, 0.0, -1.0002604, -1.0, 0.0, 0.0, -0.100013025, 0.0]
899388603382300|5888|-0.5,-3.940663268332713,-20.5|[-2.0, -2.0, -2.0, 3.0, 3.0, 3.0]|[1.0, 0.0, 0.0, 0.0, 0.0, 0.9855228, 0.16954261, 0.0, 0.0, -0.16954261, 0.9855228, 0.0, -0.5, -0.40798998, -20.971329, 1.0]|[0.7857328, 0.0, 0.0, 0.0, 0.0, 1.2571725, 0.0, 0.0, 0.0, 0.0, -1.0002604, -1.0, 0.0, 0.0, -0.100013025, 0.0]
899388703403600|5888|-0.5,-3.940663268332713,-20.5|[-2.0, -2.0, -2.0, 3.0, 3.0, 3.0]|[1.0, 0.0, 0.0, 0.0, 0.0, 0.9855228, 0.16954261, 0.0, 0.0, -0.16954261, 0.9855228, 0.0, -0.5, -0.40798998, -20.971329, 1.0]|[0.7857328, 0.0, 0.0, 0.0, 0.0, 1.2571725, 0.0, 0.0, 0.0, 0.0, -1.0002604, -1.0, 0.0, 0.0, -0.100013025, 0.0]
899388803419200|5888|39.5,-2.940663268332713,-20.5|[-16.0, -16.0, -16.0, 17.0, 17.0, 17.0]|[1.0, 0.0, 0.0, 0.0, 0.0, 0.9855228, 0.16954261, 0.0, 0.0, -0.16954261, 0.9855228, 0.0, 39.5, 0.57753277, -20.801786, 1.0]|[0.7857328, 0.0, 0.0, 0.0, 0.0, 1.2571725, 0.0, 0.0, 0.0, 0.0, -1.0002604, -1.0, 0.0, 0.0, -0.100013025, 0.0]
899388903626800|5888|-0.5,-3.940663268332713,-20.5|[-2.0, -2.0, -2.0, 3.0, 3.0, 3.0]|[1.0, 0.0, 0.0, 0.0, 0.0, 0.9855228, 0.16954261, 0.0, 0.0, -0.16954261, 0.9855228, 0.0, -0.5, -0.40798998, -20.971329, 1.0]|[0.7857328, 0.0, 0.0, 0.0, 0.0, 1.2571725, 0.0, 0.0, 0.0, 0.0, -1.0002604, -1.0, 0.0, 0.0, -0.100013025, 0.0]
899389020450200|5888|-0.5,-3.940663268332713,-20.5|[-2.0, -2.0, -2.0, 3.0, 3.0, 3.0]|[1.0, 0.0, 0.0, 0.0, 0.0, 0.9855228, 0.16954261, 0.0, 0.0, -0.16954261, 0.9855228, 0.0, -0.5, -0.40798998, -20.971329, 1.0]|[0.7857328, 0.0, 0.0, 0.0, 0.0, 1.2571725, 0.0, 0.0, 0.0, 0.0, -1.0002604, -1.0, 0.0, 0.0, -0.100013025, 0.0]
899389136511500|5888|-0.5,-3.940663268332713,-20.5|[-2.0, -2.0, -2.0, 3.0, 3.0, 3.0]|[1.0, 0.0, 0.0, 0.0, 0.0, 0.9855228, 0.16954261, 0.0, 0.0, -0.16954261, 0.9855228, 0.0, -0.5, -0.40798998, -20.971329, 1.0]|[0.7857328, 0.0, 0.0, 0.0, 0.0, 1.2571725, 0.0, 0.0, 0.0, 0.0, -1.0002604, -1.0, 0.0, 0.0, -0.100013025, 0.0]
899389236742000|5888|-0.5,-3.940663268332713,-20.5|[-2.0, -2.0, -2.0, 3.0, 3.0, 3.0]|[1.0, 0.0, 0.0, 0.0, 0.0, 0.9855228, 0.16954261, 0.0, 0.0, -0.16954261, 0.9855228, 0.0, -0.5, -0.40798998, -20.971329, 1.0]|[0.7857328, 0.0, 0.0, 0.0, 0.0, 1.2571725, 0.0, 0.0, 0.0, 0.0, -1.0002604, -1.0, 0.0, 0.0, -0.100013025, 0.0]
899389353248400|5888|-0.5,-3.940663268332713,-20.5|[-2.0, -2.0, -2.0, 3.0, 3.0, 3.0]|[1.0, 0.0, 0.0, 0.0, 0.0, 0.9855228, 0.16954261, 0.0, 0.0, -0.16954261, 0.9855228, 0.0, -0.5, -0.40798998, -20.971329, 1.0]|[0.7857328, 0.0, 0.0, 0.0, 0.0, 1.2571725, 0.0, 0.0, 0.0, 0.0, -1.0002604, -1.0, 0.0, 0.0, -0.100013025, 0.0]
899389470109400|5888|-0.5,-3.940663268332713,-20.5|[-2.0, -2.0, -2.0, 3.0, 3.0, 3.0]|[1.0, 0.0, 0.0, 0.0, 0.0, 0.9855228, 0.16954261, 0.0, 0.0, -0.16954261, 0.9855228, 0.0, -0.5, -0.40798998, -20.971329, 1.0]|[0.7857328, 0.0, 0.0, 0.0, 0.0, 1.2571725, 0.0, 0.0, 0.0, 0.0, -1.0002604, -1.0, 0.0, 0.0, -0.100013025, 0.0]
899389571013700|5888|-0.5,-3.940663268332713,-20.5|[-2.0, -2.0, -2.0, 3.0, 3.0, 3.0]|[1.0, 0.0, 0.0, 0.0, 0.0, 0.9855228, 0.16954261, 0.0, 0.0, -0.16954261, 0.9855228, 0.0, -0.5, -0.40798998, -20.971329, 1.0]|[0.7857328, 0.0, 0.0, 0.0, 0.0, 1.2571725, 0.0, 0.0, 0.0, 0.0, -1.0002604, -1.0, 0.0, 0.0, -0.100013025, 0.0]
899389686342700|5888|-0.5,-3.940663268332713,-20.5|[-2.0, -2.0, -2.0, 3.0, 3.0, 3.0]|[1.0, 0.0, 0.0, 0.0, 0.0, 0.9855228, 0.16954261, 0.0, 0.0, -0.16954261, 0.9855228, 0.0, -0.5, -0.40798998, -20.971329, 1.0]|[0.7857328, 0.0, 0.0, 0.0, 0.0, 1.2571725, 0.0, 0.0, 0.0, 0.0, -1.0002604, -1.0, 0.0, 0.0, -0.100013025, 0.0]
899389804089800|5888|-0.5,-3.940663268332713,-20.5|[-2.0, -2.0, -2.0, 3.0, 3.0, 3.0]|[1.0, 0.0, 0.0, 0.0, 0.0, 0.9855228, 0.16954261, 0.0, 0.0, -0.16954261, 0.9855228, 0.0, -0.5, -0.40798998, -20.971329, 1.0]|[0.7857328, 0.0, 0.0, 0.0, 0.0, 1.2571725, 0.0, 0.0, 0.0, 0.0, -1.0002604, -1.0, 0.0, 0.0, -0.100013025, 0.0]
899389920429500|5888|-0.5,-3.940663268332713,-20.5|[-2.0, -2.0, -2.0, 3.0, 3.0, 3.0]|[1.0, 0.0, 0.0, 0.0, 0.0, 0.9855228, 0.16954261, 0.0, 0.0, -0.16954261, 0.9855228, 0.0, -0.5, -0.40798998, -20.971329, 1.0]|[0.7857328, 0.0, 0.0, 0.0, 0.0, 1.2571725, 0.0, 0.0, 0.0, 0.0, -1.0002604, -1.0, 0.0, 0.0, -0.100013025, 0.0]
899390020691100|5888|-0.5,-3.940663268332713,-20.5|[-2.0, -2.0, -2.0, 3.0, 3.0, 3.0]|[1.0, 0.0, 0.0, 0.0, 0.0, 0.9855228, 0.16954261, 0.0, 0.0, -0.16954261, 0.9855228, 0.0, -0.5, -0.40798998, -20.971329, 1.0]|[0.7857328, 0.0, 0.0, 0.0, 0.0, 1.2571725, 0.0, 0.0, 0.0, 0.0, -1.0002604, -1.0, 0.0, 0.0, -0.100013025, 0.0]
899390120791400|5888|-0.5,-3.940663268332713,-20.5|[-2.0, -2.0, -2.0, 3.0, 3.0, 3.0]|[1.0, 0.0, 0.0, 0.0, 0.0, 0.9855228, 0.16954261, 0.0, 0.0, -0.16954261, 0.9855228, 0.0, -0.5, -0.40798998, -20.971329, 1.0]|[0.7857328, 0.0, 0.0, 0.0, 0.0, 1.2571725, 0.0, 0.0, 0.0, 0.0, -1.0002604, -1.0, 0.0, 0.0, -0.100013025, 0.0]
899390222572600|5888|-0.5,-3.940663268332713,-20.5|[-2.0, -2.0, -2.0, 3.0, 3.0, 3.0]|[1.0, 0.0, 0.0, 0.0, 0.0, 0.9855228, 0.16954261, 0.0, 0.0, -0.16954261, 0.9855228, 0.0, -0.5, -0.40798998, -20.971329, 1.0]|[0.7857328, 0.0, 0.0, 0.0, 0.0, 1.2571725, 0.0, 0.0, 0.0, 0.0, -1.0002604, -1.0, 0.0, 0.0, -0.100013025, 0.0]
899390336502500|5888|-0.5,-3.940663268332713,-20.5|[-2.0, -2.0, -2.0, 3.0, 3.0, 3.0]|[1.0, 0.0, 0.0, 0.0, 0.0, 0.9855228, 0.16954261, 0.0, 0.0, -0.16954261, 0.9855228, 0.0, -0.5, -0.40798998, -20.971329, 1.0]|[0.7857328, 0.0, 0.0, 0.0, 0.0, 1.2571725, 0.0, 0.0, 0.0, 0.0, -1.0002604, -1.0, 0.0, 0.0, -0.100013025, 0.0]
899390437110600|5888|-0.5,-3.940663268332713,-20.5|[-2.0, -2.0, -2.0, 3.0, 3.0, 3.0]|[1.0, 0.0, 0.0, 0.0, 0.0, 0.9855228, 0.16954261, 0.0, 0.0, -0.16954261, 0.9855228, 0.0, -0.5, -0.40798998, -20.971329, 1.0]|[0.7857328, 0.0, 0.0, 0.0, 0.0, 1.2571725, 0.0, 0.0, 0.0, 0.0, -1.0002604, -1.0, 0.0, 0.0, -0.100013025, 0.0]
899390553517800|5888|-0.5,-3.940663268332713,-20.5|[-2.0, -2.0, -2.0, 3.0, 3.0, 3.0]|[1.0, 0.0, 0.0, 0.0, 0.0, 0.9855228, 0.16954261, 0.0, 0.0, -0.16954261, 0.9855228, 0.0, -0.5, -0.40798998, -20.971329, 1.0]|[0.7857328, 0.0, 0.0, 0.0, 0.0, 1.2571725, 0.0, 0.0, 0.0, 0.0, -1.0002604, -1.0, 0.0, 0.0, -0.100013025, 0.0]
899390654624800|5888|-0.5,-3.940663268332713,-20.5|[-2.0, -2.0, -2.0, 3.0, 3.0, 3.0]|[1.0, 0.0, 0.0, 0.0, 0.0, 0.9855228, 0.16954261, 0.0, 0.0, -0.16954261, 0.9855228, 0.0, -0.5, -0.40798998, -20.971329, 1.0]|[0.7857328, 0.0, 0.0, 0.0, 0.0, 1.2571725, 0.0, 0.0, 0.0, 0.0, -1.0002604, -1.0, 0.0, 0.0, -0.100013025, 0.0]
899390770623900|5888|-0.5,-3.940663268332713,-20.5|[-2.0, -2.0, -2.0, 3.0, 3.0, 3.0]|[1.0, 0.0, 0.0, 0.0, 0.0, 0.9855228, 0.16954261, 0.0, 0.0, -0.16954261, 0.9855228, 0.0, -0.5, -0.40798998, -20.971329, 1.0]|[0.7857328, 0.0, 0.0, 0.0, 0.0, 1.2571725, 0.0, 0.0, 0.0, 0.0, -1.0002604, -1.0, 0.0, 0.0, -0.100013025, 0.0]
899390871529300|5888|-0.5,-3.940663268332713,-20.5|[-2.0, -2.0, -2.0, 3.0, 3.0, 3.0]|[1.0, 0.0, 0.0, 0.0, 0.0, 0.9855228, 0.16954261, 0.0, 0.0, -0.16954261, 0.9855228, 0.0, -0.5, -0.40798998, -20.971329, 1.0]|[0.7857328, 0.0, 0.0, 0.0, 0.0, 1.2571725, 0.0, 0.0, 0.0, 0.0, -1.0002604, -1.0, 0.0, 0.0, -0.100013025, 0.0]
899390986563800|5888|-0.5,-3.940663268332713,-20.5|[-2.0, -2.0, -2.0, 3.0, 3.0, 3.0]|[1.0, 0.0, 0.0, 0.0, 0.0, 0.9855228, 0.16954261, 0.0, 0.0, -0.16954261, 0.9855228, 0.0, -0.5, -0.40798998, -20.971329, 1.0]|[0.7857328, 0.0, 0.0, 0.0, 0.0, 1.2571725, 0.0, 0.0, 0.0, 0.0, -1.0002604, -1.0, 0.0, 0.0, -0.100013025, 0.0]
899391103192500|5888|-0.5,-3.940663268332713,-20.5|[-2.0, -2.0, -2.0, 3.0, 3.0, 3.0]|[1.0, 0.0, 0.0, 0.0, 0.0, 0.9855228, 0.16954261, 0.0, 0.0, -0.16954261, 0.9855228, 0.0, -0.5, -0.40798998, -20.971329, 1.0]|[0.7857328, 0.0, 0.0, 0.0, 0.0, 1.2571725, 0.0, 0.0, 0.0, 0.0, -1.0002604, -1.0, 0.0, 0.0, -0.100013025, 0.0]
899391203339300|5888|-0.5,-3.940663268332713,-20.5|[-2.0, -2.0, -2.0, 3.0, 3.0, 3.0]|[1.0, 0.0, 0.0, 0.0, 0.0, 0.9855228, 0.16954261, 0.0, 0.0, -0.16954261, 0.9855228, 0.0, -0.5, -0.40798998, -20.971329, 1.0]|[0.7857328, 0.0, 0.0, 0.0, 0.0, 1.2571725, 0.0, 0.0, 0.0, 0.0, -1.0002604, -1.0, 0.0, 0.0, -0.100013025, 0.0]
899391320157200|5888|-0.5,-3.940663268332713,-20.5|[-2.0, -2.0, -2.0, 3.0, 3.0, 3.0]|[1.0, 0.0, 0.0, 0.0, 0.0, 0.9855228, 0.16954261, 0.0, 0.0, -0.16954261, 0.9855228, 0.0, -0.5, -0.40798998, -20.971329, 1.0]|[0.7857328, 0.0, 0.0, 0.0, 0.0, 1.2571725, 0.0, 0.0, 0.0, 0.0, -1.0002604, -1.0, 0.0, 0.0, -0.100013025, 0.0]
899391420347100|5888|-0.5,-3.940663268332713,-20.5|[-2.0, -2.0, -2.0, 3.0, 3.0, 3.0]|[1.0, 0.0, 0.0, 0.0, 0.0, 0.9855228, 0.16954261, 0.0, 0.0, -0.16954261, 0.9855228, 0.0, -0.5, -0.40798998, -20.971329, 1.0]|[0.7857328, 0.0, 0.0, 0.0, 0.0, 1.2571725, 0.0, 0.0, 0.0, 0.0, -1.0002604, -1.0, 0.0, 0.0, -0.100013025, 0.0]
899391521168800|5888|-0.5,-3.940663268332713,-20.5|[-2.0, -2.0, -2.0, 3.0, 3.0, 3.0]|[1.0, 0.0, 0.0, 0.0, 0.0, 0.9855228, 0.16954261, 0.0, 0.0, -0.16954261, 0.9855228, 0.0, -0.5, -0.40798998, -20.971329, 1.0]|[0.7857328, 0.0, 0.0, 0.0, 0.0, 1.2571725, 0.0, 0.0, 0.0, 0.0, -1.0002604, -1.0, 0.0, 0.0, -0.100013025, 0.0]
899391636576700|5888|-0.5,-3.940663268332713,-20.5|[-2.0, -2.0, -2.0, 3.0, 3.0, 3.0]|[1.0, 0.0, 0.0, 0.0, 0.0, 0.9855228, 0.16954261, 0.0, 0.0, -0.16954261, 0.9855228, 0.0, -0.5, -0.40798998, -20.971329, 1.0]|[0.7857328, 0.0, 0.0, 0.0, 0.0, 1.2571725, 0.0, 0.0, 0.0, 0.0, -1.0002604, -1.0, 0.0, 0.0, -0.100013025, 0.0]
899391737189700|5888|-0.5,-3.940663268332713,-20.5|[-2.0, -2.0, -2.0, 3.0, 3.0, 3.0]|[1.0, 0.0, 0.0, 0.0, 0.0, 0.9855228, 0.16954261, 0.0, 0.0, -0.16954261, 0.9855228, 0.0, -0.5, -0.40798998, -20.971329, 1.0]|[0.7857328, 0.0, 0.0, 0.0, 0.0, 1.2571725, 0.0, 0.0, 0.0, 0.0, -1.0002604, -1.0, 0.0, 0.0, -0.100013025, 0.0]
899391853180400|5888|-0.5,-3.940663268332713,-20.5|[-2.0, -2.0, -2.0, 3.0, 3.0, 3.0]|[1.0, 0.0, 0.0, 0.0, 0.0, 0.9855228, 0.16954261, 0.0, 0.0, -0.16954261, 0.9855228, 0.0, -0.5, -0.40798998, -20.971329, 1.0]|[0.7857328, 0.0, 0.0, 0.0, 0.0, 1.2571725, 0.0, 0.0, 0.0, 0.0, -1.0002604, -1.0, 0.0, 0.0, -0.100013025, 0.0]
899391956070600|5888|-0.5,-3.940663268332713,-20.5|[-2.0, -2.0, -2.0, 3.0, 3.0, 3.0]|[1.0, 0.0, 0.0, 0.0, 0.0, 0.9855228, 0.16954261, 0.0, 0.0, -0.16954261, 0.9855228, 0.0, -0.5, -0.40798998, -20.971329, 1.0]|[0.7857328, 0.0, 0.0, 0.0, 0.0, 1.2571725, 0.0, 0.0, 0.0, 0.0, -1.0002604, -1.0, 0.0, 0.0, -0.100013025, 0.0]
899392070276000|5888|-0.5,-3.940663268332713,-20.5|[-2.0, -2.0, -2.0, 3.0, 3.0, 3.0]|[1.0, 0.0, 0.0, 0.0, 0.0, 0.9855228, 0.16954261, 0.0, 0.0, -0.16954261, 0.9855228, 0.0, -0.5, -0.40798998, -20.971329, 1.0]|[0.7857328, 0.0, 0.0, 0.0, 0.0, 1.2571725, 0.0, 0.0, 0.0, 0.0, -1.0002604, -1.0, 0.0, 0.0, -0.100013025, 0.0]
899392170619600|5888|-0.5,-3.940663268332713,-20.5|[-2.0, -2.0, -2.0, 3.0, 3.0, 3.0]|[1.0, 0.0, 0.0, 0.0, 0.0, 0.9855228, 0.16954261, 0.0, 0.0, -0.16954261, 0.9855228, 0.0, -0.5, -0.40798998, -20.971329, 1.0]|[0.7857328, 0.0, 0.0, 0.0, 0.0, 1.2571725, 0.0, 0.0, 0.0, 0.0, -1.0002604, -1.0, 0.0, 0.0, -0.100013025, 0.0]
899392270721900|5888|-0.5,-3.940663268332713,-20.5|[-2.0, -2.0, -2.0, 3.0, 3.0, 3.0]|[1.0, 0.0, 0.0, 0.0, 0.0, 0.9855228, 0.16954261, 0.0, 0.0, -0.16954261, 0.9855228, 0.0, -0.5, -0.40798998, -20.971329, 1.0]|[0.7857328, 0.0, 0.0, 0.0, 0.0, 1.2571725, 0.0, 0.0, 0.0, 0.0, -1.0002604, -1.0, 0.0, 0.0, -0.100013025, 0.0]
899392386473200|5888|-0.5,-3.940663268332713,-20.5|[-2.0, -2.0, -2.0, 3.0, 3.0, 3.0]|[1.0, 0.0, 0.0, 0.0, 0.0, 0.9855228, 0.16954261, 0.0, 0.0, -0.16954261, 0.9855228, 0.0, -0.5, -0.40798998, -20.971329, 1.0]|[0.7857328, 0.0, 0.0, 0.0, 0.0, 1.2571725, 0.0, 0.0, 0.0, 0.0, -1.0002604, -1.0, 0.0, 0.0, -0.100013025, 0.0]
899392486490800|5888|39.5,-2.940663268332713,-20.5|[-16.0, -16.0, -16.0, 17.0, 17.0, 17.0]|[1.0, 0.0, 0.0, 0.0, 0.0, 0.9855228, 0.16954261, 0.0, 0.0, -0.16954261, 0.9855228, 0.0, 39.5, 0.57753277, -20.801786, 1.0]|[0.7857328, 0.0, 0.0, 0.0, 0.0, 1.2571725, 0.0, 0.0, 0.0, 0.0, -1.0002604, -1.0, 0.0, 0.0, -0.100013025, 0.0]
899392603167300|5888|-0.5,-3.940663268332713,-20.5|[-2.0, -2.0, -2.0, 3.0, 3.0, 3.0]|[1.0, 0.0, 0.0, 0.0, 0.0, 0.9855228, 0.16954261, 0.0, 0.0, -0.16954261, 0.9855228, 0.0, -0.5, -0.40798998, -20.971329, 1.0]|[0.7857328, 0.0, 0.0, 0.0, 0.0, 1.2571725, 0.0, 0.0, 0.0, 0.0, -1.0002604, -1.0, 0.0, 0.0, -0.100013025, 0.0]
899392720015600|5888|-0.5,-3.940663268332713,-20.5|[-2.0, -2.0, -2.0, 3.0, 3.0, 3.0]|[1.0, 0.0, 0.0, 0.0, 0.0, 0.9855228, 0.16954261, 0.0, 0.0, -0.16954261, 0.9855228, 0.0, -0.5, -0.40798998, -20.971329, 1.0]|[0.7857328, 0.0, 0.0, 0.0, 0.0, 1.2571725, 0.0, 0.0, 0.0, 0.0, -1.0002604, -1.0, 0.0, 0.0, -0.100013025, 0.0]
899392820527100|5888|-0.5,-3.940663268332713,-20.5|[-2.0, -2.0, -2.0, 3.0, 3.0, 3.0]|[1.0, 0.0, 0.0, 0.0, 0.0, 0.9855228, 0.16954261, 0.0, 0.0, -0.16954261, 0.9855228, 0.0, -0.5, -0.40798998, -20.971329, 1.0]|[0.7857328, 0.0, 0.0, 0.0, 0.0, 1.2571725, 0.0, 0.0, 0.0, 0.0, -1.0002604, -1.0, 0.0, 0.0, -0.100013025, 0.0]
899392920622400|5888|-0.5,-3.940663268332713,-20.5|[-2.0, -2.0, -2.0, 3.0, 3.0, 3.0]|[1.0, 0.0, 0.0, 0.0, 0.0, 0.9855228, 0.16954261, 0.0, 0.0, -0.16954261, 0.9855228, 0.0, -0.5, -0.40798998, -20.971329, 1.0]|[0.7857328, 0.0, 0.0, 0.0, 0.0, 1.2571725, 0.0, 0.0, 0.0, 0.0, -1.0002604, -1.0, 0.0, 0.0, -0.100013025, 0.0]
899393035990400|5888|-0.5,-3.940663268332713,-20.5|[-2.0, -2.0, -2.0, 3.0, 3.0, 3.0]|[1.0, 0.0, 0.0, 0.0, 0.0, 0.9855228, 0.16954261, 0.0, 0.0, -0.16954261, 0.9855228, 0.0, -0.5, -0.40798998, -20.971329, 1.0]|[0.7857328, 0.0, 0.0, 0.0, 0.0, 1.2571725, 0.0, 0.0, 0.0, 0.0, -1.0002604, -1.0, 0.0, 0.0, -0.100013025, 0.0]
899393136010200|5888|-0.5,-3.940663268332713,-20.5|[-2.0, -2.0, -2.0, 3.0, 3.0, 3.0]|[1.0, 0.0, 0.0, 0.0, 0.0, 0.9855228, 0.16954261, 0.0, 0.0, -0.16954261, 0.9855228, 0.0, -0.5, -0.40798998, -20.971329, 1.0]|[0.7857328, 0.0, 0.0, 0.0, 0.0, 1.2571725, 0.0, 0.0, 0.0, 0.0, -1.0002604, -1.0, 0.0, 0.0, -0.100013025, 0.0]
899393236597200|5888|-0.5,-3.940663268332713,-20.5|[-2.0, -2.0, -2.0, 3.0, 3.0, 3.0]|[1.0, 0.0, 0.0, 0.0, 0.0, 0.9855228, 0.16954261, 0.0, 0.0, -0.16954261, 0.9855228, 0.0, -0.5, -0.40798998, -20.971329, 1.0]|[0.7857328, 0.0, 0.0, 0.0, 0.0, 1.2571725, 0.0, 0.0, 0.0, 0.0, -1.0002604, -1.0, 0.0, 0.0, -0.100013025, 0.0]
899393353206300|5888|-0.5,-3.940663268332713,-20.5|[-2.0, -2.0, -2.0, 3.0, 3.0, 3.0]|[1.0, 0.0, 0.0, 0.0, 0.0, 0.9855228, 0.16954261, 0.0, 0.0, -0.16954261, 0.9855228, 0.0, -0.5, -0.40798998, -20.971329, 1.0]|[0.7857328, 0.0, 0.0, 0.0, 0.0, 1.2571725, 0.0, 0.0, 0.0, 0.0, -1.0002604, -1.0, 0.0, 0.0, -0.100013025, 0.0]
899393470103500|5888|-0.5,-3.940663268332713,-20.5|[-2.0, -2.0, -2.0, 3.0, 3.0, 3.0]|[1.0, 0.0, 0.0, 0.0, 0.0, 0.9855228, 0.16954261, 0.0, 0.0, -0.16954261, 0.9855228, 0.0, -0.5, -0.40798998, -20.971329, 1.0]|[0.7857328, 0.0, 0.0, 0.0, 0.0, 1.2571725, 0.0, 0.0, 0.0, 0.0, -1.0002604, -1.0, 0.0, 0.0, -0.100013025, 0.0]
899393570873000|5888|-0.5,-3.940663268332713,-20.5|[-2.0, -2.0, -2.0, 3.0, 3.0, 3.0]|[1.0, 0.0, 0.0, 0.0, 0.0, 0.9855228, 0.16954261, 0.0, 0.0, -0.16954261, 0.9855228, 0.0, -0.5, -0.40798998, -20.971329, 1.0]|[0.7857328, 0.0, 0.0, 0.0, 0.0, 1.2571725, 0.0, 0.0, 0.0, 0.0, -1.0002604, -1.0, 0.0, 0.0, -0.100013025, 0.0]
899393685927200|5888|-0.5,-3.940663268332713,-20.5|[-2.0, -2.0, -2.0, 3.0, 3.0, 3.0]|[1.0, 0.0, 0.0, 0.0, 0.0, 0.9855228, 0.16954261, 0.0, 0.0, -0.16954261, 0.9855228, 0.0, -0.5, -0.40798998, -20.971329, 1.0]|[0.7857328, 0.0, 0.0, 0.0, 0.0, 1.2571725, 0.0, 0.0, 0.0, 0.0, -1.0002604, -1.0, 0.0, 0.0, -0.100013025, 0.0]
899393786666400|5888|-0.5,-3.940663268332713,-20.5|[-2.0, -2.0, -2.0, 3.0, 3.0, 3.0]|[1.0, 0.0, 0.0, 0.0, 0.0, 0.9855228, 0.16954261, 0.0, 0.0, -0.16954261, 0.9855228, 0.0, -0.5, -0.40798998, -20.971329, 1.0]|[0.7857328, 0.0, 0.0, 0.0, 0.0, 1.2571725, 0.0, 0.0, 0.0, 0.0, -1.0002604, -1.0, 0.0, 0.0, -0.100013025, 0.0]
899393903765800|5888|-0.5,-3.940663268332713,-20.5|[-2.0, -2.0, -2.0, 3.0, 3.0, 3.0]|[1.0, 0.0, 0.0, 0.0, 0.0, 0.9855228, 0.16954261, 0.0, 0.0, -0.16954261, 0.9855228, 0.0, -0.5, -0.40798998, -20.971329, 1.0]|[0.7857328, 0.0, 0.0, 0.0, 0.0, 1.2571725, 0.0, 0.0, 0.0, 0.0, -1.0002604, -1.0, 0.0, 0.0, -0.100013025, 0.0]
899394020406300|5888|-0.5,-3.940663268332713,-20.5|[-2.0, -2.0, -2.0, 3.0, 3.0, 3.0]|[1.0, 0.0, 0.0, 0.0, 0.0, 0.9855228, 0.16954261, 0.0, 0.0, -0.16954261, 0.9855228, 0.0, -0.5, -0.40798998, -20.971329, 1.0]|[0.7857328, 0.0, 0.0, 0.0, 0.0, 1.2571725, 0.0, 0.0, 0.0, 0.0, -1.0002604, -1.0, 0.0, 0.0, -0.100013025, 0.0]
899394120998600|5888|-0.5,-3.940663268332713,-20.5|[-2.0, -2.0, -2.0, 3.0, 3.0, 3.0]|[1.0, 0.0, 0.0, 0.0, 0.0, 0.9855228, 0.16954261, 0.0, 0.0, -0.16954261, 0.9855228, 0.0, -0.5, -0.40798998, -20.971329, 1.0]|[0.7857328, 0.0, 0.0, 0.0, 0.0, 1.2571725, 0.0, 0.0, 0.0, 0.0, -1.0002604, -1.0, 0.0, 0.0, -0.100013025, 0.0]
899394236652500|5888|-0.5,-3.940663268332713,-20.5|[-2.0, -2.0, -2.0, 3.0, 3.0, 3.0]|[1.0, 0.0, 0.0, 0.0, 0.0, 0.9855228, 0.16954261, 0.0, 0.0, -0.16954261, 0.9855228, 0.0, -0.5, -0.40798998, -20.971329, 1.0]|[0.7857328, 0.0, 0.0, 0.0, 0.0, 1.2571725, 0.0, 0.0, 0.0, 0.0, -1.0002604, -1.0, 0.0, 0.0, -0.100013025, 0.0]
899394336682500|5888|-0.5,-3.940663268332713,-20.5|[-2.0, -2.0, -2.0, 3.0, 3.0, 3.0]|[1.0, 0.0, 0.0, 0.0, 0.0, 0.9855228, 0.16954261, 0.0, 0.0, -0.16954261, 0.9855228, 0.0, -0.5, -0.40798998, -20.971329, 1.0]|[0.7857328, 0.0, 0.0, 0.0, 0.0, 1.2571725, 0.0, 0.0, 0.0, 0.0, -1.0002604, -1.0, 0.0, 0.0, -0.100013025, 0.0]
899394452555900|5888|-0.5,-3.940663268332713,-20.5|[-2.0, -2.0, -2.0, 3.0, 3.0, 3.0]|[1.0, 0.0, 0.0, 0.0, 0.0, 0.9855228, 0.16954261, 0.0, 0.0, -0.16954261, 0.9855228, 0.0, -0.5, -0.40798998, -20.971329, 1.0]|[0.7857328, 0.0, 0.0, 0.0, 0.0, 1.2571725, 0.0, 0.0, 0.0, 0.0, -1.0002604, -1.0, 0.0, 0.0, -0.100013025, 0.0]
899394553445700|5888|-0.5,-3.940663268332713,-20.5|[-2.0, -2.0, -2.0, 3.0, 3.0, 3.0]|[1.0, 0.0, 0.0, 0.0, 0.0, 0.9855228, 0.16954261, 0.0, 0.0, -0.16954261, 0.9855228, 0.0, -0.5, -0.40798998, -20.971329, 1.0]|[0.7857328, 0.0, 0.0, 0.0, 0.0, 1.2571725, 0.0, 0.0, 0.0, 0.0, -1.0002604, -1.0, 0.0, 0.0, -0.100013025, 0.0]
899394670597900|5888|-0.5,-3.940663268332713,-20.5|[-2.0, -2.0, -2.0, 3.0, 3.0, 3.0]|[1.0, 0.0, 0.0, 0.0, 0.0, 0.9855228, 0.16954261, 0.0, 0.0, -0.16954261, 0.9855228, 0.0, -0.5, -0.40798998, -20.971329, 1.0]|[0.7857328, 0.0, 0.0, 0.0, 0.0, 1.2571725, 0.0, 0.0, 0.0, 0.0, -1.0002604, -1.0, 0.0, 0.0, -0.100013025, 0.0]
899394786417400|5888|-0.5,-3.940663268332713,-20.5|[-2.0, -2.0, -2.0, 3.0, 3.0, 3.0]|[1.0, 0.0, 0.0, 0.0, 0.0, 0.9855228, 0.16954261, 0.0, 0.0, -0.16954261, 0.9855228, 0.0, -0.5, -0.40798998, -20.971329, 1.0]|[0.7857328, 0.0, 0.0, 0.0, 0.0, 1.2571725, 0.0, 0.0, 0.0, 0.0, -1.0002604, -1.0, 0.0, 0.0, -0.100013025, 0.0]
899394886467200|5888|-0.5,-3.940663268332713,-20.5|[-2.0, -2.0, -2.0, 3.0, 3.0, 3.0]|[1.0, 0.0, 0.0, 0.0, 0.0, 0.9855228, 0.16954261, 0.0, 0.0, -0.16954261, 0.9855228, 0.0, -0.5, -0.40798998, -20.971329, 1.0]|[0.7857328, 0.0, 0.0, 0.0, 0.0, 1.2571725, 0.0, 0.0, 0.0, 0.0, -1.0002604, -1.0, 0.0, 0.0, -0.100013025, 0.0]
899395002521400|5888|-0.5,-3.940663268332713,-20.5|[-2.0, -2.0, -2.0, 3.0, 3.0, 3.0]|[1.0, 0.0, 0.0, 0.0, 0.0, 0.9855228, 0.16954261, 0.0, 0.0, -0.16954261, 0.9855228, 0.0, -0.5, -0.40798998, -20.971329, 1.0]|[0.7857328, 0.0, 0.0, 0.0, 0.0, 1.2571725, 0.0, 0.0, 0.0, 0.0, -1.0002604, -1.0, 0.0, 0.0, -0.100013025, 0.0]
899395103067800|5888|-0.5,-3.940663268332713,-20.5|[-2.0, -2.0, -2.0, 3.0, 3.0, 3.0]|[1.0, 0.0, 0.0, 0.0, 0.0, 0.9855228, 0.16954261, 0.0, 0.0, -0.16954261, 0.9855228, 0.0, -0.5, -0.40798998, -20.971329, 1.0]|[0.7857328, 0.0, 0.0, 0.0, 0.0, 1.2571725, 0.0, 0.0, 0.0, 0.0, -1.0002604, -1.0, 0.0, 0.0, -0.100013025, 0.0]
899395203725900|5888|-0.5,-3.940663268332713,-20.5|[-2.0, -2.0, -2.0, 3.0, 3.0, 3.0]|[1.0, 0.0, 0.0, 0.0, 0.0, 0.9855228, 0.16954261, 0.0, 0.0, -0.16954261, 0.9855228, 0.0, -0.5, -0.40798998, -20.971329, 1.0]|[0.7857328, 0.0, 0.0, 0.0, 0.0, 1.2571725, 0.0, 0.0, 0.0, 0.0, -1.0002604, -1.0, 0.0, 0.0, -0.100013025, 0.0]
899395303865200|5888|-0.5,-3.940663268332713,-20.5|[-2.0, -2.0, -2.0, 3.0, 3.0, 3.0]|[1.0, 0.0, 0.0, 0.0, 0.0, 0.9855228, 0.16954261, 0.0, 0.0, -0.16954261, 0.9855228, 0.0, -0.5, -0.40798998, -20.971329, 1.0]|[0.7857328, 0.0, 0.0, 0.0, 0.0, 1.2571725, 0.0, 0.0, 0.0, 0.0, -1.0002604, -1.0, 0.0, 0.0, -0.100013025, 0.0]
899395420350000|5888|-0.5,-3.940663268332713,-20.5|[-2.0, -2.0, -2.0, 3.0, 3.0, 3.0]|[1.0, 0.0, 0.0, 0.0, 0.0, 0.9855228, 0.16954261, 0.0, 0.0, -0.16954261, 0.9855228, 0.0, -0.5, -0.40798998, -20.971329, 1.0]|[0.7857328, 0.0, 0.0, 0.0, 0.0, 1.2571725, 0.0, 0.0, 0.0, 0.0, -1.0002604, -1.0, 0.0, 0.0, -0.100013025, 0.0]
899395520882700|5888|-0.5,-3.940663268332713,-20.5|[-2.0, -2.0, -2.0, 3.0, 3.0, 3.0]|[1.0, 0.0, 0.0, 0.0, 0.0, 0.9855228, 0.16954261, 0.0, 0.0, -0.16954261, 0.9855228, 0.0, -0.5, -0.40798998, -20.971329, 1.0]|[0.7857328, 0.0, 0.0, 0.0, 0.0, 1.2571725, 0.0, 0.0, 0.0, 0.0, -1.0002604, -1.0, 0.0, 0.0, -0.100013025, 0.0]
899395620897400|5888|-0.5,-3.940663268332713,-20.5|[-2.0, -2.0, -2.0, 3.0, 3.0, 3.0]|[1.0, 0.0, 0.0, 0.0, 0.0, 0.9855228, 0.16954261, 0.0, 0.0, -0.16954261, 0.9855228, 0.0, -0.5, -0.40798998, -20.971329, 1.0]|[0.7857328, 0.0, 0.0, 0.0, 0.0, 1.2571725, 0.0, 0.0, 0.0, 0.0, -1.0002604, -1.0, 0.0, 0.0, -0.100013025, 0.0]
899395736969600|5888|-0.5,-3.940663268332713,-20.5|[-2.0, -2.0, -2.0, 3.0, 3.0, 3.0]|[1.0, 0.0, 0.0, 0.0, 0.0, 0.9855228, 0.16954261, 0.0, 0.0, -0.16954261, 0.9855228, 0.0, -0.5, -0.40798998, -20.971329, 1.0]|[0.7857328, 0.0, 0.0, 0.0, 0.0, 1.2571725, 0.0, 0.0, 0.0, 0.0, -1.0002604, -1.0, 0.0, 0.0, -0.100013025, 0.0]
899395853890600|5888|-0.5,-3.940663268332713,-20.5|[-2.0, -2.0, -2.0, 3.0, 3.0, 3.0]|[1.0, 0.0, 0.0, 0.0, 0.0, 0.9855228, 0.16954261, 0.0, 0.0, -0.16954261, 0.9855228, 0.0, -0.5, -0.40798998, -20.971329, 1.0]|[0.7857328, 0.0, 0.0, 0.0, 0.0, 1.2571725, 0.0, 0.0, 0.0, 0.0, -1.0002604, -1.0, 0.0, 0.0, -0.100013025, 0.0]
899395971297300|5888|-0.5,-3.940663268332713,-20.5|[-2.0, -2.0, -2.0, 3.0, 3.0, 3.0]|[1.0, 0.0, 0.0, 0.0, 0.0, 0.9855228, 0.16954261, 0.0, 0.0, -0.16954261, 0.9855228, 0.0, -0.5, -0.40798998, -20.971329, 1.0]|[0.7857328, 0.0, 0.0, 0.0, 0.0, 1.2571725, 0.0, 0.0, 0.0, 0.0, -1.0002604, -1.0, 0.0, 0.0, -0.100013025, 0.0]
899396086270900|5888|-0.5,-3.940663268332713,-20.5|[-2.0, -2.0, -2.0, 3.0, 3.0, 3.0]|[1.0, 0.0, 0.0, 0.0, 0.0, 0.9855228, 0.16954261, 0.0, 0.0, -0.16954261, 0.9855228, 0.0, -0.5, -0.40798998, -20.971329, 1.0]|[0.7857328, 0.0, 0.0, 0.0, 0.0, 1.2571725, 0.0, 0.0, 0.0, 0.0, -1.0002604, -1.0, 0.0, 0.0, -0.100013025, 0.0]
899396186922600|5888|-0.5,-3.940663268332713,-20.5|[-2.0, -2.0, -2.0, 3.0, 3.0, 3.0]|[1.0, 0.0, 0.0, 0.0, 0.0, 0.9855228, 0.16954261, 0.0, 0.0, -0.16954261, 0.9855228, 0.0, -0.5, -0.40798998, -20.971329, 1.0]|[0.7857328, 0.0, 0.0, 0.0, 0.0, 1.2571725, 0.0, 0.0, 0.0, 0.0, -1.0002604, -1.0, 0.0, 0.0, -0.100013025, 0.0]
899396302982300|5888|-0.5,-3.940663268332713,-20.5|[-2.0, -2.0, -2.0, 3.0, 3.0, 3.0]|[1.0, 0.0, 0.0, 0.0, 0.0, 0.9855228, 0.16954261, 0.0, 0.0, -0.16954261, 0.9855228, 0.0, -0.5, -0.40798998, -20.971329, 1.0]|[0.7857328, 0.0, 0.0, 0.0, 0.0, 1.2571725, 0.0, 0.0, 0.0, 0.0, -1.0002604, -1.0, 0.0, 0.0, -0.100013025, 0.0]
899396403846200|5888|-0.5,-3.940663268332713,-20.5|[-2.0, -2.0, -2.0, 3.0, 3.0, 3.0]|[1.0, 0.0, 0.0, 0.0, 0.0, 0.9855228, 0.16954261, 0.0, 0.0, -0.16954261, 0.9855228, 0.0, -0.5, -0.40798998, -20.971329, 1.0]|[0.7857328, 0.0, 0.0, 0.0, 0.0, 1.2571725, 0.0, 0.0, 0.0, 0.0, -1.0002604, -1.0, 0.0, 0.0, -0.100013025, 0.0]
899396520267100|5888|-0.5,-3.940663268332713,-20.5|[-2.0, -2.0, -2.0, 3.0, 3.0, 3.0]|[1.0, 0.0, 0.0, 0.0, 0.0, 0.9855228, 0.16954261, 0.0, 0.0, -0.16954261, 0.9855228, 0.0, -0.5, -0.40798998, -20.971329, 1.0]|[0.7857328, 0.0, 0.0, 0.0, 0.0, 1.2571725, 0.0, 0.0, 0.0, 0.0, -1.0002604, -1.0, 0.0, 0.0, -0.100013025, 0.0]
899396620629700|5888|-0.5,-3.940663268332713,-20.5|[-2.0, -2.0, -2.0, 3.0, 3.0, 3.0]|[1.0, 0.0, 0.0, 0.0, 0.0, 0.9855228, 0.16954261, 0.0, 0.0, -0.16954261, 0.9855228, 0.0, -0.5, -0.40798998, -20.971329, 1.0]|[0.7857328, 0.0, 0.0, 0.0, 0.0, 1.2571725, 0.0, 0.0, 0.0, 0.0, -1.0002604, -1.0, 0.0, 0.0, -0.100013025, 0.0]
899396728003900|5888|-0.5,-3.940663268332713,-20.5|[-2.0, -2.0, -2.0, 3.0, 3.0, 3.0]|[1.0, 0.0, 0.0, 0.0, 0.0, 0.9855228, 0.16954261, 0.0, 0.0, -0.16954261, 0.9855228, 0.0, -0.5, -0.40798998, -20.971329, 1.0]|[0.7857328, 0.0, 0.0, 0.0, 0.0, 1.2571725, 0.0, 0.0, 0.0, 0.0, -1.0002604, -1.0, 0.0, 0.0, -0.100013025, 0.0]
899396836746900|5888|-0.5,-3.940663268332713,-20.5|[-2.0, -2.0, -2.0, 3.0, 3.0, 3.0]|[1.0, 0.0, 0.0, 0.0, 0.0, 0.9855228, 0.16954261, 0.0, 0.0, -0.16954261, 0.9855228, 0.0, -0.5, -0.40798998, -20.971329, 1.0]|[0.7857328, 0.0, 0.0, 0.0, 0.0, 1.2571725, 0.0, 0.0, 0.0, 0.0, -1.0002604, -1.0, 0.0, 0.0, -0.100013025, 0.0]
899396953628200|5888|-0.5,-3.940663268332713,-20.5|[-2.0, -2.0, -2.0, 3.0, 3.0, 3.0]|[1.0, 0.0, 0.0, 0.0, 0.0, 0.9855228, 0.16954261, 0.0, 0.0, -0.16954261, 0.9855228, 0.0, -0.5, -0.40798998, -20.971329, 1.0]|[0.7857328, 0.0, 0.0, 0.0, 0.0, 1.2571725, 0.0, 0.0, 0.0, 0.0, -1.0002604, -1.0, 0.0, 0.0, -0.100013025, 0.0]
899397070534000|5888|-0.5,-3.940663268332713,-20.5|[-2.0, -2.0, -2.0, 3.0, 3.0, 3.0]|[1.0, 0.0, 0.0, 0.0, 0.0, 0.9855228, 0.16954261, 0.0, 0.0, -0.16954261, 0.9855228, 0.0, -0.5, -0.40798998, -20.971329, 1.0]|[0.7857328, 0.0, 0.0, 0.0, 0.0, 1.2571725, 0.0, 0.0, 0.0, 0.0, -1.0002604, -1.0, 0.0, 0.0, -0.100013025, 0.0]
899397170565000|5888|-0.5,-3.940663268332713,-20.5|[-2.0, -2.0, -2.0, 3.0, 3.0, 3.0]|[1.0, 0.0, 0.0, 0.0, 0.0, 0.9855228, 0.16954261, 0.0, 0.0, -0.16954261, 0.9855228, 0.0, -0.5, -0.40798998, -20.971329, 1.0]|[0.7857328, 0.0, 0.0, 0.0, 0.0, 1.2571725, 0.0, 0.0, 0.0, 0.0, -1.0002604, -1.0, 0.0, 0.0, -0.100013025, 0.0]
899397286354000|5888|-0.5,-3.940663268332713,-20.5|[-2.0, -2.0, -2.0, 3.0, 3.0, 3.0]|[1.0, 0.0, 0.0, 0.0, 0.0, 0.9855228, 0.16954261, 0.0, 0.0, -0.16954261, 0.9855228, 0.0, -0.5, -0.40798998, -20.971329, 1.0]|[0.7857328, 0.0, 0.0, 0.0, 0.0, 1.2571725, 0.0, 0.0, 0.0, 0.0, -1.0002604, -1.0, 0.0, 0.0, -0.100013025, 0.0]
899397386545400|5888|-0.5,-3.940663268332713,-20.5|[-2.0, -2.0, -2.0, 3.0, 3.0, 3.0]|[1.0, 0.0, 0.0, 0.0, 0.0, 0.9855228, 0.16954261, 0.0, 0.0, -0.16954261, 0.9855228, 0.0, -0.5, -0.40798998, -20.971329, 1.0]|[0.7857328, 0.0, 0.0, 0.0, 0.0, 1.2571725, 0.0, 0.0, 0.0, 0.0, -1.0002604, -1.0, 0.0, 0.0, -0.100013025, 0.0]
899397486629800|5888|-0.5,-3.940663268332713,-20.5|[-2.0, -2.0, -2.0, 3.0, 3.0, 3.0]|[1.0, 0.0, 0.0, 0.0, 0.0, 0.9855228, 0.16954261, 0.0, 0.0, -0.16954261, 0.9855228, 0.0, -0.5, -0.40798998, -20.971329, 1.0]|[0.7857328, 0.0, 0.0, 0.0, 0.0, 1.2571725, 0.0, 0.0, 0.0, 0.0, -1.0002604, -1.0, 0.0, 0.0, -0.100013025, 0.0]
899397586973000|5888|-0.5,-3.940663268332713,-20.5|[-2.0, -2.0, -2.0, 3.0, 3.0, 3.0]|[1.0, 0.0, 0.0, 0.0, 0.0, 0.9855228, 0.16954261, 0.0, 0.0, -0.16954261, 0.9855228, 0.0, -0.5, -0.40798998, -20.971329, 1.0]|[0.7857328, 0.0, 0.0, 0.0, 0.0, 1.2571725, 0.0, 0.0, 0.0, 0.0, -1.0002604, -1.0, 0.0, 0.0, -0.100013025, 0.0]
899397703781900|5888|-0.5,-3.940663268332713,-20.5|[-2.0, -2.0, -2.0, 3.0, 3.0, 3.0]|[1.0, 0.0, 0.0, 0.0, 0.0, 0.9855228, 0.16954261, 0.0, 0.0, -0.16954261, 0.9855228, 0.0, -0.5, -0.40798998, -20.971329, 1.0]|[0.7857328, 0.0, 0.0, 0.0, 0.0, 1.2571725, 0.0, 0.0, 0.0, 0.0, -1.0002604, -1.0, 0.0, 0.0, -0.100013025, 0.0]
899397820461500|5888|-0.5,-3.940663268332713,-20.5|[-2.0, -2.0, -2.0, 3.0, 3.0, 3.0]|[1.0, 0.0, 0.0, 0.0, 0.0, 0.9855228, 0.16954261, 0.0, 0.0, -0.16954261, 0.9855228, 0.0, -0.5, -0.40798998, -20.971329, 1.0]|[0.7857328, 0.0, 0.0, 0.0, 0.0, 1.2571725, 0.0, 0.0, 0.0, 0.0, -1.0002604, -1.0, 0.0, 0.0, -0.100013025, 0.0]
899397920789400|5888|-0.5,-3.940663268332713,-20.5|[-2.0, -2.0, -2.0, 3.0, 3.0, 3.0]|[1.0, 0.0, 0.0, 0.0, 0.0, 0.9855228, 0.16954261, 0.0, 0.0, -0.16954261, 0.9855228, 0.0, -0.5, -0.40798998, -20.971329, 1.0]|[0.7857328, 0.0, 0.0, 0.0, 0.0, 1.2571725, 0.0, 0.0, 0.0, 0.0, -1.0002604, -1.0, 0.0, 0.0, -0.100013025, 0.0]
899398036124800|5888|-0.5,-3.940663268332713,-20.5|[-2.0, -2.0, -2.0, 3.0, 3.0, 3.0]|[1.0, 0.0, 0.0, 0.0, 0.0, 0.9855228, 0.16954261, 0.0, 0.0, -0.16954261, 0.9855228, 0.0, -0.5, -0.40798998, -20.971329, 1.0]|[0.7857328, 0.0, 0.0, 0.0, 0.0, 1.2571725, 0.0, 0.0, 0.0, 0.0, -1.0002604, -1.0, 0.0, 0.0, -0.100013025, 0.0]
899398136438300|5888|-0.5,-3.940663268332713,-20.5|[-2.0, -2.0, -2.0, 3.0, 3.0, 3.0]|[1.0, 0.0, 0.0, 0.0, 0.0, 0.9855228, 0.16954261, 0.0, 0.0, -0.16954261, 0.9855228, 0.0, -0.5, -0.40798998, -20.971329, 1.0]|[0.7857328, 0.0, 0.0, 0.0, 0.0, 1.2571725, 0.0, 0.0, 0.0, 0.0, -1.0002604, -1.0, 0.0, 0.0, -0.100013025, 0.0]
899398236810900|5888|-0.5,-3.940663268332713,-20.5|[-2.0, -2.0, -2.0, 3.0, 3.0, 3.0]|[1.0, 0.0, 0.0, 0.0, 0.0, 0.9855228, 0.16954261, 0.0, 0.0, -0.16954261, 0.9855228, 0.0, -0.5, -0.40798998, -20.971329, 1.0]|[0.7857328, 0.0, 0.0, 0.0, 0.0, 1.2571725, 0.0, 0.0, 0.0, 0.0, -1.0002604, -1.0, 0.0, 0.0, -0.100013025, 0.0]
899398352749500|5888|-0.5,-3.940663268332713,-20.5|[-2.0, -2.0, -2.0, 3.0, 3.0, 3.0]|[1.0, 0.0, 0.0, 0.0, 0.0, 0.9855228, 0.16954261, 0.0, 0.0, -0.16954261, 0.9855228, 0.0, -0.5, -0.40798998, -20.971329, 1.0]|[0.7857328, 0.0, 0.0, 0.0, 0.0, 1.2571725, 0.0, 0.0, 0.0, 0.0, -1.0002604, -1.0, 0.0, 0.0, -0.100013025, 0.0]
899398454249700|5888|-0.5,-3.940663268332713,-20.5|[-2.0, -2.0, -2.0, 3.0, 3.0, 3.0]|[1.0, 0.0, 0.0, 0.0, 0.0, 0.9855228, 0.16954261, 0.0, 0.0, -0.16954261, 0.9855228, 0.0, -0.5, -0.40798998, -20.971329, 1.0]|[0.7857328, 0.0, 0.0, 0.0, 0.0, 1.2571725, 0.0, 0.0, 0.0, 0.0, -1.0002604, -1.0, 0.0, 0.0, -0.100013025, 0.0]
899398571050800|5888|-0.5,-3.940663268332713,-20.5|[-2.0, -2.0, -2.0, 3.0, 3.0, 3.0]|[1.0, 0.0, 0.0, 0.0, 0.0, 0.9855228, 0.16954261, 0.0, 0.0, -0.16954261, 0.9855228, 0.0, -0.5, -0.40798998, -20.971329, 1.0]|[0.7857328, 0.0, 0.0, 0.0, 0.0, 1.2571725, 0.0, 0.0, 0.0, 0.0, -1.0002604, -1.0, 0.0, 0.0, -0.100013025, 0.0]
899398686882700|5888|-0.5,-3.940663268332713,-20.5|[-2.0, -2.0, -2.0, 3.0, 3.0, 3.0]|[1.0, 0.0, 0.0, 0.0, 0.0, 0.9855228, 0.16954261, 0.0, 0.0, -0.16954261, 0.9855228, 0.0, -0.5, -0.40798998, -20.971329, 1.0]|[0.7857328, 0.0, 0.0, 0.0, 0.0, 1.2571725, 0.0, 0.0, 0.0, 0.0, -1.0002604, -1.0, 0.0, 0.0, -0.100013025, 0.0]
899398802704900|5888|-0.5,-3.940663268332713,-20.5|[-2.0, -2.0, -2.0, 3.0, 3.0, 3.0]|[1.0, 0.0, 0.0, 0.0, 0.0, 0.9855228, 0.16954261, 0.0, 0.0, -0.16954261, 0.9855228, 0.0, -0.5, -0.40798998, -20.971329, 1.0]|[0.7857328, 0.0, 0.0, 0.0, 0.0, 1.2571725, 0.0, 0.0, 0.0, 0.0, -1.0002604, -1.0, 0.0, 0.0, -0.100013025, 0.0]
899398903899200|5888|-0.5,-3.940663268332713,-20.5|[-2.0, -2.0, -2.0, 3.0, 3.0, 3.0]|[1.0, 0.0, 0.0, 0.0, 0.0, 0.9855228, 0.16954261, 0.0, 0.0, -0.16954261, 0.9855228, 0.0, -0.5, -0.40798998, -20.971329, 1.0]|[0.7857328, 0.0, 0.0, 0.0, 0.0, 1.2571725, 0.0, 0.0, 0.0, 0.0, -1.0002604, -1.0, 0.0, 0.0, -0.100013025, 0.0]
899399020365000|5888|-0.5,-3.940663268332713,-20.5|[-2.0, -2.0, -2.0, 3.0, 3.0, 3.0]|[1.0, 0.0, 0.0, 0.0, 0.0, 0.9855228, 0.16954261, 0.0, 0.0, -0.16954261, 0.9855228, 0.0, -0.5, -0.40798998, -20.971329, 1.0]|[0.7857328, 0.0, 0.0, 0.0, 0.0, 1.2571725, 0.0, 0.0, 0.0, 0.0, -1.0002604, -1.0, 0.0, 0.0, -0.100013025, 0.0]
899399121450000|5888|-0.5,-3.940663268332713,-20.5|[-2.0, -2.0, -2.0, 3.0, 3.0, 3.0]|[1.0, 0.0, 0.0, 0.0, 0.0, 0.9855228, 0.16954261, 0.0, 0.0, -0.16954261, 0.9855228, 0.0, -0.5, -0.40798998, -20.971329, 1.0]|[0.7857328, 0.0, 0.0, 0.0, 0.0, 1.2571725, 0.0, 0.0, 0.0, 0.0, -1.0002604, -1.0, 0.0, 0.0, -0.100013025, 0.0]
899399236527000|5888|-0.5,-3.940663268332713,-20.5|[-2.0, -2.0, -2.0, 3.0, 3.0, 3.0]|[1.0, 0.0, 0.0, 0.0, 0.0, 0.9855228, 0.16954261, 0.0, 0.0, -0.16954261, 0.9855228, 0.0, -0.5, -0.40798998, -20.971329, 1.0]|[0.7857328, 0.0, 0.0, 0.0, 0.0, 1.2571725, 0.0, 0.0, 0.0, 0.0, -1.0002604, -1.0, 0.0, 0.0, -0.100013025, 0.0]
899399337002900|5888|-0.5,-3.940663268332713,-20.5|[-2.0, -2.0, -2.0, 3.0, 3.0, 3.0]|[1.0, 0.0, 0.0, 0.0, 0.0, 0.9855228, 0.16954261, 0.0, 0.0, -0.16954261, 0.9855228, 0.0, -0.5, -0.40798998, -20.971329, 1.0]|[0.7857328, 0.0, 0.0, 0.0, 0.0, 1.2571725, 0.0, 0.0, 0.0, 0.0, -1.0002604, -1.0, 0.0, 0.0, -0.100013025, 0.0]
899399453088800|5888|-0.5,-3.940663268332713,-20.5|[-2.0, -2.0, -2.0, 3.0, 3.0, 3.0]|[1.0, 0.0, 0.0, 0.0, 0.0, 0.9855228, 0.16954261, 0.0, 0.0, -0.16954261, 0.9855228, 0.0, -0.5, -0.40798998, -20.971329, 1.0]|[0.7857328, 0.0, 0.0, 0.0, 0.0, 1.2571725, 0.0, 0.0, 0.0, 0.0, -1.0002604, -1.0, 0.0, 0.0, -0.100013025, 0.0]
899399553592400|5888|-0.5,-3.940663268332713,-20.5|[-2.0, -2.0, -2.0, 3.0, 3.0, 3.0]|[1.0, 0.0, 0.0, 0.0, 0.0, 0.9855228, 0.16954261, 0.0, 0.0, -0.16954261, 0.9855228, 0.0, -0.5, -0.40798998, -20.971329, 1.0]|[0.7857328, 0.0, 0.0, 0.0, 0.0, 1.2571725, 0.0, 0.0, 0.0, 0.0, -1.0002604, -1.0, 0.0, 0.0, -0.100013025, 0.0]
899399670327600|5888|-0.5,-3.940663268332713,-20.5|[-2.0, -2.0, -2.0, 3.0, 3.0, 3.0]|[1.0, 0.0, 0.0, 0.0, 0.0, 0.9855228, 0.16954261, 0.0, 0.0, -0.16954261, 0.9855228, 0.0, -0.5, -0.40798998, -20.971329, 1.0]|[0.7857328, 0.0, 0.0, 0.0, 0.0, 1.2571725, 0.0, 0.0, 0.0, 0.0, -1.0002604, -1.0, 0.0, 0.0, -0.100013025, 0.0]
899399770562100|5888|-0.5,-3.940663268332713,-20.5|[-2.0, -2.0, -2.0, 3.0, 3.0, 3.0]|[1.0, 0.0, 0.0, 0.0, 0.0, 0.9855228, 0.16954261, 0.0, 0.0, -0.16954261, 0.9855228, 0.0, -0.5, -0.40798998, -20.971329, 1.0]|[0.7857328, 0.0, 0.0, 0.0, 0.0, 1.2571725, 0.0, 0.0, 0.0, 0.0, -1.0002604, -1.0, 0.0, 0.0, -0.100013025, 0.0]
899399885866100|5888|-0.5,-3.940663268332713,-20.5|[-2.0, -2.0, -2.0, 3.0, 3.0, 3.0]|[1.0, 0.0, 0.0, 0.0, 0.0, 0.9855228, 0.16954261, 0.0, 0.0, -0.16954261, 0.9855228, 0.0, -0.5, -0.40798998, -20.971329, 1.0]|[0.7857328, 0.0, 0.0, 0.0, 0.0, 1.2571725, 0.0, 0.0, 0.0, 0.0, -1.0002604, -1.0, 0.0, 0.0, -0.100013025, 0.0]
899399987397200|5888|-0.5,-3.940663268332713,-20.5|[-2.0, -2.0, -2.0, 3.0, 3.0, 3.0]|[1.0, 0.0, 0.0, 0.0, 0.0, 0.9855228, 0.16954261, 0.0, 0.0, -0.16954261, 0.9855228, 0.0, -0.5, -0.40798998, -20.971329, 1.0]|[0.7857328, 0.0, 0.0, 0.0, 0.0, 1.2571725, 0.0, 0.0, 0.0, 0.0, -1.0002604, -1.0, 0.0, 0.0, -0.100013025, 0.0]
899400103180600|5888|-0.5,-3.940663268332713,-20.5|[-2.0, -2.0, -2.0, 3.0, 3.0, 3.0]|[1.0, 0.0, 0.0, 0.0, 0.0, 0.9855228, 0.16954261, 0.0, 0.0, -0.16954261, 0.9855228, 0.0, -0.5, -0.40798998, -20.971329, 1.0]|[0.7857328, 0.0, 0.0, 0.0, 0.0, 1.2571725, 0.0, 0.0, 0.0, 0.0, -1.0002604, -1.0, 0.0, 0.0, -0.100013025, 0.0]
899400203328600|5888|-0.5,-3.940663268332713,-20.5|[-2.0, -2.0, -2.0, 3.0, 3.0, 3.0]|[1.0, 0.0, 0.0, 0.0, 0.0, 0.9855228, 0.16954261, 0.0, 0.0, -0.16954261, 0.9855228, 0.0, -0.5, -0.40798998, -20.971329, 1.0]|[0.7857328, 0.0, 0.0, 0.0, 0.0, 1.2571725, 0.0, 0.0, 0.0, 0.0, -1.0002604, -1.0, 0.0, 0.0, -0.100013025, 0.0]
899400320512500|5888|-0.5,-3.940663268332713,-20.5|[-2.0, -2.0, -2.0, 3.0, 3.0, 3.0]|[1.0, 0.0, 0.0, 0.0, 0.0, 0.9855228, 0.16954261, 0.0, 0.0, -0.16954261, 0.9855228, 0.0, -0.5, -0.40798998, -20.971329, 1.0]|[0.7857328, 0.0, 0.0, 0.0, 0.0, 1.2571725, 0.0, 0.0, 0.0, 0.0, -1.0002604, -1.0, 0.0, 0.0, -0.100013025, 0.0]
899400421577600|5888|-0.5,-3.940663268332713,-20.5|[-2.0, -2.0, -2.0, 3.0, 3.0, 3.0]|[1.0, 0.0, 0.0, 0.0, 0.0, 0.9855228, 0.16954261, 0.0, 0.0, -0.16954261, 0.9855228, 0.0, -0.5, -0.40798998, -20.971329, 1.0]|[0.7857328, 0.0, 0.0, 0.0, 0.0, 1.2571725, 0.0, 0.0, 0.0, 0.0, -1.0002604, -1.0, 0.0, 0.0, -0.100013025, 0.0]
899400536352900|5888|-0.5,-3.940663268332713,-20.5|[-2.0, -2.0, -2.0, 3.0, 3.0, 3.0]|[1.0, 0.0, 0.0, 0.0, 0.0, 0.9855228, 0.16954261, 0.0, 0.0, -0.16954261, 0.9855228, 0.0, -0.5, -0.40798998, -20.971329, 1.0]|[0.7857328, 0.0, 0.0, 0.0, 0.0, 1.2571725, 0.0, 0.0, 0.0, 0.0, -1.0002604, -1.0, 0.0, 0.0, -0.100013025, 0.0]
899400637450100|5888|-0.5,-3.940663268332713,-20.5|[-2.0, -2.0, -2.0, 3.0, 3.0, 3.0]|[1.0, 0.0, 0.0, 0.0, 0.0, 0.9855228, 0.16954261, 0.0, 0.0, -0.16954261, 0.9855228, 0.0, -0.5, -0.40798998, -20.971329, 1.0]|[0.7857328, 0.0, 0.0, 0.0, 0.0, 1.2571725, 0.0, 0.0, 0.0, 0.0, -1.0002604, -1.0, 0.0, 0.0, -0.100013025, 0.0]
899400753754100|5888|-0.5,-3.940663268332713,-20.5|[-2.0, -2.0, -2.0, 3.0, 3.0, 3.0]|[1.0, 0.0, 0.0, 0.0, 0.0, 0.9855228, 0.16954261, 0.0, 0.0, -0.16954261, 0.9855228, 0.0, -0.5, -0.40798998, -20.971329, 1.0]|[0.7857328, 0.0, 0.0, 0.0, 0.0, 1.2571725, 0.0, 0.0, 0.0, 0.0, -1.0002604, -1.0, 0.0, 0.0, -0.100013025, 0.0]
899400871408600|5888|-0.5,-3.940663268332713,-20.5|[-2.0, -2.0, -2.0, 3.0, 3.0, 3.0]|[1.0, 0.0, 0.0, 0.0, 0.0, 0.9855228, 0.16954261, 0.0, 0.0, -0.16954261, 0.9855228, 0.0, -0.5, -0.40798998, -20.971329, 1.0]|[0.7857328, 0.0, 0.0, 0.0, 0.0, 1.2571725, 0.0, 0.0, 0.0, 0.0, -1.0002604, -1.0, 0.0, 0.0, -0.100013025, 0.0]
899400986902100|5888|-0.5,-3.940663268332713,-20.5|[-2.0, -2.0, -2.0, 3.0, 3.0, 3.0]|[1.0, 0.0, 0.0, 0.0, 0.0, 0.9855228, 0.16954261, 0.0, 0.0, -0.16954261, 0.9855228, 0.0, -0.5, -0.40798998, -20.971329, 1.0]|[0.7857328, 0.0, 0.0, 0.0, 0.0, 1.2571725, 0.0, 0.0, 0.0, 0.0, -1.0002604, -1.0, 0.0, 0.0, -0.100013025, 0.0]
899401087647300|5888|-0.5,-3.940663268332713,-20.5|[-2.0, -2.0, -2.0, 3.0, 3.0, 3.0]|[1.0, 0.0, 0.0, 0.0, 0.0, 0.9855228, 0.16954261, 0.0, 0.0, -0.16954261, 0.9855228, 0.0, -0.5, -0.40798998, -20.971329, 1.0]|[0.7857328, 0.0, 0.0, 0.0, 0.0, 1.2571725, 0.0, 0.0, 0.0, 0.0, -1.0002604, -1.0, 0.0, 0.0, -0.100013025, 0.0]
899401202886100|5888|-0.5,-3.940663268332713,-20.5|[-2.0, -2.0, -2.0, 3.0, 3.0, 3.0]|[1.0, 0.0, 0.0, 0.0, 0.0, 0.9855228, 0.16954261, 0.0, 0.0, -0.16954261, 0.9855228, 0.0, -0.5, -0.40798998, -20.971329, 1.0]|[0.7857328, 0.0, 0.0, 0.0, 0.0, 1.2571725, 0.0, 0.0, 0.0, 0.0, -1.0002604, -1.0, 0.0, 0.0, -0.100013025, 0.0]
899401303416300|5888|-0.5,-3.940663268332713,-20.5|[-2.0, -2.0, -2.0, 3.0, 3.0, 3.0]|[1.0, 0.0, 0.0, 0.0, 0.0, 0.9855228, 0.16954261, 0.0, 0.0, -0.16954261, 0.9855228, 0.0, -0.5, -0.40798998, -20.971329, 1.0]|[0.7857328, 0.0, 0.0, 0.0, 0.0, 1.2571725, 0.0, 0.0, 0.0, 0.0, -1.0002604, -1.0, 0.0, 0.0, -0.100013025, 0.0]
899401420323900|5888|-0.5,-3.940663268332713,-20.5|[-2.0, -2.0, -2.0, 3.0, 3.0, 3.0]|[1.0, 0.0, 0.0, 0.0, 0.0, 0.9855228, 0.16954261, 0.0, 0.0, -0.16954261, 0.9855228, 0.0, -0.5, -0.40798998, -20.971329, 1.0]|[0.7857328, 0.0, 0.0, 0.0, 0.0, 1.2571725, 0.0, 0.0, 0.0, 0.0, -1.0002604, -1.0, 0.0, 0.0, -0.100013025, 0.0]
899401520679400|5888|-0.5,-3.940663268332713,-20.5|[-2.0, -2.0, -2.0, 3.0, 3.0, 3.0]|[1.0, 0.0, 0.0, 0.0, 0.0, 0.9855228, 0.16954261, 0.0, 0.0, -0.16954261, 0.9855228, 0.0, -0.5, -0.40798998, -20.971329, 1.0]|[0.7857328, 0.0, 0.0, 0.0, 0.0, 1.2571725, 0.0, 0.0, 0.0, 0.0, -1.0002604, -1.0, 0.0, 0.0, -0.100013025, 0.0]
899401636325200|5888|-0.5,-3.940663268332713,-20.5|[-2.0, -2.0, -2.0, 3.0, 3.0, 3.0]|[1.0, 0.0, 0.0, 0.0, 0.0, 0.9855228, 0.16954261, 0.0, 0.0, -0.16954261, 0.9855228, 0.0, -0.5, -0.40798998, -20.971329, 1.0]|[0.7857328, 0.0, 0.0, 0.0, 0.0, 1.2571725, 0.0, 0.0, 0.0, 0.0, -1.0002604, -1.0, 0.0, 0.0, -0.100013025, 0.0]
899401736613000|5888|-0.5,-3.940663268332713,-20.5|[-2.0, -2.0, -2.0, 3.0, 3.0, 3.0]|[1.0, 0.0, 0.0, 0.0, 0.0, 0.9855228, 0.16954261, 0.0, 0.0, -0.16954261, 0.9855228, 0.0, -0.5, -0.40798998, -20.971329, 1.0]|[0.7857328, 0.0, 0.0, 0.0, 0.0, 1.2571725, 0.0, 0.0, 0.0, 0.0, -1.0002604, -1.0, 0.0, 0.0, -0.100013025, 0.0]
899401852888800|5888|-0.5,-3.940663268332713,-20.5|[-2.0, -2.0, -2.0, 3.0, 3.0, 3.0]|[1.0, 0.0, 0.0, 0.0, 0.0, 0.9855228, 0.16954261, 0.0, 0.0, -0.16954261, 0.9855228, 0.0, -0.5, -0.40798998, -20.971329, 1.0]|[0.7857328, 0.0, 0.0, 0.0, 0.0, 1.2571725, 0.0, 0.0, 0.0, 0.0, -1.0002604, -1.0, 0.0, 0.0, -0.100013025, 0.0]
899401952938200|5888|-0.5,-3.940663268332713,-20.5|[-2.0, -2.0, -2.0, 3.0, 3.0, 3.0]|[1.0, 0.0, 0.0, 0.0, 0.0, 0.9855228, 0.16954261, 0.0, 0.0, -0.16954261, 0.9855228, 0.0, -0.5, -0.40798998, -20.971329, 1.0]|[0.7857328, 0.0, 0.0, 0.0, 0.0, 1.2571725, 0.0, 0.0, 0.0, 0.0, -1.0002604, -1.0, 0.0, 0.0, -0.100013025, 0.0]
899402053034400|5888|-0.5,-3.940663268332713,-20.5|[-2.0, -2.0, -2.0, 3.0, 3.0, 3.0]|[1.0, 0.0, 0.0, 0.0, 0.0, 0.9855228, 0.16954261, 0.0, 0.0, -0.16954261, 0.9855228, 0.0, -0.5, -0.40798998, -20.971329, 1.0]|[0.7857328, 0.0, 0.0, 0.0, 0.0, 1.2571725, 0.0, 0.0, 0.0, 0.0, -1.0002604, -1.0, 0.0, 0.0, -0.100013025, 0.0]
899402170724800|5888|-0.5,-3.940663268332713,-20.5|[-2.0, -2.0, -2.0, 3.0, 3.0, 3.0]|[1.0, 0.0, 0.0, 0.0, 0.0, 0.9855228, 0.16954261, 0.0, 0.0, -0.16954261, 0.9855228, 0.0, -0.5, -0.40798998, -20.971329, 1.0]|[0.7857328, 0.0, 0.0, 0.0, 0.0, 1.2571725, 0.0, 0.0, 0.0, 0.0, -1.0002604, -1.0, 0.0, 0.0, -0.100013025, 0.0]
899402271271200|5888|-0.5,-3.940663268332713,-20.5|[-2.0, -2.0, -2.0, 3.0, 3.0, 3.0]|[1.0, 0.0, 0.0, 0.0, 0.0, 0.9855228, 0.16954261, 0.0, 0.0, -0.16954261, 0.9855228, 0.0, -0.5, -0.40798998, -20.971329, 1.0]|[0.7857328, 0.0, 0.0, 0.0, 0.0, 1.2571725, 0.0, 0.0, 0.0, 0.0, -1.0002604, -1.0, 0.0, 0.0, -0.100013025, 0.0]
899402385877700|5888|-0.5,-3.940663268332713,-20.5|[-2.0, -2.0, -2.0, 3.0, 3.0, 3.0]|[1.0, 0.0, 0.0, 0.0, 0.0, 0.9855228, 0.16954261, 0.0, 0.0, -0.16954261, 0.9855228, 0.0, -0.5, -0.40798998, -20.971329, 1.0]|[0.7857328, 0.0, 0.0, 0.0, 0.0, 1.2571725, 0.0, 0.0, 0.0, 0.0, -1.0002604, -1.0, 0.0, 0.0, -0.100013025, 0.0]
899402486286900|5888|-0.5,-3.940663268332713,-20.5|[-2.0, -2.0, -2.0, 3.0, 3.0, 3.0]|[1.0, 0.0, 0.0, 0.0, 0.0, 0.9855228, 0.16954261, 0.0, 0.0, -0.16954261, 0.9855228, 0.0, -0.5, -0.40798998, -20.971329, 1.0]|[0.7857328, 0.0, 0.0, 0.0, 0.0, 1.2571725, 0.0, 0.0, 0.0, 0.0, -1.0002604, -1.0, 0.0, 0.0, -0.100013025, 0.0]
899402603089500|5888|-0.5,-3.940663268332713,-20.5|[-2.0, -2.0, -2.0, 3.0, 3.0, 3.0]|[1.0, 0.0, 0.0, 0.0, 0.0, 0.9855228, 0.16954261, 0.0, 0.0, -0.16954261, 0.9855228, 0.0, -0.5, -0.40798998, -20.971329, 1.0]|[0.7857328, 0.0, 0.0, 0.0, 0.0, 1.2571725, 0.0, 0.0, 0.0, 0.0, -1.0002604, -1.0, 0.0, 0.0, -0.100013025, 0.0]
899402703371900|5888|-0.5,-3.940663268332713,-20.5|[-2.0, -2.0, -2.0, 3.0, 3.0, 3.0]|[1.0, 0.0, 0.0, 0.0, 0.0, 0.9855228, 0.16954261, 0.0, 0.0, -0.16954261, 0.9855228, 0.0, -0.5, -0.40798998, -20.971329, 1.0]|[0.7857328, 0.0, 0.0, 0.0, 0.0, 1.2571725, 0.0, 0.0, 0.0, 0.0, -1.0002604, -1.0, 0.0, 0.0, -0.100013025, 0.0]
899402820246700|5888|-0.5,-3.940663268332713,-20.5|[-2.0, -2.0, -2.0, 3.0, 3.0, 3.0]|[1.0, 0.0, 0.0, 0.0, 0.0, 0.9855228, 0.16954261, 0.0, 0.0, -0.16954261, 0.9855228, 0.0, -0.5, -0.40798998, -20.971329, 1.0]|[0.7857328, 0.0, 0.0, 0.0, 0.0, 1.2571725, 0.0, 0.0, 0.0, 0.0, -1.0002604, -1.0, 0.0, 0.0, -0.100013025, 0.0]
899402920894500|5888|-0.5,-3.940663268332713,-20.5|[-2.0, -2.0, -2.0, 3.0, 3.0, 3.0]|[1.0, 0.0, 0.0, 0.0, 0.0, 0.9855228, 0.16954261, 0.0, 0.0, -0.16954261, 0.9855228, 0.0, -0.5, -0.40798998, -20.971329, 1.0]|[0.7857328, 0.0, 0.0, 0.0, 0.0, 1.2571725, 0.0, 0.0, 0.0, 0.0, -1.0002604, -1.0, 0.0, 0.0, -0.100013025, 0.0]
899403036090900|5888|-0.5,-3.940663268332713,-20.5|[-2.0, -2.0, -2.0, 3.0, 3.0, 3.0]|[1.0, 0.0, 0.0, 0.0, 0.0, 0.9855228, 0.16954261, 0.0, 0.0, -0.16954261, 0.9855228, 0.0, -0.5, -0.40798998, -20.971329, 1.0]|[0.7857328, 0.0, 0.0, 0.0, 0.0, 1.2571725, 0.0, 0.0, 0.0, 0.0, -1.0002604, -1.0, 0.0, 0.0, -0.100013025, 0.0]
899403136514800|5888|-0.5,-3.940663268332713,-20.5|[-2.0, -2.0, -2.0, 3.0, 3.0, 3.0]|[1.0, 0.0, 0.0, 0.0, 0.0, 0.9855228, 0.16954261, 0.0, 0.0, -0.16954261, 0.9855228, 0.0, -0.5, -0.40798998, -20.971329, 1.0]|[0.7857328, 0.0, 0.0, 0.0, 0.0, 1.2571725, 0.0, 0.0, 0.0, 0.0, -1.0002604, -1.0, 0.0, 0.0, -0.100013025, 0.0]
899403236754700|5888|-0.5,-3.940663268332713,-20.5|[-2.0, -2.0, -2.0, 3.0, 3.0, 3.0]|[1.0, 0.0, 0.0, 0.0, 0.0, 0.9855228, 0.16954261, 0.0, 0.0, -0.16954261, 0.9855228, 0.0, -0.5, -0.40798998, -20.971329, 1.0]|[0.7857328, 0.0, 0.0, 0.0, 0.0, 1.2571725, 0.0, 0.0, 0.0, 0.0, -1.0002604, -1.0, 0.0, 0.0, -0.100013025, 0.0]
899403353143600|5888|-0.5,-3.940663268332713,-20.5|[-2.0, -2.0, -2.0, 3.0, 3.0, 3.0]|[1.0, 0.0, 0.0, 0.0, 0.0, 0.9855228, 0.16954261, 0.0, 0.0, -0.16954261, 0.9855228, 0.0, -0.5, -0.40798998, -20.971329, 1.0]|[0.7857328, 0.0, 0.0, 0.0, 0.0, 1.2571725, 0.0, 0.0, 0.0, 0.0, -1.0002604, -1.0, 0.0, 0.0, -0.100013025, 0.0]
899403453191700|5888|-0.5,-3.940663268332713,-20.5|[-2.0, -2.0, -2.0, 3.0, 3.0, 3.0]|[1.0, 0.0, 0.0, 0.0, 0.0, 0.9855228, 0.16954261, 0.0, 0.0, -0.16954261, 0.9855228, 0.0, -0.5, -0.40798998, -20.971329, 1.0]|[0.7857328, 0.0, 0.0, 0.0, 0.0, 1.2571725, 0.0, 0.0, 0.0, 0.0, -1.0002604, -1.0, 0.0, 0.0, -0.100013025, 0.0]
899403570779400|5888|-0.5,-3.940663268332713,-20.5|[-2.0, -2.0, -2.0, 3.0, 3.0, 3.0]|[1.0, 0.0, 0.0, 0.0, 0.0, 0.9855228, 0.16954261, 0.0, 0.0, -0.16954261, 0.9855228, 0.0, -0.5, -0.40798998, -20.971329, 1.0]|[0.7857328, 0.0, 0.0, 0.0, 0.0, 1.2571725, 0.0, 0.0, 0.0, 0.0, -1.0002604, -1.0, 0.0, 0.0, -0.100013025, 0.0]
899403686539800|5888|-0.5,-3.940663268332713,-20.5|[-2.0, -2.0, -2.0, 3.0, 3.0, 3.0]|[1.0, 0.0, 0.0, 0.0, 0.0, 0.9855228, 0.16954261, 0.0, 0.0, -0.16954261, 0.9855228, 0.0, -0.5, -0.40798998, -20.971329, 1.0]|[0.7857328, 0.0, 0.0, 0.0, 0.0, 1.2571725, 0.0, 0.0, 0.0, 0.0, -1.0002604, -1.0, 0.0, 0.0, -0.100013025, 0.0]
899403802864600|5888|-0.5,-3.940663268332713,-20.5|[-2.0, -2.0, -2.0, 3.0, 3.0, 3.0]|[1.0, 0.0, 0.0, 0.0, 0.0, 0.9855228, 0.16954261, 0.0, 0.0, -0.16954261, 0.9855228, 0.0, -0.5, -0.40798998, -20.971329, 1.0]|[0.7857328, 0.0, 0.0, 0.0, 0.0, 1.2571725, 0.0, 0.0, 0.0, 0.0, -1.0002604, -1.0, 0.0, 0.0, -0.100013025, 0.0]
899403903237400|5888|-0.5,-3.940663268332713,-20.5|[-2.0, -2.0, -2.0, 3.0, 3.0, 3.0]|[1.0, 0.0, 0.0, 0.0, 0.0, 0.9855228, 0.16954261, 0.0, 0.0, -0.16954261, 0.9855228, 0.0, -0.5, -0.40798998, -20.971329, 1.0]|[0.7857328, 0.0, 0.0, 0.0, 0.0, 1.2571725, 0.0, 0.0, 0.0, 0.0, -1.0002604, -1.0, 0.0, 0.0, -0.100013025, 0.0]
899404020392600|5888|-0.5,-3.940663268332713,-20.5|[-2.0, -2.0, -2.0, 3.0, 3.0, 3.0]|[1.0, 0.0, 0.0, 0.0, 0.0, 0.9855228, 0.16954261, 0.0, 0.0, -0.16954261, 0.9855228, 0.0, -0.5, -0.40798998, -20.971329, 1.0]|[0.7857328, 0.0, 0.0, 0.0, 0.0, 1.2571725, 0.0, 0.0, 0.0, 0.0, -1.0002604, -1.0, 0.0, 0.0, -0.100013025, 0.0]
899404120426300|5888|-0.5,-3.940663268332713,-20.5|[-2.0, -2.0, -2.0, 3.0, 3.0, 3.0]|[1.0, 0.0, 0.0, 0.0, 0.0, 0.9855228, 0.16954261, 0.0, 0.0, -0.16954261, 0.9855228, 0.0, -0.5, -0.40798998, -20.971329, 1.0]|[0.7857328, 0.0, 0.0, 0.0, 0.0, 1.2571725, 0.0, 0.0, 0.0, 0.0, -1.0002604, -1.0, 0.0, 0.0, -0.100013025, 0.0]
899404236569000|5888|-0.5,-3.940663268332713,-20.5|[-2.0, -2.0, -2.0, 3.0, 3.0, 3.0]|[1.0, 0.0, 0.0, 0.0, 0.0, 0.9855228, 0.16954261, 0.0, 0.0, -0.16954261, 0.9855228, 0.0, -0.5, -0.40798998, -20.971329, 1.0]|[0.7857328, 0.0, 0.0, 0.0, 0.0, 1.2571725, 0.0, 0.0, 0.0, 0.0, -1.0002604, -1.0, 0.0, 0.0, -0.100013025, 0.0]
899404353065800|5888|-0.5,-3.940663268332713,-20.5|[-2.0, -2.0, -2.0, 3.0, 3.0, 3.0]|[1.0, 0.0, 0.0, 0.0, 0.0, 0.9855228, 0.16954261, 0.0, 0.0, -0.16954261, 0.9855228, 0.0, -0.5, -0.40798998, -20.971329, 1.0]|[0.7857328, 0.0, 0.0, 0.0, 0.0, 1.2571725, 0.0, 0.0, 0.0, 0.0, -1.0002604, -1.0, 0.0, 0.0, -0.100013025, 0.0]
899404469863300|5888|-0.5,-3.940663268332713,-20.5|[-2.0, -2.0, -2.0, 3.0, 3.0, 3.0]|[1.0, 0.0, 0.0, 0.0, 0.0, 0.9855228, 0.16954261, 0.0, 0.0, -0.16954261, 0.9855228, 0.0, -0.5, -0.40798998, -20.971329, 1.0]|[0.7857328, 0.0, 0.0, 0.0, 0.0, 1.2571725, 0.0, 0.0, 0.0, 0.0, -1.0002604, -1.0, 0.0, 0.0, -0.100013025, 0.0]
899404570451700|5888|-0.5,-3.940663268332713,-20.5|[-2.0, -2.0, -2.0, 3.0, 3.0, 3.0]|[1.0, 0.0, 0.0, 0.0, 0.0, 0.9855228, 0.16954261, 0.0, 0.0, -0.16954261, 0.9855228, 0.0, -0.5, -0.40798998, -20.971329, 1.0]|[0.7857328, 0.0, 0.0, 0.0, 0.0, 1.2571725, 0.0, 0.0, 0.0, 0.0, -1.0002604, -1.0, 0.0, 0.0, -0.100013025, 0.0]
899404685637000|5888|-0.5,-3.940663268332713,-20.5|[-2.0, -2.0, -2.0, 3.0, 3.0, 3.0]|[1.0, 0.0, 0.0, 0.0, 0.0, 0.9855228, 0.16954261, 0.0, 0.0, -0.16954261, 0.9855228, 0.0, -0.5, -0.40798998, -20.971329, 1.0]|[0.7857328, 0.0, 0.0, 0.0, 0.0, 1.2571725, 0.0, 0.0, 0.0, 0.0, -1.0002604, -1.0, 0.0, 0.0, -0.100013025, 0.0]
899404785885000|5888|-0.5,-3.940663268332713,-20.5|[-2.0, -2.0, -2.0, 3.0, 3.0, 3.0]|[1.0, 0.0, 0.0, 0.0, 0.0, 0.9855228, 0.16954261, 0.0, 0.0, -0.16954261, 0.9855228, 0.0, -0.5, -0.40798998, -20.971329, 1.0]|[0.7857328, 0.0, 0.0, 0.0, 0.0, 1.2571725, 0.0, 0.0, 0.0, 0.0, -1.0002604, -1.0, 0.0, 0.0, -0.100013025, 0.0]
899404902365700|5888|-0.5,-3.940663268332713,-20.5|[-2.0, -2.0, -2.0, 3.0, 3.0, 3.0]|[1.0, 0.0, 0.0, 0.0, 0.0, 0.9855228, 0.16954261, 0.0, 0.0, -0.16954261, 0.9855228, 0.0, -0.5, -0.40798998, -20.971329, 1.0]|[0.7857328, 0.0, 0.0, 0.0, 0.0, 1.2571725, 0.0, 0.0, 0.0, 0.0, -1.0002604, -1.0, 0.0, 0.0, -0.100013025, 0.0]
899405002547200|5888|-0.5,-3.940663268332713,-20.5|[-2.0, -2.0, -2.0, 3.0, 3.0, 3.0]|[1.0, 0.0, 0.0, 0.0, 0.0, 0.9855228, 0.16954261, 0.0, 0.0, -0.16954261, 0.9855228, 0.0, -0.5, -0.40798998, -20.971329, 1.0]|[0.7857328, 0.0, 0.0, 0.0, 0.0, 1.2571725, 0.0, 0.0, 0.0, 0.0, -1.0002604, -1.0, 0.0, 0.0, -0.100013025, 0.0]
899405102855900|5888|-0.5,-3.940663268332713,-20.5|[-2.0, -2.0, -2.0, 3.0, 3.0, 3.0]|[1.0, 0.0, 0.0, 0.0, 0.0, 0.9855228, 0.16954261, 0.0, 0.0, -0.16954261, 0.9855228, 0.0, -0.5, -0.40798998, -20.971329, 1.0]|[0.7857328, 0.0, 0.0, 0.0, 0.0, 1.2571725, 0.0, 0.0, 0.0, 0.0, -1.0002604, -1.0, 0.0, 0.0, -0.100013025, 0.0]
899405219814400|5888|-0.5,-3.940663268332713,-20.5|[-2.0, -2.0, -2.0, 3.0, 3.0, 3.0]|[1.0, 0.0, 0.0, 0.0, 0.0, 0.9855228, 0.16954261, 0.0, 0.0, -0.16954261, 0.9855228, 0.0, -0.5, -0.40798998, -20.971329, 1.0]|[0.7857328, 0.0, 0.0, 0.0, 0.0, 1.2571725, 0.0, 0.0, 0.0, 0.0, -1.0002604, -1.0, 0.0, 0.0, -0.100013025, 0.0]
899405335831500|5888|-0.5,-3.940663268332713,-20.5|[-2.0, -2.0, -2.0, 3.0, 3.0, 3.0]|[1.0, 0.0, 0.0, 0.0, 0.0, 0.9855228, 0.16954261, 0.0, 0.0, -0.16954261, 0.9855228, 0.0, -0.5, -0.40798998, -20.971329, 1.0]|[0.7857328, 0.0, 0.0, 0.0, 0.0, 1.2571725, 0.0, 0.0, 0.0, 0.0, -1.0002604, -1.0, 0.0, 0.0, -0.100013025, 0.0]
899405435963600|5888|-0.5,-3.940663268332713,-20.5|[-2.0, -2.0, -2.0, 3.0, 3.0, 3.0]|[1.0, 0.0, 0.0, 0.0, 0.0, 0.9855228, 0.16954261, 0.0, 0.0, -0.16954261, 0.9855228, 0.0, -0.5, -0.40798998, -20.971329, 1.0]|[0.7857328, 0.0, 0.0, 0.0, 0.0, 1.2571725, 0.0, 0.0, 0.0, 0.0, -1.0002604, -1.0, 0.0, 0.0, -0.100013025, 0.0]
899405535989000|5888|-0.5,-3.940663268332713,-20.5|[-2.0, -2.0, -2.0, 3.0, 3.0, 3.0]|[1.0, 0.0, 0.0, 0.0, 0.0, 0.9855228, 0.16954261, 0.0, 0.0, -0.16954261, 0.9855228, 0.0, -0.5, -0.40798998, -20.971329, 1.0]|[0.7857328, 0.0, 0.0, 0.0, 0.0, 1.2571725, 0.0, 0.0, 0.0, 0.0, -1.0002604, -1.0, 0.0, 0.0, -0.100013025, 0.0]
899405636196300|5888|-0.5,-3.940663268332713,-20.5|[-2.0, -2.0, -2.0, 3.0, 3.0, 3.0]|[1.0, 0.0, 0.0, 0.0, 0.0, 0.9855228, 0.16954261, 0.0, 0.0, -0.16954261, 0.9855228, 0.0, -0.5, -0.40798998, -20.971329, 1.0]|[0.7857328, 0.0, 0.0, 0.0, 0.0, 1.2571725, 0.0, 0.0, 0.0, 0.0, -1.0002604, -1.0, 0.0, 0.0, -0.100013025, 0.0]
899405752809800|5888|-0.5,-3.940663268332713,-20.5|[-2.0, -2.0, -2.0, 3.0, 3.0, 3.0]|[1.0, 0.0, 0.0, 0.0, 0.0, 0.9855228, 0.16954261, 0.0, 0.0, -0.16954261, 0.9855228, 0.0, -0.5, -0.40798998, -20.971329, 1.0]|[0.7857328, 0.0, 0.0, 0.0, 0.0, 1.2571725, 0.0, 0.0, 0.0, 0.0, -1.0002604, -1.0, 0.0, 0.0, -0.100013025, 0.0]
899405869731400|5888|-0.5,-3.940663268332713,-20.5|[-2.0, -2.0, -2.0, 3.0, 3.0, 3.0]|[1.0, 0.0, 0.0, 0.0, 0.0, 0.9855228, 0.16954261, 0.0, 0.0, -0.16954261, 0.9855228, 0.0, -0.5, -0.40798998, -20.971329, 1.0]|[0.7857328, 0.0, 0.0, 0.0, 0.0, 1.2571725, 0.0, 0.0, 0.0, 0.0, -1.0002604, -1.0, 0.0, 0.0, -0.100013025, 0.0]
899405970146800|5888|-0.5,-3.940663268332713,-20.5|[-2.0, -2.0, -2.0, 3.0, 3.0, 3.0]|[1.0, 0.0, 0.0, 0.0, 0.0, 0.9855228, 0.16954261, 0.0, 0.0, -0.16954261, 0.9855228, 0.0, -0.5, -0.40798998, -20.971329, 1.0]|[0.7857328, 0.0, 0.0, 0.0, 0.0, 1.2571725, 0.0, 0.0, 0.0, 0.0, -1.0002604, -1.0, 0.0, 0.0, -0.100013025, 0.0]
899406070212700|5888|-0.5,-3.940663268332713,-20.5|[-2.0, -2.0, -2.0, 3.0, 3.0, 3.0]|[1.0, 0.0, 0.0, 0.0, 0.0, 0.9855228, 0.16954261, 0.0, 0.0, -0.16954261, 0.9855228, 0.0, -0.5, -0.40798998, -20.971329, 1.0]|[0.7857328, 0.0, 0.0, 0.0, 0.0, 1.2571725, 0.0, 0.0, 0.0, 0.0, -1.0002604, -1.0, 0.0, 0.0, -0.100013025, 0.0]
899406185646500|5888|-0.5,-3.940663268332713,-20.5|[-2.0, -2.0, -2.0, 3.0, 3.0, 3.0]|[1.0, 0.0, 0.0, 0.0, 0.0, 0.9855228, 0.16954261, 0.0, 0.0, -0.16954261, 0.9855228, 0.0, -0.5, -0.40798998, -20.971329, 1.0]|[0.7857328, 0.0, 0.0, 0.0, 0.0, 1.2571725, 0.0, 0.0, 0.0, 0.0, -1.0002604, -1.0, 0.0, 0.0, -0.100013025, 0.0]
899406285776400|5888|-0.5,-3.940663268332713,-20.5|[-2.0, -2.0, -2.0, 3.0, 3.0, 3.0]|[1.0, 0.0, 0.0, 0.0, 0.0, 0.9855228, 0.16954261, 0.0, 0.0, -0.16954261, 0.9855228, 0.0, -0.5, -0.40798998, -20.971329, 1.0]|[0.7857328, 0.0, 0.0, 0.0, 0.0, 1.2571725, 0.0, 0.0, 0.0, 0.0, -1.0002604, -1.0, 0.0, 0.0, -0.100013025, 0.0]
899406386705500|5888|-0.5,-3.940663268332713,-20.5|[-2.0, -2.0, -2.0, 3.0, 3.0, 3.0]|[1.0, 0.0, 0.0, 0.0, 0.0, 0.9855228, 0.16954261, 0.0, 0.0, -0.16954261, 0.9855228, 0.0, -0.5, -0.40798998, -20.971329, 1.0]|[0.7857328, 0.0, 0.0, 0.0, 0.0, 1.2571725, 0.0, 0.0, 0.0, 0.0, -1.0002604, -1.0, 0.0, 0.0, -0.100013025, 0.0]
899406502260800|5888|-0.5,-3.940663268332713,-20.5|[-2.0, -2.0, -2.0, 3.0, 3.0, 3.0]|[1.0, 0.0, 0.0, 0.0, 0.0, 0.9855228, 0.16954261, 0.0, 0.0, -0.16954261, 0.9855228, 0.0, -0.5, -0.40798998, -20.971329, 1.0]|[0.7857328, 0.0, 0.0, 0.0, 0.0, 1.2571725, 0.0, 0.0, 0.0, 0.0, -1.0002604, -1.0, 0.0, 0.0, -0.100013025, 0.0]
899406602495500|5888|-0.5,-3.940663268332713,-20.5|[-2.0, -2.0, -2.0, 3.0, 3.0, 3.0]|[1.0, 0.0, 0.0, 0.0, 0.0, 0.9855228, 0.16954261, 0.0, 0.0, -0.16954261, 0.9855228, 0.0, -0.5, -0.40798998, -20.971329, 1.0]|[0.7857328, 0.0, 0.0, 0.0, 0.0, 1.2571725, 0.0, 0.0, 0.0, 0.0, -1.0002604, -1.0, 0.0, 0.0, -0.100013025, 0.0]
899406719945700|5888|-0.5,-3.940663268332713,-20.5|[-2.0, -2.0, -2.0, 3.0, 3.0, 3.0]|[1.0, 0.0, 0.0, 0.0, 0.0, 0.9855228, 0.16954261, 0.0, 0.0, -0.16954261, 0.9855228, 0.0, -0.5, -0.40798998, -20.971329, 1.0]|[0.7857328, 0.0, 0.0, 0.0, 0.0, 1.2571725, 0.0, 0.0, 0.0, 0.0, -1.0002604, -1.0, 0.0, 0.0, -0.100013025, 0.0]
899406820029600|5888|-0.5,-3.940663268332713,-20.5|[-2.0, -2.0, -2.0, 3.0, 3.0, 3.0]|[1.0, 0.0, 0.0, 0.0, 0.0, 0.9855228, 0.16954261, 0.0, 0.0, -0.16954261, 0.9855228, 0.0, -0.5, -0.40798998, -20.971329, 1.0]|[0.7857328, 0.0, 0.0, 0.0, 0.0, 1.2571725, 0.0, 0.0, 0.0, 0.0, -1.0002604, -1.0, 0.0, 0.0, -0.100013025, 0.0]
899406935579000|5888|-0.5,-3.940663268332713,-20.5|[-2.0, -2.0, -2.0, 3.0, 3.0, 3.0]|[1.0, 0.0, 0.0, 0.0, 0.0, 0.9855228, 0.16954261, 0.0, 0.0, -0.16954261, 0.9855228, 0.0, -0.5, -0.40798998, -20.971329, 1.0]|[0.7857328, 0.0, 0.0, 0.0, 0.0, 1.2571725, 0.0, 0.0, 0.0, 0.0, -1.0002604, -1.0, 0.0, 0.0, -0.100013025, 0.0]
899407035747800|5888|-0.5,-3.940663268332713,-20.5|[-2.0, -2.0, -2.0, 3.0, 3.0, 3.0]|[1.0, 0.0, 0.0, 0.0, 0.0, 0.9855228, 0.16954261, 0.0, 0.0, -0.16954261, 0.9855228, 0.0, -0.5, -0.40798998, -20.971329, 1.0]|[0.7857328, 0.0, 0.0, 0.0, 0.0, 1.2571725, 0.0, 0.0, 0.0, 0.0, -1.0002604, -1.0, 0.0, 0.0, -0.100013025, 0.0]
899407136073700|5888|-0.5,-3.940663268332713,-20.5|[-2.0, -2.0, -2.0, 3.0, 3.0, 3.0]|[1.0, 0.0, 0.0, 0.0, 0.0, 0.9855228, 0.16954261, 0.0, 0.0, -0.16954261, 0.9855228, 0.0, -0.5, -0.40798998, -20.971329, 1.0]|[0.7857328, 0.0, 0.0, 0.0, 0.0, 1.2571725, 0.0, 0.0, 0.0, 0.0, -1.0002604, -1.0, 0.0, 0.0, -0.100013025, 0.0]
899407252586300|5888|-0.5,-3.940663268332713,-20.5|[-2.0, -2.0, -2.0, 3.0, 3.0, 3.0]|[1.0, 0.0, 0.0, 0.0, 0.0, 0.9855228, 0.16954261, 0.0, 0.0, -0.16954261, 0.9855228, 0.0, -0.5, -0.40798998, -20.971329, 1.0]|[0.7857328, 0.0, 0.0, 0.0, 0.0, 1.2571725, 0.0, 0.0, 0.0, 0.0, -1.0002604, -1.0, 0.0, 0.0, -0.100013025, 0.0]
899407353649200|5888|-0.5,-3.940663268332713,-20.5|[-2.0, -2.0, -2.0, 3.0, 3.0, 3.0]|[1.0, 0.0, 0.0, 0.0, 0.0, 0.9855228, 0.16954261, 0.0, 0.0, -0.16954261, 0.9855228, 0.0, -0.5, -0.40798998, -20.971329, 1.0]|[0.7857328, 0.0, 0.0, 0.0, 0.0, 1.2571725, 0.0, 0.0, 0.0, 0.0, -1.0002604, -1.0, 0.0, 0.0, -0.100013025, 0.0]
899407469670900|5888|-0.5,-3.940663268332713,-20.5|[-2.0, -2.0, -2.0, 3.0, 3.0, 3.0]|[1.0, 0.0, 0.0, 0.0, 0.0, 0.9855228, 0.16954261, 0.0, 0.0, -0.16954261, 0.9855228, 0.0, -0.5, -0.40798998, -20.971329, 1.0]|[0.7857328, 0.0, 0.0, 0.0, 0.0, 1.2571725, 0.0, 0.0, 0.0, 0.0, -1.0002604, -1.0, 0.0, 0.0, -0.100013025, 0.0]
899407569833700|5888|-0.5,-3.940663268332713,-20.5|[-2.0, -2.0, -2.0, 3.0, 3.0, 3.0]|[1.0, 0.0, 0.0, 0.0, 0.0, 0.9855228, 0.16954261, 0.0, 0.0, -0.16954261, 0.9855228, 0.0, -0.5, -0.40798998, -20.971329, 1.0]|[0.7857328, 0.0, 0.0, 0.0, 0.0, 1.2571725, 0.0, 0.0, 0.0, 0.0, -1.0002604, -1.0, 0.0, 0.0, -0.100013025, 0.0]
899407686126700|5888|-0.5,-3.940663268332713,-20.5|[-2.0, -2.0, -2.0, 3.0, 3.0, 3.0]|[1.0, 0.0, 0.0, 0.0, 0.0, 0.9855228, 0.16954261, 0.0, 0.0, -0.16954261, 0.9855228, 0.0, -0.5, -0.40798998, -20.971329, 1.0]|[0.7857328, 0.0, 0.0, 0.0, 0.0, 1.2571725, 0.0, 0.0, 0.0, 0.0, -1.0002604, -1.0, 0.0, 0.0, -0.100013025, 0.0]
899407802237500|5888|-0.5,-3.940663268332713,-20.5|[-2.0, -2.0, -2.0, 3.0, 3.0, 3.0]|[1.0, 0.0, 0.0, 0.0, 0.0, 0.9855228, 0.16954261, 0.0, 0.0, -0.16954261, 0.9855228, 0.0, -0.5, -0.40798998, -20.971329, 1.0]|[0.7857328, 0.0, 0.0, 0.0, 0.0, 1.2571725, 0.0, 0.0, 0.0, 0.0, -1.0002604, -1.0, 0.0, 0.0, -0.100013025, 0.0]
899407902681700|5888|-0.5,-3.940663268332713,-20.5|[-2.0, -2.0, -2.0, 3.0, 3.0, 3.0]|[1.0, 0.0, 0.0, 0.0, 0.0, 0.9855228, 0.16954261, 0.0, 0.0, -0.16954261, 0.9855228, 0.0, -0.5, -0.40798998, -20.971329, 1.0]|[0.7857328, 0.0, 0.0, 0.0, 0.0, 1.2571725, 0.0, 0.0, 0.0, 0.0, -1.0002604, -1.0, 0.0, 0.0, -0.100013025, 0.0]
899408002895300|5888|-0.5,-3.940663268332713,-20.5|[-2.0, -2.0, -2.0, 3.0, 3.0, 3.0]|[1.0, 0.0, 0.0, 0.0, 0.0, 0.9855228, 0.16954261, 0.0, 0.0, -0.16954261, 0.9855228, 0.0, -0.5, -0.40798998, -20.971329, 1.0]|[0.7857328, 0.0, 0.0, 0.0, 0.0, 1.2571725, 0.0, 0.0, 0.0, 0.0, -1.0002604, -1.0, 0.0, 0.0, -0.100013025, 0.0]
899408119735200|5888|-0.5,-3.940663268332713,-20.5|[-2.0, -2.0, -2.0, 3.0, 3.0, 3.0]|[1.0, 0.0, 0.0, 0.0, 0.0, 0.9855228, 0.16954261, 0.0, 0.0, -0.16954261, 0.9855228, 0.0, -0.5, -0.40798998, -20.971329, 1.0]|[0.7857328, 0.0, 0.0, 0.0, 0.0, 1.2571725, 0.0, 0.0, 0.0, 0.0, -1.0002604, -1.0, 0.0, 0.0, -0.100013025, 0.0]
899408220658600|5888|-0.5,-3.940663268332713,-20.5|[-2.0, -2.0, -2.0, 3.0, 3.0, 3.0]|[1.0, 0.0, 0.0, 0.0, 0.0, 0.9855228, 0.16954261, 0.0, 0.0, -0.16954261, 0.9855228, 0.0, -0.5, -0.40798998, -20.971329, 1.0]|[0.7857328, 0.0, 0.0, 0.0, 0.0, 1.2571725, 0.0, 0.0, 0.0, 0.0, -1.0002604, -1.0, 0.0, 0.0, -0.100013025, 0.0]
899408335584600|5888|-0.5,-3.940663268332713,-20.5|[-2.0, -2.0, -2.0, 3.0, 3.0, 3.0]|[1.0, 0.0, 0.0, 0.0, 0.0, 0.9855228, 0.16954261, 0.0, 0.0, -0.16954261, 0.9855228, 0.0, -0.5, -0.40798998, -20.971329, 1.0]|[0.7857328, 0.0, 0.0, 0.0, 0.0, 1.2571725, 0.0, 0.0, 0.0, 0.0, -1.0002604, -1.0, 0.0, 0.0, -0.100013025, 0.0]
899408435651600|5888|-0.5,-3.940663268332713,-20.5|[-2.0, -2.0, -2.0, 3.0, 3.0, 3.0]|[1.0, 0.0, 0.0, 0.0, 0.0, 0.9855228, 0.16954261, 0.0, 0.0, -0.16954261, 0.9855228, 0.0, -0.5, -0.40798998, -20.971329, 1.0]|[0.7857328, 0.0, 0.0, 0.0, 0.0, 1.2571725, 0.0, 0.0, 0.0, 0.0, -1.0002604, -1.0, 0.0, 0.0, -0.100013025, 0.0]
899408552467600|5888|-0.5,-3.940663268332713,-20.5|[-2.0, -2.0, -2.0, 3.0, 3.0, 3.0]|[1.0, 0.0, 0.0, 0.0, 0.0, 0.9855228, 0.16954261, 0.0, 0.0, -0.16954261, 0.9855228, 0.0, -0.5, -0.40798998, -20.971329, 1.0]|[0.7857328, 0.0, 0.0, 0.0, 0.0, 1.2571725, 0.0, 0.0, 0.0, 0.0, -1.0002604, -1.0, 0.0, 0.0, -0.100013025, 0.0]
899408670328400|5888|-0.5,-3.940663268332713,-20.5|[-2.0, -2.0, -2.0, 3.0, 3.0, 3.0]|[1.0, 0.0, 0.0, 0.0, 0.0, 0.9855228, 0.16954261, 0.0, 0.0, -0.16954261, 0.9855228, 0.0, -0.5, -0.40798998, -20.971329, 1.0]|[0.7857328, 0.0, 0.0, 0.0, 0.0, 1.2571725, 0.0, 0.0, 0.0, 0.0, -1.0002604, -1.0, 0.0, 0.0, -0.100013025, 0.0]
899408785377400|5888|-0.5,-3.940663268332713,-20.5|[-2.0, -2.0, -2.0, 3.0, 3.0, 3.0]|[1.0, 0.0, 0.0, 0.0, 0.0, 0.9855228, 0.16954261, 0.0, 0.0, -0.16954261, 0.9855228, 0.0, -0.5, -0.40798998, -20.971329, 1.0]|[0.7857328, 0.0, 0.0, 0.0, 0.0, 1.2571725, 0.0, 0.0, 0.0, 0.0, -1.0002604, -1.0, 0.0, 0.0, -0.100013025, 0.0]
899408886264300|5888|-0.5,-3.940663268332713,-20.5|[-2.0, -2.0, -2.0, 3.0, 3.0, 3.0]|[1.0, 0.0, 0.0, 0.0, 0.0, 0.9855228, 0.16954261, 0.0, 0.0, -0.16954261, 0.9855228, 0.0, -0.5, -0.40798998, -20.971329, 1.0]|[0.7857328, 0.0, 0.0, 0.0, 0.0, 1.2571725, 0.0, 0.0, 0.0, 0.0, -1.0002604, -1.0, 0.0, 0.0, -0.100013025, 0.0]
899409002161100|5888|-0.5,-3.940663268332713,-20.5|[-2.0, -2.0, -2.0, 3.0, 3.0, 3.0]|[1.0, 0.0, 0.0, 0.0, 0.0, 0.9855228, 0.16954261, 0.0, 0.0, -0.16954261, 0.9855228, 0.0, -0.5, -0.40798998, -20.971329, 1.0]|[0.7857328, 0.0, 0.0, 0.0, 0.0, 1.2571725, 0.0, 0.0, 0.0, 0.0, -1.0002604, -1.0, 0.0, 0.0, -0.100013025, 0.0]
899409102792800|5888|-0.5,-3.940663268332713,-20.5|[-2.0, -2.0, -2.0, 3.0, 3.0, 3.0]|[1.0, 0.0, 0.0, 0.0, 0.0, 0.9855228, 0.16954261, 0.0, 0.0, -0.16954261, 0.9855228, 0.0, -0.5, -0.40798998, -20.971329, 1.0]|[0.7857328, 0.0, 0.0, 0.0, 0.0, 1.2571725, 0.0, 0.0, 0.0, 0.0, -1.0002604, -1.0, 0.0, 0.0, -0.100013025, 0.0]
899409219809400|5888|-0.5,-3.940663268332713,-20.5|[-2.0, -2.0, -2.0, 3.0, 3.0, 3.0]|[1.0, 0.0, 0.0, 0.0, 0.0, 0.9855228, 0.16954261, 0.0, 0.0, -0.16954261, 0.9855228, 0.0, -0.5, -0.40798998, -20.971329, 1.0]|[0.7857328, 0.0, 0.0, 0.0, 0.0, 1.2571725, 0.0, 0.0, 0.0, 0.0, -1.0002604, -1.0, 0.0, 0.0, -0.100013025, 0.0]
899409319823500|5888|-0.5,-3.940663268332713,-20.5|[-2.0, -2.0, -2.0, 3.0, 3.0, 3.0]|[1.0, 0.0, 0.0, 0.0, 0.0, 0.9855228, 0.16954261, 0.0, 0.0, -0.16954261, 0.9855228, 0.0, -0.5, -0.40798998, -20.971329, 1.0]|[0.7857328, 0.0, 0.0, 0.0, 0.0, 1.2571725, 0.0, 0.0, 0.0, 0.0, -1.0002604, -1.0, 0.0, 0.0, -0.100013025, 0.0]
899409424148600|5888|-0.5,-3.940663268332713,-20.5|[-2.0, -2.0, -2.0, 3.0, 3.0, 3.0]|[1.0, 0.0, 0.0, 0.0, 0.0, 0.9855228, 0.16954261, 0.0, 0.0, -0.16954261, 0.9855228, 0.0, -0.5, -0.40798998, -20.971329, 1.0]|[0.7857328, 0.0, 0.0, 0.0, 0.0, 1.2571725, 0.0, 0.0, 0.0, 0.0, -1.0002604, -1.0, 0.0, 0.0, -0.100013025, 0.0]
899409535480900|5888|-0.5,-3.940663268332713,-20.5|[-2.0, -2.0, -2.0, 3.0, 3.0, 3.0]|[1.0, 0.0, 0.0, 0.0, 0.0, 0.9855228, 0.16954261, 0.0, 0.0, -0.16954261, 0.9855228, 0.0, -0.5, -0.40798998, -20.971329, 1.0]|[0.7857328, 0.0, 0.0, 0.0, 0.0, 1.2571725, 0.0, 0.0, 0.0, 0.0, -1.0002604, -1.0, 0.0, 0.0, -0.100013025, 0.0]
899409635640400|5888|-0.5,-3.940663268332713,-20.5|[-2.0, -2.0, -2.0, 3.0, 3.0, 3.0]|[1.0, 0.0, 0.0, 0.0, 0.0, 0.9855228, 0.16954261, 0.0, 0.0, -0.16954261, 0.9855228, 0.0, -0.5, -0.40798998, -20.971329, 1.0]|[0.7857328, 0.0, 0.0, 0.0, 0.0, 1.2571725, 0.0, 0.0, 0.0, 0.0, -1.0002604, -1.0, 0.0, 0.0, -0.100013025, 0.0]
899409735949700|5888|-0.5,-3.940663268332713,-20.5|[-2.0, -2.0, -2.0, 3.0, 3.0, 3.0]|[1.0, 0.0, 0.0, 0.0, 0.0, 0.9855228, 0.16954261, 0.0, 0.0, -0.16954261, 0.9855228, 0.0, -0.5, -0.40798998, -20.971329, 1.0]|[0.7857328, 0.0, 0.0, 0.0, 0.0, 1.2571725, 0.0, 0.0, 0.0, 0.0, -1.0002604, -1.0, 0.0, 0.0, -0.100013025, 0.0]
899409852251400|5888|-0.5,-3.940663268332713,-20.5|[-2.0, -2.0, -2.0, 3.0, 3.0, 3.0]|[1.0, 0.0, 0.0, 0.0, 0.0, 0.9855228, 0.16954261, 0.0, 0.0, -0.16954261, 0.9855228, 0.0, -0.5, -0.40798998, -20.971329, 1.0]|[0.7857328, 0.0, 0.0, 0.0, 0.0, 1.2571725, 0.0, 0.0, 0.0, 0.0, -1.0002604, -1.0, 0.0, 0.0, -0.100013025, 0.0]
899409953173200|5888|-0.5,-3.940663268332713,-20.5|[-2.0, -2.0, -2.0, 3.0, 3.0, 3.0]|[1.0, 0.0, 0.0, 0.0, 0.0, 0.9855228, 0.16954261, 0.0, 0.0, -0.16954261, 0.9855228, 0.0, -0.5, -0.40798998, -20.971329, 1.0]|[0.7857328, 0.0, 0.0, 0.0, 0.0, 1.2571725, 0.0, 0.0, 0.0, 0.0, -1.0002604, -1.0, 0.0, 0.0, -0.100013025, 0.0]
899410069658600|5888|-0.5,-3.940663268332713,-20.5|[-2.0, -2.0, -2.0, 3.0, 3.0, 3.0]|[1.0, 0.0, 0.0, 0.0, 0.0, 0.9855228, 0.16954261, 0.0, 0.0, -0.16954261, 0.9855228, 0.0, -0.5, -0.40798998, -20.971329, 1.0]|[0.7857328, 0.0, 0.0, 0.0, 0.0, 1.2571725, 0.0, 0.0, 0.0, 0.0, -1.0002604, -1.0, 0.0, 0.0, -0.100013025, 0.0]
899410170230100|5888|-0.5,-3.940663268332713,-20.5|[-2.0, -2.0, -2.0, 3.0, 3.0, 3.0]|[1.0, 0.0, 0.0, 0.0, 0.0, 0.9855228, 0.16954261, 0.0, 0.0, -0.16954261, 0.9855228, 0.0, -0.5, -0.40798998, -20.971329, 1.0]|[0.7857328, 0.0, 0.0, 0.0, 0.0, 1.2571725, 0.0, 0.0, 0.0, 0.0, -1.0002604, -1.0, 0.0, 0.0, -0.100013025, 0.0]
899410285777900|5888|-0.5,-3.940663268332713,-20.5|[-2.0, -2.0, -2.0, 3.0, 3.0, 3.0]|[1.0, 0.0, 0.0, 0.0, 0.0, 0.9855228, 0.16954261, 0.0, 0.0, -0.16954261, 0.9855228, 0.0, -0.5, -0.40798998, -20.971329, 1.0]|[0.7857328, 0.0, 0.0, 0.0, 0.0, 1.2571725, 0.0, 0.0, 0.0, 0.0, -1.0002604, -1.0, 0.0, 0.0, -0.100013025, 0.0]
899410402101400|5888|-0.5,-3.940663268332713,-20.5|[-2.0, -2.0, -2.0, 3.0, 3.0, 3.0]|[1.0, 0.0, 0.0, 0.0, 0.0, 0.9855228, 0.16954261, 0.0, 0.0, -0.16954261, 0.9855228, 0.0, -0.5, -0.40798998, -20.971329, 1.0]|[0.7857328, 0.0, 0.0, 0.0, 0.0, 1.2571725, 0.0, 0.0, 0.0, 0.0, -1.0002604, -1.0, 0.0, 0.0, -0.100013025, 0.0]
899410502223300|5888|-0.5,-3.940663268332713,-20.5|[-2.0, -2.0, -2.0, 3.0, 3.0, 3.0]|[1.0, 0.0, 0.0, 0.0, 0.0, 0.9855228, 0.16954261, 0.0, 0.0, -0.16954261, 0.9855228, 0.0, -0.5, -0.40798998, -20.971329, 1.0]|[0.7857328, 0.0, 0.0, 0.0, 0.0, 1.2571725, 0.0, 0.0, 0.0, 0.0, -1.0002604, -1.0, 0.0, 0.0, -0.100013025, 0.0]
899410619734300|5888|-0.5,-3.940663268332713,-20.5|[-2.0, -2.0, -2.0, 3.0, 3.0, 3.0]|[1.0, 0.0, 0.0, 0.0, 0.0, 0.9855228, 0.16954261, 0.0, 0.0, -0.16954261, 0.9855228, 0.0, -0.5, -0.40798998, -20.971329, 1.0]|[0.7857328, 0.0, 0.0, 0.0, 0.0, 1.2571725, 0.0, 0.0, 0.0, 0.0, -1.0002604, -1.0, 0.0, 0.0, -0.100013025, 0.0]
899410723570000|5888|-0.5,-3.940663268332713,-20.5|[-2.0, -2.0, -2.0, 3.0, 3.0, 3.0]|[1.0, 0.0, 0.0, 0.0, 0.0, 0.9855228, 0.16954261, 0.0, 0.0, -0.16954261, 0.9855228, 0.0, -0.5, -0.40798998, -20.971329, 1.0]|[0.7857328, 0.0, 0.0, 0.0, 0.0, 1.2571725, 0.0, 0.0, 0.0, 0.0, -1.0002604, -1.0, 0.0, 0.0, -0.100013025, 0.0]
899410835899200|5888|-0.5,-3.940663268332713,-20.5|[-2.0, -2.0, -2.0, 3.0, 3.0, 3.0]|[1.0, 0.0, 0.0, 0.0, 0.0, 0.9855228, 0.16954261, 0.0, 0.0, -0.16954261, 0.9855228, 0.0, -0.5, -0.40798998, -20.971329, 1.0]|[0.7857328, 0.0, 0.0, 0.0, 0.0, 1.2571725, 0.0, 0.0, 0.0, 0.0, -1.0002604, -1.0, 0.0, 0.0, -0.100013025, 0.0]
899410936003500|5888|-0.5,-3.940663268332713,-20.5|[-2.0, -2.0, -2.0, 3.0, 3.0, 3.0]|[1.0, 0.0, 0.0, 0.0, 0.0, 0.9855228, 0.16954261, 0.0, 0.0, -0.16954261, 0.9855228, 0.0, -0.5, -0.40798998, -20.971329, 1.0]|[0.7857328, 0.0, 0.0, 0.0, 0.0, 1.2571725, 0.0, 0.0, 0.0, 0.0, -1.0002604, -1.0, 0.0, 0.0, -0.100013025, 0.0]
899411052065500|5888|-0.5,-3.940663268332713,-20.5|[-2.0, -2.0, -2.0, 3.0, 3.0, 3.0]|[1.0, 0.0, 0.0, 0.0, 0.0, 0.9855228, 0.16954261, 0.0, 0.0, -0.16954261, 0.9855228, 0.0, -0.5, -0.40798998, -20.971329, 1.0]|[0.7857328, 0.0, 0.0, 0.0, 0.0, 1.2571725, 0.0, 0.0, 0.0, 0.0, -1.0002604, -1.0, 0.0, 0.0, -0.100013025, 0.0]
899411153329100|5888|-0.5,-3.940663268332713,-20.5|[-2.0, -2.0, -2.0, 3.0, 3.0, 3.0]|[1.0, 0.0, 0.0, 0.0, 0.0, 0.9855228, 0.16954261, 0.0, 0.0, -0.16954261, 0.9855228, 0.0, -0.5, -0.40798998, -20.971329, 1.0]|[0.7857328, 0.0, 0.0, 0.0, 0.0, 1.2571725, 0.0, 0.0, 0.0, 0.0, -1.0002604, -1.0, 0.0, 0.0, -0.100013025, 0.0]
899411269474900|5888|-0.5,-3.940663268332713,-20.5|[-2.0, -2.0, -2.0, 3.0, 3.0, 3.0]|[1.0, 0.0, 0.0, 0.0, 0.0, 0.9855228, 0.16954261, 0.0, 0.0, -0.16954261, 0.9855228, 0.0, -0.5, -0.40798998, -20.971329, 1.0]|[0.7857328, 0.0, 0.0, 0.0, 0.0, 1.2571725, 0.0, 0.0, 0.0, 0.0, -1.0002604, -1.0, 0.0, 0.0, -0.100013025, 0.0]
899411369704100|5888|-0.5,-3.940663268332713,-20.5|[-2.0, -2.0, -2.0, 3.0, 3.0, 3.0]|[1.0, 0.0, 0.0, 0.0, 0.0, 0.9855228, 0.16954261, 0.0, 0.0, -0.16954261, 0.9855228, 0.0, -0.5, -0.40798998, -20.971329, 1.0]|[0.7857328, 0.0, 0.0, 0.0, 0.0, 1.2571725, 0.0, 0.0, 0.0, 0.0, -1.0002604, -1.0, 0.0, 0.0, -0.100013025, 0.0]
899411469741100|5888|-0.5,-3.940663268332713,-20.5|[-2.0, -2.0, -2.0, 3.0, 3.0, 3.0]|[1.0, 0.0, 0.0, 0.0, 0.0, 0.9855228, 0.16954261, 0.0, 0.0, -0.16954261, 0.9855228, 0.0, -0.5, -0.40798998, -20.971329, 1.0]|[0.7857328, 0.0, 0.0, 0.0, 0.0, 1.2571725, 0.0, 0.0, 0.0, 0.0, -1.0002604, -1.0, 0.0, 0.0, -0.100013025, 0.0]
899411570463200|5888|-0.5,-3.940663268332713,-20.5|[-2.0, -2.0, -2.0, 3.0, 3.0, 3.0]|[1.0, 0.0, 0.0, 0.0, 0.0, 0.9855228, 0.16954261, 0.0, 0.0, -0.16954261, 0.9855228, 0.0, -0.5, -0.40798998, -20.971329, 1.0]|[0.7857328, 0.0, 0.0, 0.0, 0.0, 1.2571725, 0.0, 0.0, 0.0, 0.0, -1.0002604, -1.0, 0.0, 0.0, -0.100013025, 0.0]
899411685560500|5888|-0.5,-3.940663268332713,-20.5|[-2.0, -2.0, -2.0, 3.0, 3.0, 3.0]|[1.0, 0.0, 0.0, 0.0, 0.0, 0.9855228, 0.16954261, 0.0, 0.0, -0.16954261, 0.9855228, 0.0, -0.5, -0.40798998, -20.971329, 1.0]|[0.7857328, 0.0, 0.0, 0.0, 0.0, 1.2571725, 0.0, 0.0, 0.0, 0.0, -1.0002604, -1.0, 0.0, 0.0, -0.100013025, 0.0]
899411785619200|5888|-0.5,-3.940663268332713,-20.5|[-2.0, -2.0, -2.0, 3.0, 3.0, 3.0]|[1.0, 0.0, 0.0, 0.0, 0.0, 0.9855228, 0.16954261, 0.0, 0.0, -0.16954261, 0.9855228, 0.0, -0.5, -0.40798998, -20.971329, 1.0]|[0.7857328, 0.0, 0.0, 0.0, 0.0, 1.2571725, 0.0, 0.0, 0.0, 0.0, -1.0002604, -1.0, 0.0, 0.0, -0.100013025, 0.0]
899411885630000|5888|-0.5,-3.940663268332713,-20.5|[-2.0, -2.0, -2.0, 3.0, 3.0, 3.0]|[1.0, 0.0, 0.0, 0.0, 0.0, 0.9855228, 0.16954261, 0.0, 0.0, -0.16954261, 0.9855228, 0.0, -0.5, -0.40798998, -20.971329, 1.0]|[0.7857328, 0.0, 0.0, 0.0, 0.0, 1.2571725, 0.0, 0.0, 0.0, 0.0, -1.0002604, -1.0, 0.0, 0.0, -0.100013025, 0.0]
899411986143400|5888|-0.5,-3.940663268332713,-20.5|[-2.0, -2.0, -2.0, 3.0, 3.0, 3.0]|[1.0, 0.0, 0.0, 0.0, 0.0, 0.9855228, 0.16954261, 0.0, 0.0, -0.16954261, 0.9855228, 0.0, -0.5, -0.40798998, -20.971329, 1.0]|[0.7857328, 0.0, 0.0, 0.0, 0.0, 1.2571725, 0.0, 0.0, 0.0, 0.0, -1.0002604, -1.0, 0.0, 0.0, -0.100013025, 0.0]
899412102538600|5888|-0.5,-3.940663268332713,-20.5|[-2.0, -2.0, -2.0, 3.0, 3.0, 3.0]|[1.0, 0.0, 0.0, 0.0, 0.0, 0.9855228, 0.16954261, 0.0, 0.0, -0.16954261, 0.9855228, 0.0, -0.5, -0.40798998, -20.971329, 1.0]|[0.7857328, 0.0, 0.0, 0.0, 0.0, 1.2571725, 0.0, 0.0, 0.0, 0.0, -1.0002604, -1.0, 0.0, 0.0, -0.100013025, 0.0]
899412219747500|5888|-0.5,-3.940663268332713,-20.5|[-2.0, -2.0, -2.0, 3.0, 3.0, 3.0]|[1.0, 0.0, 0.0, 0.0, 0.0, 0.9855228, 0.16954261, 0.0, 0.0, -0.16954261, 0.9855228, 0.0, -0.5, -0.40798998, -20.971329, 1.0]|[0.7857328, 0.0, 0.0, 0.0, 0.0, 1.2571725, 0.0, 0.0, 0.0, 0.0, -1.0002604, -1.0, 0.0, 0.0, -0.100013025, 0.0]
899412319927200|5888|-0.5,-3.940663268332713,-20.5|[-2.0, -2.0, -2.0, 3.0, 3.0, 3.0]|[1.0, 0.0, 0.0, 0.0, 0.0, 0.9855228, 0.16954261, 0.0, 0.0, -0.16954261, 0.9855228, 0.0, -0.5, -0.40798998, -20.971329, 1.0]|[0.7857328, 0.0, 0.0, 0.0, 0.0, 1.2571725, 0.0, 0.0, 0.0, 0.0, -1.0002604, -1.0, 0.0, 0.0, -0.100013025, 0.0]
899412436120600|5888|-0.5,-3.940663268332713,-20.5|[-2.0, -2.0, -2.0, 3.0, 3.0, 3.0]|[1.0, 0.0, 0.0, 0.0, 0.0, 0.9855228, 0.16954261, 0.0, 0.0, -0.16954261, 0.9855228, 0.0, -0.5, -0.40798998, -20.971329, 1.0]|[0.7857328, 0.0, 0.0, 0.0, 0.0, 1.2571725, 0.0, 0.0, 0.0, 0.0, -1.0002604, -1.0, 0.0, 0.0, -0.100013025, 0.0]
899412552804100|5888|-0.5,-3.940663268332713,-20.5|[-2.0, -2.0, -2.0, 3.0, 3.0, 3.0]|[1.0, 0.0, 0.0, 0.0, 0.0, 0.9855228, 0.16954261, 0.0, 0.0, -0.16954261, 0.9855228, 0.0, -0.5, -0.40798998, -20.971329, 1.0]|[0.7857328, 0.0, 0.0, 0.0, 0.0, 1.2571725, 0.0, 0.0, 0.0, 0.0, -1.0002604, -1.0, 0.0, 0.0, -0.100013025, 0.0]
899412669603900|5888|-0.5,-3.940663268332713,-20.5|[-2.0, -2.0, -2.0, 3.0, 3.0, 3.0]|[1.0, 0.0, 0.0, 0.0, 0.0, 0.9855228, 0.16954261, 0.0, 0.0, -0.16954261, 0.9855228, 0.0, -0.5, -0.40798998, -20.971329, 1.0]|[0.7857328, 0.0, 0.0, 0.0, 0.0, 1.2571725, 0.0, 0.0, 0.0, 0.0, -1.0002604, -1.0, 0.0, 0.0, -0.100013025, 0.0]
899412769708000|5888|-0.5,-3.940663268332713,-20.5|[-2.0, -2.0, -2.0, 3.0, 3.0, 3.0]|[1.0, 0.0, 0.0, 0.0, 0.0, 0.9855228, 0.16954261, 0.0, 0.0, -0.16954261, 0.9855228, 0.0, -0.5, -0.40798998, -20.971329, 1.0]|[0.7857328, 0.0, 0.0, 0.0, 0.0, 1.2571725, 0.0, 0.0, 0.0, 0.0, -1.0002604, -1.0, 0.0, 0.0, -0.100013025, 0.0]
899412885637700|5888|-0.5,-3.940663268332713,-20.5|[-2.0, -2.0, -2.0, 3.0, 3.0, 3.0]|[1.0, 0.0, 0.0, 0.0, 0.0, 0.9855228, 0.16954261, 0.0, 0.0, -0.16954261, 0.9855228, 0.0, -0.5, -0.40798998, -20.971329, 1.0]|[0.7857328, 0.0, 0.0, 0.0, 0.0, 1.2571725, 0.0, 0.0, 0.0, 0.0, -1.0002604, -1.0, 0.0, 0.0, -0.100013025, 0.0]
899413002163200|5888|-0.5,-3.940663268332713,-20.5|[-2.0, -2.0, -2.0, 3.0, 3.0, 3.0]|[1.0, 0.0, 0.0, 0.0, 0.0, 0.9855228, 0.16954261, 0.0, 0.0, -0.16954261, 0.9855228, 0.0, -0.5, -0.40798998, -20.971329, 1.0]|[0.7857328, 0.0, 0.0, 0.0, 0.0, 1.2571725, 0.0, 0.0, 0.0, 0.0, -1.0002604, -1.0, 0.0, 0.0, -0.100013025, 0.0]
899413102469800|5888|-0.5,-3.940663268332713,-20.5|[-2.0, -2.0, -2.0, 3.0, 3.0, 3.0]|[1.0, 0.0, 0.0, 0.0, 0.0, 0.9855228, 0.16954261, 0.0, 0.0, -0.16954261, 0.9855228, 0.0, -0.5, -0.40798998, -20.971329, 1.0]|[0.7857328, 0.0, 0.0, 0.0, 0.0, 1.2571725, 0.0, 0.0, 0.0, 0.0, -1.0002604, -1.0, 0.0, 0.0, -0.100013025, 0.0]
899413219603700|5888|-0.5,-3.940663268332713,-20.5|[-2.0, -2.0, -2.0, 3.0, 3.0, 3.0]|[1.0, 0.0, 0.0, 0.0, 0.0, 0.9855228, 0.16954261, 0.0, 0.0, -0.16954261, 0.9855228, 0.0, -0.5, -0.40798998, -20.971329, 1.0]|[0.7857328, 0.0, 0.0, 0.0, 0.0, 1.2571725, 0.0, 0.0, 0.0, 0.0, -1.0002604, -1.0, 0.0, 0.0, -0.100013025, 0.0]
899413335397500|5888|-0.5,-3.940663268332713,-20.5|[-2.0, -2.0, -2.0, 3.0, 3.0, 3.0]|[1.0, 0.0, 0.0, 0.0, 0.0, 0.9855228, 0.16954261, 0.0, 0.0, -0.16954261, 0.9855228, 0.0, -0.5, -0.40798998, -20.971329, 1.0]|[0.7857328, 0.0, 0.0, 0.0, 0.0, 1.2571725, 0.0, 0.0, 0.0, 0.0, -1.0002604, -1.0, 0.0, 0.0, -0.100013025, 0.0]
899413435414600|5888|-0.5,-3.940663268332713,-20.5|[-2.0, -2.0, -2.0, 3.0, 3.0, 3.0]|[1.0, 0.0, 0.0, 0.0, 0.0, 0.9855228, 0.16954261, 0.0, 0.0, -0.16954261, 0.9855228, 0.0, -0.5, -0.40798998, -20.971329, 1.0]|[0.7857328, 0.0, 0.0, 0.0, 0.0, 1.2571725, 0.0, 0.0, 0.0, 0.0, -1.0002604, -1.0, 0.0, 0.0, -0.100013025, 0.0]
899413535609500|5888|-0.5,-3.940663268332713,-20.5|[-2.0, -2.0, -2.0, 3.0, 3.0, 3.0]|[1.0, 0.0, 0.0, 0.0, 0.0, 0.9855228, 0.16954261, 0.0, 0.0, -0.16954261, 0.9855228, 0.0, -0.5, -0.40798998, -20.971329, 1.0]|[0.7857328, 0.0, 0.0, 0.0, 0.0, 1.2571725, 0.0, 0.0, 0.0, 0.0, -1.0002604, -1.0, 0.0, 0.0, -0.100013025, 0.0]
899413635639100|5888|-0.5,-3.940663268332713,-20.5|[-2.0, -2.0, -2.0, 3.0, 3.0, 3.0]|[1.0, 0.0, 0.0, 0.0, 0.0, 0.9855228, 0.16954261, 0.0, 0.0, -0.16954261, 0.9855228, 0.0, -0.5, -0.40798998, -20.971329, 1.0]|[0.7857328, 0.0, 0.0, 0.0, 0.0, 1.2571725, 0.0, 0.0, 0.0, 0.0, -1.0002604, -1.0, 0.0, 0.0, -0.100013025, 0.0]
899413735704800|5888|-0.5,-3.940663268332713,-20.5|[-2.0, -2.0, -2.0, 3.0, 3.0, 3.0]|[1.0, 0.0, 0.0, 0.0, 0.0, 0.9855228, 0.16954261, 0.0, 0.0, -0.16954261, 0.9855228, 0.0, -0.5, -0.40798998, -20.971329, 1.0]|[0.7857328, 0.0, 0.0, 0.0, 0.0, 1.2571725, 0.0, 0.0, 0.0, 0.0, -1.0002604, -1.0, 0.0, 0.0, -0.100013025, 0.0]
899413852152300|5888|-0.5,-3.940663268332713,-20.5|[-2.0, -2.0, -2.0, 3.0, 3.0, 3.0]|[1.0, 0.0, 0.0, 0.0, 0.0, 0.9855228, 0.16954261, 0.0, 0.0, -0.16954261, 0.9855228, 0.0, -0.5, -0.40798998, -20.971329, 1.0]|[0.7857328, 0.0, 0.0, 0.0, 0.0, 1.2571725, 0.0, 0.0, 0.0, 0.0, -1.0002604, -1.0, 0.0, 0.0, -0.100013025, 0.0]
899413952403500|5888|-0.5,-3.940663268332713,-20.5|[-2.0, -2.0, -2.0, 3.0, 3.0, 3.0]|[1.0, 0.0, 0.0, 0.0, 0.0, 0.9855228, 0.16954261, 0.0, 0.0, -0.16954261, 0.9855228, 0.0, -0.5, -0.40798998, -20.971329, 1.0]|[0.7857328, 0.0, 0.0, 0.0, 0.0, 1.2571725, 0.0, 0.0, 0.0, 0.0, -1.0002604, -1.0, 0.0, 0.0, -0.100013025, 0.0]
899414069691500|5888|-0.5,-3.940663268332713,-20.5|[-2.0, -2.0, -2.0, 3.0, 3.0, 3.0]|[1.0, 0.0, 0.0, 0.0, 0.0, 0.9855228, 0.16954261, 0.0, 0.0, -0.16954261, 0.9855228, 0.0, -0.5, -0.40798998, -20.971329, 1.0]|[0.7857328, 0.0, 0.0, 0.0, 0.0, 1.2571725, 0.0, 0.0, 0.0, 0.0, -1.0002604, -1.0, 0.0, 0.0, -0.100013025, 0.0]
899414185422900|5888|-0.5,-3.940663268332713,-20.5|[-2.0, -2.0, -2.0, 3.0, 3.0, 3.0]|[1.0, 0.0, 0.0, 0.0, 0.0, 0.9855228, 0.16954261, 0.0, 0.0, -0.16954261, 0.9855228, 0.0, -0.5, -0.40798998, -20.971329, 1.0]|[0.7857328, 0.0, 0.0, 0.0, 0.0, 1.2571725, 0.0, 0.0, 0.0, 0.0, -1.0002604, -1.0, 0.0, 0.0, -0.100013025, 0.0]
899414285572000|5888|-0.5,-3.940663268332713,-20.5|[-2.0, -2.0, -2.0, 3.0, 3.0, 3.0]|[1.0, 0.0, 0.0, 0.0, 0.0, 0.9855228, 0.16954261, 0.0, 0.0, -0.16954261, 0.9855228, 0.0, -0.5, -0.40798998, -20.971329, 1.0]|[0.7857328, 0.0, 0.0, 0.0, 0.0, 1.2571725, 0.0, 0.0, 0.0, 0.0, -1.0002604, -1.0, 0.0, 0.0, -0.100013025, 0.0]
899414402087100|5888|-0.5,-3.940663268332713,-20.5|[-2.0, -2.0, -2.0, 3.0, 3.0, 3.0]|[1.0, 0.0, 0.0, 0.0, 0.0, 0.9855228, 0.16954261, 0.0, 0.0, -0.16954261, 0.9855228, 0.0, -0.5, -0.40798998, -20.971329, 1.0]|[0.7857328, 0.0, 0.0, 0.0, 0.0, 1.2571725, 0.0, 0.0, 0.0, 0.0, -1.0002604, -1.0, 0.0, 0.0, -0.100013025, 0.0]
899414503070300|5888|-0.5,-3.940663268332713,-20.5|[-2.0, -2.0, -2.0, 3.0, 3.0, 3.0]|[1.0, 0.0, 0.0, 0.0, 0.0, 0.9855228, 0.16954261, 0.0, 0.0, -0.16954261, 0.9855228, 0.0, -0.5, -0.40798998, -20.971329, 1.0]|[0.7857328, 0.0, 0.0, 0.0, 0.0, 1.2571725, 0.0, 0.0, 0.0, 0.0, -1.0002604, -1.0, 0.0, 0.0, -0.100013025, 0.0]
899414619541800|5888|-0.5,-3.940663268332713,-20.5|[-2.0, -2.0, -2.0, 3.0, 3.0, 3.0]|[1.0, 0.0, 0.0, 0.0, 0.0, 0.9855228, 0.16954261, 0.0, 0.0, -0.16954261, 0.9855228, 0.0, -0.5, -0.40798998, -20.971329, 1.0]|[0.7857328, 0.0, 0.0, 0.0, 0.0, 1.2571725, 0.0, 0.0, 0.0, 0.0, -1.0002604, -1.0, 0.0, 0.0, -0.100013025, 0.0]
899414719778500|5888|-0.5,-3.940663268332713,-20.5|[-2.0, -2.0, -2.0, 3.0, 3.0, 3.0]|[1.0, 0.0, 0.0, 0.0, 0.0, 0.9855228, 0.16954261, 0.0, 0.0, -0.16954261, 0.9855228, 0.0, -0.5, -0.40798998, -20.971329, 1.0]|[0.7857328, 0.0, 0.0, 0.0, 0.0, 1.2571725, 0.0, 0.0, 0.0, 0.0, -1.0002604, -1.0, 0.0, 0.0, -0.100013025, 0.0]
899414835472100|5888|-0.5,-3.940663268332713,-20.5|[-2.0, -2.0, -2.0, 3.0, 3.0, 3.0]|[1.0, 0.0, 0.0, 0.0, 0.0, 0.9855228, 0.16954261, 0.0, 0.0, -0.16954261, 0.9855228, 0.0, -0.5, -0.40798998, -20.971329, 1.0]|[0.7857328, 0.0, 0.0, 0.0, 0.0, 1.2571725, 0.0, 0.0, 0.0, 0.0, -1.0002604, -1.0, 0.0, 0.0, -0.100013025, 0.0]
899414936063000|5888|-0.5,-3.940663268332713,-20.5|[-2.0, -2.0, -2.0, 3.0, 3.0, 3.0]|[1.0, 0.0, 0.0, 0.0, 0.0, 0.9855228, 0.16954261, 0.0, 0.0, -0.16954261, 0.9855228, 0.0, -0.5, -0.40798998, -20.971329, 1.0]|[0.7857328, 0.0, 0.0, 0.0, 0.0, 1.2571725, 0.0, 0.0, 0.0, 0.0, -1.0002604, -1.0, 0.0, 0.0, -0.100013025, 0.0]
899415051858800|5888|-0.5,-3.940663268332713,-20.5|[-2.0, -2.0, -2.0, 3.0, 3.0, 3.0]|[1.0, 0.0, 0.0, 0.0, 0.0, 0.9855228, 0.16954261, 0.0, 0.0, -0.16954261, 0.9855228, 0.0, -0.5, -0.40798998, -20.971329, 1.0]|[0.7857328, 0.0, 0.0, 0.0, 0.0, 1.2571725, 0.0, 0.0, 0.0, 0.0, -1.0002604, -1.0, 0.0, 0.0, -0.100013025, 0.0]
899415152657200|5888|-0.5,-3.940663268332713,-20.5|[-2.0, -2.0, -2.0, 3.0, 3.0, 3.0]|[1.0, 0.0, 0.0, 0.0, 0.0, 0.9855228, 0.16954261, 0.0, 0.0, -0.16954261, 0.9855228, 0.0, -0.5, -0.40798998, -20.971329, 1.0]|[0.7857328, 0.0, 0.0, 0.0, 0.0, 1.2571725, 0.0, 0.0, 0.0, 0.0, -1.0002604, -1.0, 0.0, 0.0, -0.100013025, 0.0]
899415269382700|5888|-0.5,-3.940663268332713,-20.5|[-2.0, -2.0, -2.0, 3.0, 3.0, 3.0]|[1.0, 0.0, 0.0, 0.0, 0.0, 0.9855228, 0.16954261, 0.0, 0.0, -0.16954261, 0.9855228, 0.0, -0.5, -0.40798998, -20.971329, 1.0]|[0.7857328, 0.0, 0.0, 0.0, 0.0, 1.2571725, 0.0, 0.0, 0.0, 0.0, -1.0002604, -1.0, 0.0, 0.0, -0.100013025, 0.0]
899415369927000|5888|-0.5,-3.940663268332713,-20.5|[-2.0, -2.0, -2.0, 3.0, 3.0, 3.0]|[1.0, 0.0, 0.0, 0.0, 0.0, 0.9855228, 0.16954261, 0.0, 0.0, -0.16954261, 0.9855228, 0.0, -0.5, -0.40798998, -20.971329, 1.0]|[0.7857328, 0.0, 0.0, 0.0, 0.0, 1.2571725, 0.0, 0.0, 0.0, 0.0, -1.0002604, -1.0, 0.0, 0.0, -0.100013025, 0.0]
899415485689500|5888|-0.5,-3.940663268332713,-20.5|[-2.0, -2.0, -2.0, 3.0, 3.0, 3.0]|[1.0, 0.0, 0.0, 0.0, 0.0, 0.9855228, 0.16954261, 0.0, 0.0, -0.16954261, 0.9855228, 0.0, -0.5, -0.40798998, -20.971329, 1.0]|[0.7857328, 0.0, 0.0, 0.0, 0.0, 1.2571725, 0.0, 0.0, 0.0, 0.0, -1.0002604, -1.0, 0.0, 0.0, -0.100013025, 0.0]
899415603682100|5888|-0.5,-3.940663268332713,-20.5|[-2.0, -2.0, -2.0, 3.0, 3.0, 3.0]|[1.0, 0.0, 0.0, 0.0, 0.0, 0.9855228, 0.16954261, 0.0, 0.0, -0.16954261, 0.9855228, 0.0, -0.5, -0.40798998, -20.971329, 1.0]|[0.7857328, 0.0, 0.0, 0.0, 0.0, 1.2571725, 0.0, 0.0, 0.0, 0.0, -1.0002604, -1.0, 0.0, 0.0, -0.100013025, 0.0]
899415719290600|5888|-0.5,-3.940663268332713,-20.5|[-2.0, -2.0, -2.0, 3.0, 3.0, 3.0]|[1.0, 0.0, 0.0, 0.0, 0.0, 0.9855228, 0.16954261, 0.0, 0.0, -0.16954261, 0.9855228, 0.0, -0.5, -0.40798998, -20.971329, 1.0]|[0.7857328, 0.0, 0.0, 0.0, 0.0, 1.2571725, 0.0, 0.0, 0.0, 0.0, -1.0002604, -1.0, 0.0, 0.0, -0.100013025, 0.0]
899415819776200|5888|-0.5,-3.940663268332713,-20.5|[-2.0, -2.0, -2.0, 3.0, 3.0, 3.0]|[1.0, 0.0, 0.0, 0.0, 0.0, 0.9855228, 0.16954261, 0.0, 0.0, -0.16954261, 0.9855228, 0.0, -0.5, -0.40798998, -20.971329, 1.0]|[0.7857328, 0.0, 0.0, 0.0, 0.0, 1.2571725, 0.0, 0.0, 0.0, 0.0, -1.0002604, -1.0, 0.0, 0.0, -0.100013025, 0.0]
899415919948700|5888|-0.5,-3.940663268332713,-20.5|[-2.0, -2.0, -2.0, 3.0, 3.0, 3.0]|[1.0, 0.0, 0.0, 0.0, 0.0, 0.9855228, 0.16954261, 0.0, 0.0, -0.16954261, 0.9855228, 0.0, -0.5, -0.40798998, -20.971329, 1.0]|[0.7857328, 0.0, 0.0, 0.0, 0.0, 1.2571725, 0.0, 0.0, 0.0, 0.0, -1.0002604, -1.0, 0.0, 0.0, -0.100013025, 0.0]
899416035661200|5888|-0.5,-3.940663268332713,-20.5|[-2.0, -2.0, -2.0, 3.0, 3.0, 3.0]|[1.0, 0.0, 0.0, 0.0, 0.0, 0.9855228, 0.16954261, 0.0, 0.0, -0.16954261, 0.9855228, 0.0, -0.5, -0.40798998, -20.971329, 1.0]|[0.7857328, 0.0, 0.0, 0.0, 0.0, 1.2571725, 0.0, 0.0, 0.0, 0.0, -1.0002604, -1.0, 0.0, 0.0, -0.100013025, 0.0]
899416152137200|5888|-0.5,-3.940663268332713,-20.5|[-2.0, -2.0, -2.0, 3.0, 3.0, 3.0]|[1.0, 0.0, 0.0, 0.0, 0.0, 0.9855228, 0.16954261, 0.0, 0.0, -0.16954261, 0.9855228, 0.0, -0.5, -0.40798998, -20.971329, 1.0]|[0.7857328, 0.0, 0.0, 0.0, 0.0, 1.2571725, 0.0, 0.0, 0.0, 0.0, -1.0002604, -1.0, 0.0, 0.0, -0.100013025, 0.0]
899416252227600|5888|-0.5,-3.940663268332713,-20.5|[-2.0, -2.0, -2.0, 3.0, 3.0, 3.0]|[1.0, 0.0, 0.0, 0.0, 0.0, 0.9855228, 0.16954261, 0.0, 0.0, -0.16954261, 0.9855228, 0.0, -0.5, -0.40798998, -20.971329, 1.0]|[0.7857328, 0.0, 0.0, 0.0, 0.0, 1.2571725, 0.0, 0.0, 0.0, 0.0, -1.0002604, -1.0, 0.0, 0.0, -0.100013025, 0.0]
899416369393000|5888|-0.5,-3.940663268332713,-20.5|[-2.0, -2.0, -2.0, 3.0, 3.0, 3.0]|[1.0, 0.0, 0.0, 0.0, 0.0, 0.9855228, 0.16954261, 0.0, 0.0, -0.16954261, 0.9855228, 0.0, -0.5, -0.40798998, -20.971329, 1.0]|[0.7857328, 0.0, 0.0, 0.0, 0.0, 1.2571725, 0.0, 0.0, 0.0, 0.0, -1.0002604, -1.0, 0.0, 0.0, -0.100013025, 0.0]
899416469442200|5888|-0.5,-3.940663268332713,-20.5|[-2.0, -2.0, -2.0, 3.0, 3.0, 3.0]|[1.0, 0.0, 0.0, 0.0, 0.0, 0.9855228, 0.16954261, 0.0, 0.0, -0.16954261, 0.9855228, 0.0, -0.5, -0.40798998, -20.971329, 1.0]|[0.7857328, 0.0, 0.0, 0.0, 0.0, 1.2571725, 0.0, 0.0, 0.0, 0.0, -1.0002604, -1.0, 0.0, 0.0, -0.100013025, 0.0]
899416569515200|5888|-0.5,-3.940663268332713,-20.5|[-2.0, -2.0, -2.0, 3.0, 3.0, 3.0]|[1.0, 0.0, 0.0, 0.0, 0.0, 0.9855228, 0.16954261, 0.0, 0.0, -0.16954261, 0.9855228, 0.0, -0.5, -0.40798998, -20.971329, 1.0]|[0.7857328, 0.0, 0.0, 0.0, 0.0, 1.2571725, 0.0, 0.0, 0.0, 0.0, -1.0002604, -1.0, 0.0, 0.0, -0.100013025, 0.0]
899416669552600|5888|-0.5,-3.940663268332713,-20.5|[-2.0, -2.0, -2.0, 3.0, 3.0, 3.0]|[1.0, 0.0, 0.0, 0.0, 0.0, 0.9855228, 0.16954261, 0.0, 0.0, -0.16954261, 0.9855228, 0.0, -0.5, -0.40798998, -20.971329, 1.0]|[0.7857328, 0.0, 0.0, 0.0, 0.0, 1.2571725, 0.0, 0.0, 0.0, 0.0, -1.0002604, -1.0, 0.0, 0.0, -0.100013025, 0.0]
899416769612600|5888|-0.5,-3.940663268332713,-20.5|[-2.0, -2.0, -2.0, 3.0, 3.0, 3.0]|[1.0, 0.0, 0.0, 0.0, 0.0, 0.9855228, 0.16954261, 0.0, 0.0, -0.16954261, 0.9855228, 0.0, -0.5, -0.40798998, -20.971329, 1.0]|[0.7857328, 0.0, 0.0, 0.0, 0.0, 1.2571725, 0.0, 0.0, 0.0, 0.0, -1.0002604, -1.0, 0.0, 0.0, -0.100013025, 0.0]
899416869630000|5888|-0.5,-3.940663268332713,-20.5|[-2.0, -2.0, -2.0, 3.0, 3.0, 3.0]|[1.0, 0.0, 0.0, 0.0, 0.0, 0.9855228, 0.16954261, 0.0, 0.0, -0.16954261, 0.9855228, 0.0, -0.5, -0.40798998, -20.971329, 1.0]|[0.7857328, 0.0, 0.0, 0.0, 0.0, 1.2571725, 0.0, 0.0, 0.0, 0.0, -1.0002604, -1.0, 0.0, 0.0, -0.100013025, 0.0]
899416969646000|5888|-0.5,-3.940663268332713,-20.5|[-2.0, -2.0, -2.0, 3.0, 3.0, 3.0]|[1.0, 0.0, 0.0, 0.0, 0.0, 0.9855228, 0.16954261, 0.0, 0.0, -0.16954261, 0.9855228, 0.0, -0.5, -0.40798998, -20.971329, 1.0]|[0.7857328, 0.0, 0.0, 0.0, 0.0, 1.2571725, 0.0, 0.0, 0.0, 0.0, -1.0002604, -1.0, 0.0, 0.0, -0.100013025, 0.0]
899417069869000|5888|-0.5,-3.940663268332713,-20.5|[-2.0, -2.0, -2.0, 3.0, 3.0, 3.0]|[1.0, 0.0, 0.0, 0.0, 0.0, 0.9855228, 0.16954261, 0.0, 0.0, -0.16954261, 0.9855228, 0.0, -0.5, -0.40798998, -20.971329, 1.0]|[0.7857328, 0.0, 0.0, 0.0, 0.0, 1.2571725, 0.0, 0.0, 0.0, 0.0, -1.0002604, -1.0, 0.0, 0.0, -0.100013025, 0.0]
899417185422600|5888|-0.5,-3.940663268332713,-20.5|[-2.0, -2.0, -2.0, 3.0, 3.0, 3.0]|[1.0, 0.0, 0.0, 0.0, 0.0, 0.9855228, 0.16954261, 0.0, 0.0, -0.16954261, 0.9855228, 0.0, -0.5, -0.40798998, -20.971329, 1.0]|[0.7857328, 0.0, 0.0, 0.0, 0.0, 1.2571725, 0.0, 0.0, 0.0, 0.0, -1.0002604, -1.0, 0.0, 0.0, -0.100013025, 0.0]
899417301952300|5888|-0.5,-3.940663268332713,-20.5|[-2.0, -2.0, -2.0, 3.0, 3.0, 3.0]|[1.0, 0.0, 0.0, 0.0, 0.0, 0.9855228, 0.16954261, 0.0, 0.0, -0.16954261, 0.9855228, 0.0, -0.5, -0.40798998, -20.971329, 1.0]|[0.7857328, 0.0, 0.0, 0.0, 0.0, 1.2571725, 0.0, 0.0, 0.0, 0.0, -1.0002604, -1.0, 0.0, 0.0, -0.100013025, 0.0]
899417402029500|5888|-0.5,-3.940663268332713,-20.5|[-2.0, -2.0, -2.0, 3.0, 3.0, 3.0]|[1.0, 0.0, 0.0, 0.0, 0.0, 0.9855228, 0.16954261, 0.0, 0.0, -0.16954261, 0.9855228, 0.0, -0.5, -0.40798998, -20.971329, 1.0]|[0.7857328, 0.0, 0.0, 0.0, 0.0, 1.2571725, 0.0, 0.0, 0.0, 0.0, -1.0002604, -1.0, 0.0, 0.0, -0.100013025, 0.0]
899417502457400|5888|-0.5,-3.940663268332713,-20.5|[-2.0, -2.0, -2.0, 3.0, 3.0, 3.0]|[1.0, 0.0, 0.0, 0.0, 0.0, 0.9855228, 0.16954261, 0.0, 0.0, -0.16954261, 0.9855228, 0.0, -0.5, -0.40798998, -20.971329, 1.0]|[0.7857328, 0.0, 0.0, 0.0, 0.0, 1.2571725, 0.0, 0.0, 0.0, 0.0, -1.0002604, -1.0, 0.0, 0.0, -0.100013025, 0.0]
899417619618400|5888|-0.5,-3.940663268332713,-20.5|[-2.0, -2.0, -2.0, 3.0, 3.0, 3.0]|[1.0, 0.0, 0.0, 0.0, 0.0, 0.9855228, 0.16954261, 0.0, 0.0, -0.16954261, 0.9855228, 0.0, -0.5, -0.40798998, -20.971329, 1.0]|[0.7857328, 0.0, 0.0, 0.0, 0.0, 1.2571725, 0.0, 0.0, 0.0, 0.0, -1.0002604, -1.0, 0.0, 0.0, -0.100013025, 0.0]
899417735184200|5888|-0.5,-3.940663268332713,-20.5|[-2.0, -2.0, -2.0, 3.0, 3.0, 3.0]|[1.0, 0.0, 0.0, 0.0, 0.0, 0.9855228, 0.16954261, 0.0, 0.0, -0.16954261, 0.9855228, 0.0, -0.5, -0.40798998, -20.971329, 1.0]|[0.7857328, 0.0, 0.0, 0.0, 0.0, 1.2571725, 0.0, 0.0, 0.0, 0.0, -1.0002604, -1.0, 0.0, 0.0, -0.100013025, 0.0]
899417835300800|5888|-0.5,-3.940663268332713,-20.5|[-2.0, -2.0, -2.0, 3.0, 3.0, 3.0]|[1.0, 0.0, 0.0, 0.0, 0.0, 0.9855228, 0.16954261, 0.0, 0.0, -0.16954261, 0.9855228, 0.0, -0.5, -0.40798998, -20.971329, 1.0]|[0.7857328, 0.0, 0.0, 0.0, 0.0, 1.2571725, 0.0, 0.0, 0.0, 0.0, -1.0002604, -1.0, 0.0, 0.0, -0.100013025, 0.0]
899417951800500|5888|-0.5,-3.940663268332713,-20.5|[-2.0, -2.0, -2.0, 3.0, 3.0, 3.0]|[1.0, 0.0, 0.0, 0.0, 0.0, 0.9855228, 0.16954261, 0.0, 0.0, -0.16954261, 0.9855228, 0.0, -0.5, -0.40798998, -20.971329, 1.0]|[0.7857328, 0.0, 0.0, 0.0, 0.0, 1.2571725, 0.0, 0.0, 0.0, 0.0, -1.0002604, -1.0, 0.0, 0.0, -0.100013025, 0.0]
899418051868400|5888|-0.5,-3.940663268332713,-20.5|[-2.0, -2.0, -2.0, 3.0, 3.0, 3.0]|[1.0, 0.0, 0.0, 0.0, 0.0, 0.9855228, 0.16954261, 0.0, 0.0, -0.16954261, 0.9855228, 0.0, -0.5, -0.40798998, -20.971329, 1.0]|[0.7857328, 0.0, 0.0, 0.0, 0.0, 1.2571725, 0.0, 0.0, 0.0, 0.0, -1.0002604, -1.0, 0.0, 0.0, -0.100013025, 0.0]
899418151964100|5888|-0.5,-3.940663268332713,-20.5|[-2.0, -2.0, -2.0, 3.0, 3.0, 3.0]|[1.0, 0.0, 0.0, 0.0, 0.0, 0.9855228, 0.16954261, 0.0, 0.0, -0.16954261, 0.9855228, 0.0, -0.5, -0.40798998, -20.971329, 1.0]|[0.7857328, 0.0, 0.0, 0.0, 0.0, 1.2571725, 0.0, 0.0, 0.0, 0.0, -1.0002604, -1.0, 0.0, 0.0, -0.100013025, 0.0]
899418252146100|5888|-0.5,-3.940663268332713,-20.5|[-2.0, -2.0, -2.0, 3.0, 3.0, 3.0]|[1.0, 0.0, 0.0, 0.0, 0.0, 0.9855228, 0.16954261, 0.0, 0.0, -0.16954261, 0.9855228, 0.0, -0.5, -0.40798998, -20.971329, 1.0]|[0.7857328, 0.0, 0.0, 0.0, 0.0, 1.2571725, 0.0, 0.0, 0.0, 0.0, -1.0002604, -1.0, 0.0, 0.0, -0.100013025, 0.0]
899418369276900|5888|-0.5,-3.940663268332713,-20.5|[-2.0, -2.0, -2.0, 3.0, 3.0, 3.0]|[1.0, 0.0, 0.0, 0.0, 0.0, 0.9855228, 0.16954261, 0.0, 0.0, -0.16954261, 0.9855228, 0.0, -0.5, -0.40798998, -20.971329, 1.0]|[0.7857328, 0.0, 0.0, 0.0, 0.0, 1.2571725, 0.0, 0.0, 0.0, 0.0, -1.0002604, -1.0, 0.0, 0.0, -0.100013025, 0.0]
899418469373100|5888|-0.5,-3.940663268332713,-20.5|[-2.0, -2.0, -2.0, 3.0, 3.0, 3.0]|[1.0, 0.0, 0.0, 0.0, 0.0, 0.9855228, 0.16954261, 0.0, 0.0, -0.16954261, 0.9855228, 0.0, -0.5, -0.40798998, -20.971329, 1.0]|[0.7857328, 0.0, 0.0, 0.0, 0.0, 1.2571725, 0.0, 0.0, 0.0, 0.0, -1.0002604, -1.0, 0.0, 0.0, -0.100013025, 0.0]
899418569711100|5888|-0.5,-3.940663268332713,-20.5|[-2.0, -2.0, -2.0, 3.0, 3.0, 3.0]|[1.0, 0.0, 0.0, 0.0, 0.0, 0.9855228, 0.16954261, 0.0, 0.0, -0.16954261, 0.9855228, 0.0, -0.5, -0.40798998, -20.971329, 1.0]|[0.7857328, 0.0, 0.0, 0.0, 0.0, 1.2571725, 0.0, 0.0, 0.0, 0.0, -1.0002604, -1.0, 0.0, 0.0, -0.100013025, 0.0]
899418686122100|5888|-0.5,-3.940663268332713,-20.5|[-2.0, -2.0, -2.0, 3.0, 3.0, 3.0]|[1.0, 0.0, 0.0, 0.0, 0.0, 0.9855228, 0.16954261, 0.0, 0.0, -0.16954261, 0.9855228, 0.0, -0.5, -0.40798998, -20.971329, 1.0]|[0.7857328, 0.0, 0.0, 0.0, 0.0, 1.2571725, 0.0, 0.0, 0.0, 0.0, -1.0002604, -1.0, 0.0, 0.0, -0.100013025, 0.0]
899418802612500|5888|-0.5,-3.940663268332713,-20.5|[-2.0, -2.0, -2.0, 3.0, 3.0, 3.0]|[1.0, 0.0, 0.0, 0.0, 0.0, 0.9855228, 0.16954261, 0.0, 0.0, -0.16954261, 0.9855228, 0.0, -0.5, -0.40798998, -20.971329, 1.0]|[0.7857328, 0.0, 0.0, 0.0, 0.0, 1.2571725, 0.0, 0.0, 0.0, 0.0, -1.0002604, -1.0, 0.0, 0.0, -0.100013025, 0.0]
899418903576100|5888|-0.5,-3.940663268332713,-20.5|[-2.0, -2.0, -2.0, 3.0, 3.0, 3.0]|[1.0, 0.0, 0.0, 0.0, 0.0, 0.9855228, 0.16954261, 0.0, 0.0, -0.16954261, 0.9855228, 0.0, -0.5, -0.40798998, -20.971329, 1.0]|[0.7857328, 0.0, 0.0, 0.0, 0.0, 1.2571725, 0.0, 0.0, 0.0, 0.0, -1.0002604, -1.0, 0.0, 0.0, -0.100013025, 0.0]
899419019147700|5888|-0.5,-3.940663268332713,-20.5|[-2.0, -2.0, -2.0, 3.0, 3.0, 3.0]|[1.0, 0.0, 0.0, 0.0, 0.0, 0.9855228, 0.16954261, 0.0, 0.0, -0.16954261, 0.9855228, 0.0, -0.5, -0.40798998, -20.971329, 1.0]|[0.7857328, 0.0, 0.0, 0.0, 0.0, 1.2571725, 0.0, 0.0, 0.0, 0.0, -1.0002604, -1.0, 0.0, 0.0, -0.100013025, 0.0]
899419119507700|5888|-0.5,-3.940663268332713,-20.5|[-2.0, -2.0, -2.0, 3.0, 3.0, 3.0]|[1.0, 0.0, 0.0, 0.0, 0.0, 0.9855228, 0.16954261, 0.0, 0.0, -0.16954261, 0.9855228, 0.0, -0.5, -0.40798998, -20.971329, 1.0]|[0.7857328, 0.0, 0.0, 0.0, 0.0, 1.2571725, 0.0, 0.0, 0.0, 0.0, -1.0002604, -1.0, 0.0, 0.0, -0.100013025, 0.0]
899419235159700|5888|-0.5,-3.940663268332713,-20.5|[-2.0, -2.0, -2.0, 3.0, 3.0, 3.0]|[1.0, 0.0, 0.0, 0.0, 0.0, 0.9855228, 0.16954261, 0.0, 0.0, -0.16954261, 0.9855228, 0.0, -0.5, -0.40798998, -20.971329, 1.0]|[0.7857328, 0.0, 0.0, 0.0, 0.0, 1.2571725, 0.0, 0.0, 0.0, 0.0, -1.0002604, -1.0, 0.0, 0.0, -0.100013025, 0.0]
899419336321900|5888|-0.5,-3.940663268332713,-20.5|[-2.0, -2.0, -2.0, 3.0, 3.0, 3.0]|[1.0, 0.0, 0.0, 0.0, 0.0, 0.9855228, 0.16954261, 0.0, 0.0, -0.16954261, 0.9855228, 0.0, -0.5, -0.40798998, -20.971329, 1.0]|[0.7857328, 0.0, 0.0, 0.0, 0.0, 1.2571725, 0.0, 0.0, 0.0, 0.0, -1.0002604, -1.0, 0.0, 0.0, -0.100013025, 0.0]
899419451934600|5888|-0.5,-3.940663268332713,-20.5|[-2.0, -2.0, -2.0, 3.0, 3.0, 3.0]|[1.0, 0.0, 0.0, 0.0, 0.0, 0.9855228, 0.16954261, 0.0, 0.0, -0.16954261, 0.9855228, 0.0, -0.5, -0.40798998, -20.971329, 1.0]|[0.7857328, 0.0, 0.0, 0.0, 0.0, 1.2571725, 0.0, 0.0, 0.0, 0.0, -1.0002604, -1.0, 0.0, 0.0, -0.100013025, 0.0]
899419553362500|5888|-0.5,-3.940663268332713,-20.5|[-2.0, -2.0, -2.0, 3.0, 3.0, 3.0]|[1.0, 0.0, 0.0, 0.0, 0.0, 0.9855228, 0.16954261, 0.0, 0.0, -0.16954261, 0.9855228, 0.0, -0.5, -0.40798998, -20.971329, 1.0]|[0.7857328, 0.0, 0.0, 0.0, 0.0, 1.2571725, 0.0, 0.0, 0.0, 0.0, -1.0002604, -1.0, 0.0, 0.0, -0.100013025, 0.0]
899419669160400|5888|-0.5,-3.940663268332713,-20.5|[-2.0, -2.0, -2.0, 3.0, 3.0, 3.0]|[1.0, 0.0, 0.0, 0.0, 0.0, 0.9855228, 0.16954261, 0.0, 0.0, -0.16954261, 0.9855228, 0.0, -0.5, -0.40798998, -20.971329, 1.0]|[0.7857328, 0.0, 0.0, 0.0, 0.0, 1.2571725, 0.0, 0.0, 0.0, 0.0, -1.0002604, -1.0, 0.0, 0.0, -0.100013025, 0.0]
899419770201600|5888|-0.5,-3.940663268332713,-20.5|[-2.0, -2.0, -2.0, 3.0, 3.0, 3.0]|[1.0, 0.0, 0.0, 0.0, 0.0, 0.9855228, 0.16954261, 0.0, 0.0, -0.16954261, 0.9855228, 0.0, -0.5, -0.40798998, -20.971329, 1.0]|[0.7857328, 0.0, 0.0, 0.0, 0.0, 1.2571725, 0.0, 0.0, 0.0, 0.0, -1.0002604, -1.0, 0.0, 0.0, -0.100013025, 0.0]
899419885731400|5888|-0.5,-3.940663268332713,-20.5|[-2.0, -2.0, -2.0, 3.0, 3.0, 3.0]|[1.0, 0.0, 0.0, 0.0, 0.0, 0.9855228, 0.16954261, 0.0, 0.0, -0.16954261, 0.9855228, 0.0, -0.5, -0.40798998, -20.971329, 1.0]|[0.7857328, 0.0, 0.0, 0.0, 0.0, 1.2571725, 0.0, 0.0, 0.0, 0.0, -1.0002604, -1.0, 0.0, 0.0, -0.100013025, 0.0]
899420001757900|5888|-0.5,-3.940663268332713,-20.5|[-2.0, -2.0, -2.0, 3.0, 3.0, 3.0]|[1.0, 0.0, 0.0, 0.0, 0.0, 0.9855228, 0.16954261, 0.0, 0.0, -0.16954261, 0.9855228, 0.0, -0.5, -0.40798998, -20.971329, 1.0]|[0.7857328, 0.0, 0.0, 0.0, 0.0, 1.2571725, 0.0, 0.0, 0.0, 0.0, -1.0002604, -1.0, 0.0, 0.0, -0.100013025, 0.0]
899420101782400|5888|39.5,-2.940663268332713,-20.5|[-16.0, -16.0, -16.0, 17.0, 17.0, 17.0]|[1.0, 0.0, 0.0, 0.0, 0.0, 0.9855228, 0.16954261, 0.0, 0.0, -0.16954261, 0.9855228, 0.0, 39.5, 0.57753277, -20.801786, 1.0]|[0.7857328, 0.0, 0.0, 0.0, 0.0, 1.2571725, 0.0, 0.0, 0.0, 0.0, -1.0002604, -1.0, 0.0, 0.0, -0.100013025, 0.0]
899420202423100|5888|-0.5,-3.940663268332713,-20.5|[-2.0, -2.0, -2.0, 3.0, 3.0, 3.0]|[1.0, 0.0, 0.0, 0.0, 0.0, 0.9855228, 0.16954261, 0.0, 0.0, -0.16954261, 0.9855228, 0.0, -0.5, -0.40798998, -20.971329, 1.0]|[0.7857328, 0.0, 0.0, 0.0, 0.0, 1.2571725, 0.0, 0.0, 0.0, 0.0, -1.0002604, -1.0, 0.0, 0.0, -0.100013025, 0.0]
899420319105300|5888|-0.5,-3.940663268332713,-20.5|[-2.0, -2.0, -2.0, 3.0, 3.0, 3.0]|[1.0, 0.0, 0.0, 0.0, 0.0, 0.9855228, 0.16954261, 0.0, 0.0, -0.16954261, 0.9855228, 0.0, -0.5, -0.40798998, -20.971329, 1.0]|[0.7857328, 0.0, 0.0, 0.0, 0.0, 1.2571725, 0.0, 0.0, 0.0, 0.0, -1.0002604, -1.0, 0.0, 0.0, -0.100013025, 0.0]
899420419327800|5888|-0.5,-3.940663268332713,-20.5|[-2.0, -2.0, -2.0, 3.0, 3.0, 3.0]|[1.0, 0.0, 0.0, 0.0, 0.0, 0.9855228, 0.16954261, 0.0, 0.0, -0.16954261, 0.9855228, 0.0, -0.5, -0.40798998, -20.971329, 1.0]|[0.7857328, 0.0, 0.0, 0.0, 0.0, 1.2571725, 0.0, 0.0, 0.0, 0.0, -1.0002604, -1.0, 0.0, 0.0, -0.100013025, 0.0]
899420534977800|5888|-0.5,-3.940663268332713,-20.5|[-2.0, -2.0, -2.0, 3.0, 3.0, 3.0]|[1.0, 0.0, 0.0, 0.0, 0.0, 0.9855228, 0.16954261, 0.0, 0.0, -0.16954261, 0.9855228, 0.0, -0.5, -0.40798998, -20.971329, 1.0]|[0.7857328, 0.0, 0.0, 0.0, 0.0, 1.2571725, 0.0, 0.0, 0.0, 0.0, -1.0002604, -1.0, 0.0, 0.0, -0.100013025, 0.0]
899420635118500|5888|-0.5,-3.940663268332713,-20.5|[-2.0, -2.0, -2.0, 3.0, 3.0, 3.0]|[1.0, 0.0, 0.0, 0.0, 0.0, 0.9855228, 0.16954261, 0.0, 0.0, -0.16954261, 0.9855228, 0.0, -0.5, -0.40798998, -20.971329, 1.0]|[0.7857328, 0.0, 0.0, 0.0, 0.0, 1.2571725, 0.0, 0.0, 0.0, 0.0, -1.0002604, -1.0, 0.0, 0.0, -0.100013025, 0.0]
899420751639200|5888|-0.5,-3.940663268332713,-20.5|[-2.0, -2.0, -2.0, 3.0, 3.0, 3.0]|[1.0, 0.0, 0.0, 0.0, 0.0, 0.9855228, 0.16954261, 0.0, 0.0, -0.16954261, 0.9855228, 0.0, -0.5, -0.40798998, -20.971329, 1.0]|[0.7857328, 0.0, 0.0, 0.0, 0.0, 1.2571725, 0.0, 0.0, 0.0, 0.0, -1.0002604, -1.0, 0.0, 0.0, -0.100013025, 0.0]
899420851661700|5888|39.5,-2.940663268332713,-20.5|[-16.0, -16.0, -16.0, 17.0, 17.0, 17.0]|[1.0, 0.0, 0.0, 0.0, 0.0, 0.9855228, 0.16954261, 0.0, 0.0, -0.16954261, 0.9855228, 0.0, 39.5, 0.57753277, -20.801786, 1.0]|[0.7857328, 0.0, 0.0, 0.0, 0.0, 1.2571725, 0.0, 0.0, 0.0, 0.0, -1.0002604, -1.0, 0.0, 0.0, -0.100013025, 0.0]
899420952021200|5888|-0.5,-3.940663268332713,-20.5|[-2.0, -2.0, -2.0, 3.0, 3.0, 3.0]|[1.0, 0.0, 0.0, 0.0, 0.0, 0.9855228, 0.16954261, 0.0, 0.0, -0.16954261, 0.9855228, 0.0, -0.5, -0.40798998, -20.971329, 1.0]|[0.7857328, 0.0, 0.0, 0.0, 0.0, 1.2571725, 0.0, 0.0, 0.0, 0.0, -1.0002604, -1.0, 0.0, 0.0, -0.100013025, 0.0]
899421068929800|5888|-0.5,-3.940663268332713,-20.5|[-2.0, -2.0, -2.0, 3.0, 3.0, 3.0]|[1.0, 0.0, 0.0, 0.0, 0.0, 0.9855228, 0.16954261, 0.0, 0.0, -0.16954261, 0.9855228, 0.0, -0.5, -0.40798998, -20.971329, 1.0]|[0.7857328, 0.0, 0.0, 0.0, 0.0, 1.2571725, 0.0, 0.0, 0.0, 0.0, -1.0002604, -1.0, 0.0, 0.0, -0.100013025, 0.0]
899421169025800|5888|-0.5,-3.940663268332713,-20.5|[-2.0, -2.0, -2.0, 3.0, 3.0, 3.0]|[1.0, 0.0, 0.0, 0.0, 0.0, 0.9855228, 0.16954261, 0.0, 0.0, -0.16954261, 0.9855228, 0.0, -0.5, -0.40798998, -20.971329, 1.0]|[0.7857328, 0.0, 0.0, 0.0, 0.0, 1.2571725, 0.0, 0.0, 0.0, 0.0, -1.0002604, -1.0, 0.0, 0.0, -0.100013025, 0.0]
899421285191400|5888|-0.5,-3.940663268332713,-20.5|[-2.0, -2.0, -2.0, 3.0, 3.0, 3.0]|[1.0, 0.0, 0.0, 0.0, 0.0, 0.9855228, 0.16954261, 0.0, 0.0, -0.16954261, 0.9855228, 0.0, -0.5, -0.40798998, -20.971329, 1.0]|[0.7857328, 0.0, 0.0, 0.0, 0.0, 1.2571725, 0.0, 0.0, 0.0, 0.0, -1.0002604, -1.0, 0.0, 0.0, -0.100013025, 0.0]
899421402493800|5888|-0.5,-3.940663268332713,-20.5|[-2.0, -2.0, -2.0, 3.0, 3.0, 3.0]|[1.0, 0.0, 0.0, 0.0, 0.0, 0.9855228, 0.16954261, 0.0, 0.0, -0.16954261, 0.9855228, 0.0, -0.5, -0.40798998, -20.971329, 1.0]|[0.7857328, 0.0, 0.0, 0.0, 0.0, 1.2571725, 0.0, 0.0, 0.0, 0.0, -1.0002604, -1.0, 0.0, 0.0, -0.100013025, 0.0]
899421519962400|5888|-0.5,-3.940663268332713,-20.5|[-2.0, -2.0, -2.0, 3.0, 3.0, 3.0]|[1.0, 0.0, 0.0, 0.0, 0.0, 0.9855228, 0.16954261, 0.0, 0.0, -0.16954261, 0.9855228, 0.0, -0.5, -0.40798998, -20.971329, 1.0]|[0.7857328, 0.0, 0.0, 0.0, 0.0, 1.2571725, 0.0, 0.0, 0.0, 0.0, -1.0002604, -1.0, 0.0, 0.0, -0.100013025, 0.0]
899421635516800|5888|-0.5,-3.940663268332713,-20.5|[-2.0, -2.0, -2.0, 3.0, 3.0, 3.0]|[1.0, 0.0, 0.0, 0.0, 0.0, 0.9855228, 0.16954261, 0.0, 0.0, -0.16954261, 0.9855228, 0.0, -0.5, -0.40798998, -20.971329, 1.0]|[0.7857328, 0.0, 0.0, 0.0, 0.0, 1.2571725, 0.0, 0.0, 0.0, 0.0, -1.0002604, -1.0, 0.0, 0.0, -0.100013025, 0.0]
899421751799300|5888|-0.5,-3.940663268332713,-20.5|[-2.0, -2.0, -2.0, 3.0, 3.0, 3.0]|[1.0, 0.0, 0.0, 0.0, 0.0, 0.9855228, 0.16954261, 0.0, 0.0, -0.16954261, 0.9855228, 0.0, -0.5, -0.40798998, -20.971329, 1.0]|[0.7857328, 0.0, 0.0, 0.0, 0.0, 1.2571725, 0.0, 0.0, 0.0, 0.0, -1.0002604, -1.0, 0.0, 0.0, -0.100013025, 0.0]
899421868990200|5888|-0.5,-3.940663268332713,-20.5|[-2.0, -2.0, -2.0, 3.0, 3.0, 3.0]|[1.0, 0.0, 0.0, 0.0, 0.0, 0.9855228, 0.16954261, 0.0, 0.0, -0.16954261, 0.9855228, 0.0, -0.5, -0.40798998, -20.971329, 1.0]|[0.7857328, 0.0, 0.0, 0.0, 0.0, 1.2571725, 0.0, 0.0, 0.0, 0.0, -1.0002604, -1.0, 0.0, 0.0, -0.100013025, 0.0]
899421985923600|5888|-0.5,-3.940663268332713,-20.5|[-2.0, -2.0, -2.0, 3.0, 3.0, 3.0]|[1.0, 0.0, 0.0, 0.0, 0.0, 0.9855228, 0.16954261, 0.0, 0.0, -0.16954261, 0.9855228, 0.0, -0.5, -0.40798998, -20.971329, 1.0]|[0.7857328, 0.0, 0.0, 0.0, 0.0, 1.2571725, 0.0, 0.0, 0.0, 0.0, -1.0002604, -1.0, 0.0, 0.0, -0.100013025, 0.0]
899422101582000|5888|-0.5,-3.940663268332713,-20.5|[-2.0, -2.0, -2.0, 3.0, 3.0, 3.0]|[1.0, 0.0, 0.0, 0.0, 0.0, 0.9855228, 0.16954261, 0.0, 0.0, -0.16954261, 0.9855228, 0.0, -0.5, -0.40798998, -20.971329, 1.0]|[0.7857328, 0.0, 0.0, 0.0, 0.0, 1.2571725, 0.0, 0.0, 0.0, 0.0, -1.0002604, -1.0, 0.0, 0.0, -0.100013025, 0.0]
899422201661100|5888|-0.5,-3.940663268332713,-20.5|[-2.0, -2.0, -2.0, 3.0, 3.0, 3.0]|[1.0, 0.0, 0.0, 0.0, 0.0, 0.9855228, 0.16954261, 0.0, 0.0, -0.16954261, 0.9855228, 0.0, -0.5, -0.40798998, -20.971329, 1.0]|[0.7857328, 0.0, 0.0, 0.0, 0.0, 1.2571725, 0.0, 0.0, 0.0, 0.0, -1.0002604, -1.0, 0.0, 0.0, -0.100013025, 0.0]
899422301680700|5888|39.5,-2.940663268332713,-20.5|[-16.0, -16.0, -16.0, 17.0, 17.0, 17.0]|[1.0, 0.0, 0.0, 0.0, 0.0, 0.9855228, 0.16954261, 0.0, 0.0, -0.16954261, 0.9855228, 0.0, 39.5, 0.57753277, -20.801786, 1.0]|[0.7857328, 0.0, 0.0, 0.0, 0.0, 1.2571725, 0.0, 0.0, 0.0, 0.0, -1.0002604, -1.0, 0.0, 0.0, -0.100013025, 0.0]
899422401798500|5888|-0.5,-3.940663268332713,-20.5|[-2.0, -2.0, -2.0, 3.0, 3.0, 3.0]|[1.0, 0.0, 0.0, 0.0, 0.0, 0.9855228, 0.16954261, 0.0, 0.0, -0.16954261, 0.9855228, 0.0, -0.5, -0.40798998, -20.971329, 1.0]|[0.7857328, 0.0, 0.0, 0.0, 0.0, 1.2571725, 0.0, 0.0, 0.0, 0.0, -1.0002604, -1.0, 0.0, 0.0, -0.100013025, 0.0]
899422502301900|5888|-0.5,-3.940663268332713,-20.5|[-2.0, -2.0, -2.0, 3.0, 3.0, 3.0]|[1.0, 0.0, 0.0, 0.0, 0.0, 0.9855228, 0.16954261, 0.0, 0.0, -0.16954261, 0.9855228, 0.0, -0.5, -0.40798998, -20.971329, 1.0]|[0.7857328, 0.0, 0.0, 0.0, 0.0, 1.2571725, 0.0, 0.0, 0.0, 0.0, -1.0002604, -1.0, 0.0, 0.0, -0.100013025, 0.0]
899422620692900|5888|-0.5,-3.940663268332713,-20.5|[-2.0, -2.0, -2.0, 3.0, 3.0, 3.0]|[1.0, 0.0, 0.0, 0.0, 0.0, 0.9855228, 0.16954261, 0.0, 0.0, -0.16954261, 0.9855228, 0.0, -0.5, -0.40798998, -20.971329, 1.0]|[0.7857328, 0.0, 0.0, 0.0, 0.0, 1.2571725, 0.0, 0.0, 0.0, 0.0, -1.0002604, -1.0, 0.0, 0.0, -0.100013025, 0.0]
899422734826700|5888|-0.5,-3.940663268332713,-20.5|[-2.0, -2.0, -2.0, 3.0, 3.0, 3.0]|[1.0, 0.0, 0.0, 0.0, 0.0, 0.9855228, 0.16954261, 0.0, 0.0, -0.16954261, 0.9855228, 0.0, -0.5, -0.40798998, -20.971329, 1.0]|[0.7857328, 0.0, 0.0, 0.0, 0.0, 1.2571725, 0.0, 0.0, 0.0, 0.0, -1.0002604, -1.0, 0.0, 0.0, -0.100013025, 0.0]
899422834985300|5888|-0.5,-3.940663268332713,-20.5|[-2.0, -2.0, -2.0, 3.0, 3.0, 3.0]|[1.0, 0.0, 0.0, 0.0, 0.0, 0.9855228, 0.16954261, 0.0, 0.0, -0.16954261, 0.9855228, 0.0, -0.5, -0.40798998, -20.971329, 1.0]|[0.7857328, 0.0, 0.0, 0.0, 0.0, 1.2571725, 0.0, 0.0, 0.0, 0.0, -1.0002604, -1.0, 0.0, 0.0, -0.100013025, 0.0]
899422935022500|5888|-0.5,-3.940663268332713,-20.5|[-2.0, -2.0, -2.0, 3.0, 3.0, 3.0]|[1.0, 0.0, 0.0, 0.0, 0.0, 0.9855228, 0.16954261, 0.0, 0.0, -0.16954261, 0.9855228, 0.0, -0.5, -0.40798998, -20.971329, 1.0]|[0.7857328, 0.0, 0.0, 0.0, 0.0, 1.2571725, 0.0, 0.0, 0.0, 0.0, -1.0002604, -1.0, 0.0, 0.0, -0.100013025, 0.0]
899423035031600|5888|39.5,-2.940663268332713,-20.5|[-16.0, -16.0, -16.0, 17.0, 17.0, 17.0]|[1.0, 0.0, 0.0, 0.0, 0.0, 0.9855228, 0.16954261, 0.0, 0.0, -0.16954261, 0.9855228, 0.0, 39.5, 0.57753277, -20.801786, 1.0]|[0.7857328, 0.0, 0.0, 0.0, 0.0, 1.2571725, 0.0, 0.0, 0.0, 0.0, -1.0002604, -1.0, 0.0, 0.0, -0.100013025, 0.0]
899423135084100|5888|-0.5,-3.940663268332713,-20.5|[-2.0, -2.0, -2.0, 3.0, 3.0, 3.0]|[1.0, 0.0, 0.0, 0.0, 0.0, 0.9855228, 0.16954261, 0.0, 0.0, -0.16954261, 0.9855228, 0.0, -0.5, -0.40798998, -20.971329, 1.0]|[0.7857328, 0.0, 0.0, 0.0, 0.0, 1.2571725, 0.0, 0.0, 0.0, 0.0, -1.0002604, -1.0, 0.0, 0.0, -0.100013025, 0.0]
899423235155800|5888|-0.5,-3.940663268332713,-20.5|[-2.0, -2.0, -2.0, 3.0, 3.0, 3.0]|[1.0, 0.0, 0.0, 0.0, 0.0, 0.9855228, 0.16954261, 0.0, 0.0, -0.16954261, 0.9855228, 0.0, -0.5, -0.40798998, -20.971329, 1.0]|[0.7857328, 0.0, 0.0, 0.0, 0.0, 1.2571725, 0.0, 0.0, 0.0, 0.0, -1.0002604, -1.0, 0.0, 0.0, -0.100013025, 0.0]
899423335197400|5888|-0.5,-3.940663268332713,-20.5|[-2.0, -2.0, -2.0, 3.0, 3.0, 3.0]|[1.0, 0.0, 0.0, 0.0, 0.0, 0.9855228, 0.16954261, 0.0, 0.0, -0.16954261, 0.9855228, 0.0, -0.5, -0.40798998, -20.971329, 1.0]|[0.7857328, 0.0, 0.0, 0.0, 0.0, 1.2571725, 0.0, 0.0, 0.0, 0.0, -1.0002604, -1.0, 0.0, 0.0, -0.100013025, 0.0]
899423451635400|5888|-0.5,-3.940663268332713,-20.5|[-2.0, -2.0, -2.0, 3.0, 3.0, 3.0]|[1.0, 0.0, 0.0, 0.0, 0.0, 0.9855228, 0.16954261, 0.0, 0.0, -0.16954261, 0.9855228, 0.0, -0.5, -0.40798998, -20.971329, 1.0]|[0.7857328, 0.0, 0.0, 0.0, 0.0, 1.2571725, 0.0, 0.0, 0.0, 0.0, -1.0002604, -1.0, 0.0, 0.0, -0.100013025, 0.0]
899423553266400|5888|-0.5,-3.940663268332713,-20.5|[-2.0, -2.0, -2.0, 3.0, 3.0, 3.0]|[1.0, 0.0, 0.0, 0.0, 0.0, 0.9855228, 0.16954261, 0.0, 0.0, -0.16954261, 0.9855228, 0.0, -0.5, -0.40798998, -20.971329, 1.0]|[0.7857328, 0.0, 0.0, 0.0, 0.0, 1.2571725, 0.0, 0.0, 0.0, 0.0, -1.0002604, -1.0, 0.0, 0.0, -0.100013025, 0.0]
899423668810500|5888|-0.5,-3.940663268332713,-20.5|[-2.0, -2.0, -2.0, 3.0, 3.0, 3.0]|[1.0, 0.0, 0.0, 0.0, 0.0, 0.9855228, 0.16954261, 0.0, 0.0, -0.16954261, 0.9855228, 0.0, -0.5, -0.40798998, -20.971329, 1.0]|[0.7857328, 0.0, 0.0, 0.0, 0.0, 1.2571725, 0.0, 0.0, 0.0, 0.0, -1.0002604, -1.0, 0.0, 0.0, -0.100013025, 0.0]
899423769920200|5888|-0.5,-3.940663268332713,-20.5|[-2.0, -2.0, -2.0, 3.0, 3.0, 3.0]|[1.0, 0.0, 0.0, 0.0, 0.0, 0.9855228, 0.16954261, 0.0, 0.0, -0.16954261, 0.9855228, 0.0, -0.5, -0.40798998, -20.971329, 1.0]|[0.7857328, 0.0, 0.0, 0.0, 0.0, 1.2571725, 0.0, 0.0, 0.0, 0.0, -1.0002604, -1.0, 0.0, 0.0, -0.100013025, 0.0]
899423884980100|5888|-0.5,-3.940663268332713,-20.5|[-2.0, -2.0, -2.0, 3.0, 3.0, 3.0]|[1.0, 0.0, 0.0, 0.0, 0.0, 0.9855228, 0.16954261, 0.0, 0.0, -0.16954261, 0.9855228, 0.0, -0.5, -0.40798998, -20.971329, 1.0]|[0.7857328, 0.0, 0.0, 0.0, 0.0, 1.2571725, 0.0, 0.0, 0.0, 0.0, -1.0002604, -1.0, 0.0, 0.0, -0.100013025, 0.0]
899423985403200|5888|-0.5,-3.940663268332713,-20.5|[-2.0, -2.0, -2.0, 3.0, 3.0, 3.0]|[1.0, 0.0, 0.0, 0.0, 0.0, 0.9855228, 0.16954261, 0.0, 0.0, -0.16954261, 0.9855228, 0.0, -0.5, -0.40798998, -20.971329, 1.0]|[0.7857328, 0.0, 0.0, 0.0, 0.0, 1.2571725, 0.0, 0.0, 0.0, 0.0, -1.0002604, -1.0, 0.0, 0.0, -0.100013025, 0.0]
899424101429200|5888|-0.5,-3.940663268332713,-20.5|[-2.0, -2.0, -2.0, 3.0, 3.0, 3.0]|[1.0, 0.0, 0.0, 0.0, 0.0, 0.9855228, 0.16954261, 0.0, 0.0, -0.16954261, 0.9855228, 0.0, -0.5, -0.40798998, -20.971329, 1.0]|[0.7857328, 0.0, 0.0, 0.0, 0.0, 1.2571725, 0.0, 0.0, 0.0, 0.0, -1.0002604, -1.0, 0.0, 0.0, -0.100013025, 0.0]
899424201648100|5888|-0.5,-3.940663268332713,-20.5|[-2.0, -2.0, -2.0, 3.0, 3.0, 3.0]|[1.0, 0.0, 0.0, 0.0, 0.0, 0.9855228, 0.16954261, 0.0, 0.0, -0.16954261, 0.9855228, 0.0, -0.5, -0.40798998, -20.971329, 1.0]|[0.7857328, 0.0, 0.0, 0.0, 0.0, 1.2571725, 0.0, 0.0, 0.0, 0.0, -1.0002604, -1.0, 0.0, 0.0, -0.100013025, 0.0]
899424318712100|5888|-0.5,-3.940663268332713,-20.5|[-2.0, -2.0, -2.0, 3.0, 3.0, 3.0]|[1.0, 0.0, 0.0, 0.0, 0.0, 0.9855228, 0.16954261, 0.0, 0.0, -0.16954261, 0.9855228, 0.0, -0.5, -0.40798998, -20.971329, 1.0]|[0.7857328, 0.0, 0.0, 0.0, 0.0, 1.2571725, 0.0, 0.0, 0.0, 0.0, -1.0002604, -1.0, 0.0, 0.0, -0.100013025, 0.0]
899424419656700|5888|-0.5,-3.940663268332713,-20.5|[-2.0, -2.0, -2.0, 3.0, 3.0, 3.0]|[1.0, 0.0, 0.0, 0.0, 0.0, 0.9855228, 0.16954261, 0.0, 0.0, -0.16954261, 0.9855228, 0.0, -0.5, -0.40798998, -20.971329, 1.0]|[0.7857328, 0.0, 0.0, 0.0, 0.0, 1.2571725, 0.0, 0.0, 0.0, 0.0, -1.0002604, -1.0, 0.0, 0.0, -0.100013025, 0.0]
899424534763400|5888|-0.5,-3.940663268332713,-20.5|[-2.0, -2.0, -2.0, 3.0, 3.0, 3.0]|[1.0, 0.0, 0.0, 0.0, 0.0, 0.9855228, 0.16954261, 0.0, 0.0, -0.16954261, 0.9855228, 0.0, -0.5, -0.40798998, -20.971329, 1.0]|[0.7857328, 0.0, 0.0, 0.0, 0.0, 1.2571725, 0.0, 0.0, 0.0, 0.0, -1.0002604, -1.0, 0.0, 0.0, -0.100013025, 0.0]
899424634811100|5888|-0.5,-3.940663268332713,-20.5|[-2.0, -2.0, -2.0, 3.0, 3.0, 3.0]|[1.0, 0.0, 0.0, 0.0, 0.0, 0.9855228, 0.16954261, 0.0, 0.0, -0.16954261, 0.9855228, 0.0, -0.5, -0.40798998, -20.971329, 1.0]|[0.7857328, 0.0, 0.0, 0.0, 0.0, 1.2571725, 0.0, 0.0, 0.0, 0.0, -1.0002604, -1.0, 0.0, 0.0, -0.100013025, 0.0]
899424734890500|5888|-0.5,-3.940663268332713,-20.5|[-2.0, -2.0, -2.0, 3.0, 3.0, 3.0]|[1.0, 0.0, 0.0, 0.0, 0.0, 0.9855228, 0.16954261, 0.0, 0.0, -0.16954261, 0.9855228, 0.0, -0.5, -0.40798998, -20.971329, 1.0]|[0.7857328, 0.0, 0.0, 0.0, 0.0, 1.2571725, 0.0, 0.0, 0.0, 0.0, -1.0002604, -1.0, 0.0, 0.0, -0.100013025, 0.0]
899424835719500|5888|-0.5,-3.940663268332713,-20.5|[-2.0, -2.0, -2.0, 3.0, 3.0, 3.0]|[1.0, 0.0, 0.0, 0.0, 0.0, 0.9855228, 0.16954261, 0.0, 0.0, -0.16954261, 0.9855228, 0.0, -0.5, -0.40798998, -20.971329, 1.0]|[0.7857328, 0.0, 0.0, 0.0, 0.0, 1.2571725, 0.0, 0.0, 0.0, 0.0, -1.0002604, -1.0, 0.0, 0.0, -0.100013025, 0.0]
899424936341600|5888|-0.5,-3.940663268332713,-20.5|[-2.0, -2.0, -2.0, 3.0, 3.0, 3.0]|[1.0, 0.0, 0.0, 0.0, 0.0, 0.9855228, 0.16954261, 0.0, 0.0, -0.16954261, 0.9855228, 0.0, -0.5, -0.40798998, -20.971329, 1.0]|[0.7857328, 0.0, 0.0, 0.0, 0.0, 1.2571725, 0.0, 0.0, 0.0, 0.0, -1.0002604, -1.0, 0.0, 0.0, -0.100013025, 0.0]
899425051332800|5888|-0.5,-3.940663268332713,-20.5|[-2.0, -2.0, -2.0, 3.0, 3.0, 3.0]|[1.0, 0.0, 0.0, 0.0, 0.0, 0.9855228, 0.16954261, 0.0, 0.0, -0.16954261, 0.9855228, 0.0, -0.5, -0.40798998, -20.971329, 1.0]|[0.7857328, 0.0, 0.0, 0.0, 0.0, 1.2571725, 0.0, 0.0, 0.0, 0.0, -1.0002604, -1.0, 0.0, 0.0, -0.100013025, 0.0]
899425151653600|5888|-0.5,-3.940663268332713,-20.5|[-2.0, -2.0, -2.0, 3.0, 3.0, 3.0]|[1.0, 0.0, 0.0, 0.0, 0.0, 0.9855228, 0.16954261, 0.0, 0.0, -0.16954261, 0.9855228, 0.0, -0.5, -0.40798998, -20.971329, 1.0]|[0.7857328, 0.0, 0.0, 0.0, 0.0, 1.2571725, 0.0, 0.0, 0.0, 0.0, -1.0002604, -1.0, 0.0, 0.0, -0.100013025, 0.0]
899425251655500|5888|-0.5,-3.940663268332713,-20.5|[-2.0, -2.0, -2.0, 3.0, 3.0, 3.0]|[1.0, 0.0, 0.0, 0.0, 0.0, 0.9855228, 0.16954261, 0.0, 0.0, -0.16954261, 0.9855228, 0.0, -0.5, -0.40798998, -20.971329, 1.0]|[0.7857328, 0.0, 0.0, 0.0, 0.0, 1.2571725, 0.0, 0.0, 0.0, 0.0, -1.0002604, -1.0, 0.0, 0.0, -0.100013025, 0.0]
899425352235300|5888|-0.5,-3.940663268332713,-20.5|[-2.0, -2.0, -2.0, 3.0, 3.0, 3.0]|[1.0, 0.0, 0.0, 0.0, 0.0, 0.9855228, 0.16954261, 0.0, 0.0, -0.16954261, 0.9855228, 0.0, -0.5, -0.40798998, -20.971329, 1.0]|[0.7857328, 0.0, 0.0, 0.0, 0.0, 1.2571725, 0.0, 0.0, 0.0, 0.0, -1.0002604, -1.0, 0.0, 0.0, -0.100013025, 0.0]
899425468762500|5888|-0.5,-3.940663268332713,-20.5|[-2.0, -2.0, -2.0, 3.0, 3.0, 3.0]|[1.0, 0.0, 0.0, 0.0, 0.0, 0.9855228, 0.16954261, 0.0, 0.0, -0.16954261, 0.9855228, 0.0, -0.5, -0.40798998, -20.971329, 1.0]|[0.7857328, 0.0, 0.0, 0.0, 0.0, 1.2571725, 0.0, 0.0, 0.0, 0.0, -1.0002604, -1.0, 0.0, 0.0, -0.100013025, 0.0]
899425569149800|5888|-0.5,-3.940663268332713,-20.5|[-2.0, -2.0, -2.0, 3.0, 3.0, 3.0]|[1.0, 0.0, 0.0, 0.0, 0.0, 0.9855228, 0.16954261, 0.0, 0.0, -0.16954261, 0.9855228, 0.0, -0.5, -0.40798998, -20.971329, 1.0]|[0.7857328, 0.0, 0.0, 0.0, 0.0, 1.2571725, 0.0, 0.0, 0.0, 0.0, -1.0002604, -1.0, 0.0, 0.0, -0.100013025, 0.0]
899425684818900|5888|-0.5,-3.940663268332713,-20.5|[-2.0, -2.0, -2.0, 3.0, 3.0, 3.0]|[1.0, 0.0, 0.0, 0.0, 0.0, 0.9855228, 0.16954261, 0.0, 0.0, -0.16954261, 0.9855228, 0.0, -0.5, -0.40798998, -20.971329, 1.0]|[0.7857328, 0.0, 0.0, 0.0, 0.0, 1.2571725, 0.0, 0.0, 0.0, 0.0, -1.0002604, -1.0, 0.0, 0.0, -0.100013025, 0.0]
899425785483400|5888|-0.5,-3.940663268332713,-20.5|[-2.0, -2.0, -2.0, 3.0, 3.0, 3.0]|[1.0, 0.0, 0.0, 0.0, 0.0, 0.9855228, 0.16954261, 0.0, 0.0, -0.16954261, 0.9855228, 0.0, -0.5, -0.40798998, -20.971329, 1.0]|[0.7857328, 0.0, 0.0, 0.0, 0.0, 1.2571725, 0.0, 0.0, 0.0, 0.0, -1.0002604, -1.0, 0.0, 0.0, -0.100013025, 0.0]
899425885809700|5888|-0.5,-3.940663268332713,-20.5|[-2.0, -2.0, -2.0, 3.0, 3.0, 3.0]|[1.0, 0.0, 0.0, 0.0, 0.0, 0.9855228, 0.16954261, 0.0, 0.0, -0.16954261, 0.9855228, 0.0, -0.5, -0.40798998, -20.971329, 1.0]|[0.7857328, 0.0, 0.0, 0.0, 0.0, 1.2571725, 0.0, 0.0, 0.0, 0.0, -1.0002604, -1.0, 0.0, 0.0, -0.100013025, 0.0]
899426001997100|5888|-0.5,-3.940663268332713,-20.5|[-2.0, -2.0, -2.0, 3.0, 3.0, 3.0]|[1.0, 0.0, 0.0, 0.0, 0.0, 0.9855228, 0.16954261, 0.0, 0.0, -0.16954261, 0.9855228, 0.0, -0.5, -0.40798998, -20.971329, 1.0]|[0.7857328, 0.0, 0.0, 0.0, 0.0, 1.2571725, 0.0, 0.0, 0.0, 0.0, -1.0002604, -1.0, 0.0, 0.0, -0.100013025, 0.0]
899426119193700|5888|-0.5,-3.940663268332713,-20.5|[-2.0, -2.0, -2.0, 3.0, 3.0, 3.0]|[1.0, 0.0, 0.0, 0.0, 0.0, 0.9855228, 0.16954261, 0.0, 0.0, -0.16954261, 0.9855228, 0.0, -0.5, -0.40798998, -20.971329, 1.0]|[0.7857328, 0.0, 0.0, 0.0, 0.0, 1.2571725, 0.0, 0.0, 0.0, 0.0, -1.0002604, -1.0, 0.0, 0.0, -0.100013025, 0.0]
899426235762900|5888|-0.5,-3.940663268332713,-20.5|[-2.0, -2.0, -2.0, 3.0, 3.0, 3.0]|[1.0, 0.0, 0.0, 0.0, 0.0, 0.9855228, 0.16954261, 0.0, 0.0, -0.16954261, 0.9855228, 0.0, -0.5, -0.40798998, -20.971329, 1.0]|[0.7857328, 0.0, 0.0, 0.0, 0.0, 1.2571725, 0.0, 0.0, 0.0, 0.0, -1.0002604, -1.0, 0.0, 0.0, -0.100013025, 0.0]
899426351427100|5888|-0.5,-3.940663268332713,-20.5|[-2.0, -2.0, -2.0, 3.0, 3.0, 3.0]|[1.0, 0.0, 0.0, 0.0, 0.0, 0.9855228, 0.16954261, 0.0, 0.0, -0.16954261, 0.9855228, 0.0, -0.5, -0.40798998, -20.971329, 1.0]|[0.7857328, 0.0, 0.0, 0.0, 0.0, 1.2571725, 0.0, 0.0, 0.0, 0.0, -1.0002604, -1.0, 0.0, 0.0, -0.100013025, 0.0]
899426452177800|5888|-0.5,-3.940663268332713,-20.5|[-2.0, -2.0, -2.0, 3.0, 3.0, 3.0]|[1.0, 0.0, 0.0, 0.0, 0.0, 0.9855228, 0.16954261, 0.0, 0.0, -0.16954261, 0.9855228, 0.0, -0.5, -0.40798998, -20.971329, 1.0]|[0.7857328, 0.0, 0.0, 0.0, 0.0, 1.2571725, 0.0, 0.0, 0.0, 0.0, -1.0002604, -1.0, 0.0, 0.0, -0.100013025, 0.0]
899426568862000|5888|-0.5,-3.940663268332713,-20.5|[-2.0, -2.0, -2.0, 3.0, 3.0, 3.0]|[1.0, 0.0, 0.0, 0.0, 0.0, 0.9855228, 0.16954261, 0.0, 0.0, -0.16954261, 0.9855228, 0.0, -0.5, -0.40798998, -20.971329, 1.0]|[0.7857328, 0.0, 0.0, 0.0, 0.0, 1.2571725, 0.0, 0.0, 0.0, 0.0, -1.0002604, -1.0, 0.0, 0.0, -0.100013025, 0.0]
899426684675900|5888|-0.5,-3.940663268332713,-20.5|[-2.0, -2.0, -2.0, 3.0, 3.0, 3.0]|[1.0, 0.0, 0.0, 0.0, 0.0, 0.9855228, 0.16954261, 0.0, 0.0, -0.16954261, 0.9855228, 0.0, -0.5, -0.40798998, -20.971329, 1.0]|[0.7857328, 0.0, 0.0, 0.0, 0.0, 1.2571725, 0.0, 0.0, 0.0, 0.0, -1.0002604, -1.0, 0.0, 0.0, -0.100013025, 0.0]
899426784778100|5888|-0.5,-3.940663268332713,-20.5|[-2.0, -2.0, -2.0, 3.0, 3.0, 3.0]|[1.0, 0.0, 0.0, 0.0, 0.0, 0.9855228, 0.16954261, 0.0, 0.0, -0.16954261, 0.9855228, 0.0, -0.5, -0.40798998, -20.971329, 1.0]|[0.7857328, 0.0, 0.0, 0.0, 0.0, 1.2571725, 0.0, 0.0, 0.0, 0.0, -1.0002604, -1.0, 0.0, 0.0, -0.100013025, 0.0]
899426901603200|5888|-0.5,-3.940663268332713,-20.5|[-2.0, -2.0, -2.0, 3.0, 3.0, 3.0]|[1.0, 0.0, 0.0, 0.0, 0.0, 0.9855228, 0.16954261, 0.0, 0.0, -0.16954261, 0.9855228, 0.0, -0.5, -0.40798998, -20.971329, 1.0]|[0.7857328, 0.0, 0.0, 0.0, 0.0, 1.2571725, 0.0, 0.0, 0.0, 0.0, -1.0002604, -1.0, 0.0, 0.0, -0.100013025, 0.0]
899427018734100|5888|-0.5,-3.940663268332713,-20.5|[-2.0, -2.0, -2.0, 3.0, 3.0, 3.0]|[1.0, 0.0, 0.0, 0.0, 0.0, 0.9855228, 0.16954261, 0.0, 0.0, -0.16954261, 0.9855228, 0.0, -0.5, -0.40798998, -20.971329, 1.0]|[0.7857328, 0.0, 0.0, 0.0, 0.0, 1.2571725, 0.0, 0.0, 0.0, 0.0, -1.0002604, -1.0, 0.0, 0.0, -0.100013025, 0.0]
899427119586600|5888|-0.5,-3.940663268332713,-20.5|[-2.0, -2.0, -2.0, 3.0, 3.0, 3.0]|[1.0, 0.0, 0.0, 0.0, 0.0, 0.9855228, 0.16954261, 0.0, 0.0, -0.16954261, 0.9855228, 0.0, -0.5, -0.40798998, -20.971329, 1.0]|[0.7857328, 0.0, 0.0, 0.0, 0.0, 1.2571725, 0.0, 0.0, 0.0, 0.0, -1.0002604, -1.0, 0.0, 0.0, -0.100013025, 0.0]
899427234654700|5888|-0.5,-3.940663268332713,-20.5|[-2.0, -2.0, -2.0, 3.0, 3.0, 3.0]|[1.0, 0.0, 0.0, 0.0, 0.0, 0.9855228, 0.16954261, 0.0, 0.0, -0.16954261, 0.9855228, 0.0, -0.5, -0.40798998, -20.971329, 1.0]|[0.7857328, 0.0, 0.0, 0.0, 0.0, 1.2571725, 0.0, 0.0, 0.0, 0.0, -1.0002604, -1.0, 0.0, 0.0, -0.100013025, 0.0]
899427351332900|5888|-0.5,-3.940663268332713,-20.5|[-2.0, -2.0, -2.0, 3.0, 3.0, 3.0]|[1.0, 0.0, 0.0, 0.0, 0.0, 0.9855228, 0.16954261, 0.0, 0.0, -0.16954261, 0.9855228, 0.0, -0.5, -0.40798998, -20.971329, 1.0]|[0.7857328, 0.0, 0.0, 0.0, 0.0, 1.2571725, 0.0, 0.0, 0.0, 0.0, -1.0002604, -1.0, 0.0, 0.0, -0.100013025, 0.0]
899427469148000|5888|-0.5,-3.940663268332713,-20.5|[-2.0, -2.0, -2.0, 3.0, 3.0, 3.0]|[1.0, 0.0, 0.0, 0.0, 0.0, 0.9855228, 0.16954261, 0.0, 0.0, -0.16954261, 0.9855228, 0.0, -0.5, -0.40798998, -20.971329, 1.0]|[0.7857328, 0.0, 0.0, 0.0, 0.0, 1.2571725, 0.0, 0.0, 0.0, 0.0, -1.0002604, -1.0, 0.0, 0.0, -0.100013025, 0.0]
899427584887100|5888|-0.5,-3.940663268332713,-20.5|[-2.0, -2.0, -2.0, 3.0, 3.0, 3.0]|[1.0, 0.0, 0.0, 0.0, 0.0, 0.9855228, 0.16954261, 0.0, 0.0, -0.16954261, 0.9855228, 0.0, -0.5, -0.40798998, -20.971329, 1.0]|[0.7857328, 0.0, 0.0, 0.0, 0.0, 1.2571725, 0.0, 0.0, 0.0, 0.0, -1.0002604, -1.0, 0.0, 0.0, -0.100013025, 0.0]
899427701356000|5888|-0.5,-3.940663268332713,-20.5|[-2.0, -2.0, -2.0, 3.0, 3.0, 3.0]|[1.0, 0.0, 0.0, 0.0, 0.0, 0.9855228, 0.16954261, 0.0, 0.0, -0.16954261, 0.9855228, 0.0, -0.5, -0.40798998, -20.971329, 1.0]|[0.7857328, 0.0, 0.0, 0.0, 0.0, 1.2571725, 0.0, 0.0, 0.0, 0.0, -1.0002604, -1.0, 0.0, 0.0, -0.100013025, 0.0]
899427818558800|5888|-0.5,-3.940663268332713,-20.5|[-2.0, -2.0, -2.0, 3.0, 3.0, 3.0]|[1.0, 0.0, 0.0, 0.0, 0.0, 0.9855228, 0.16954261, 0.0, 0.0, -0.16954261, 0.9855228, 0.0, -0.5, -0.40798998, -20.971329, 1.0]|[0.7857328, 0.0, 0.0, 0.0, 0.0, 1.2571725, 0.0, 0.0, 0.0, 0.0, -1.0002604, -1.0, 0.0, 0.0, -0.100013025, 0.0]
899427918674900|5888|-0.5,-3.940663268332713,-20.5|[-2.0, -2.0, -2.0, 3.0, 3.0, 3.0]|[1.0, 0.0, 0.0, 0.0, 0.0, 0.9855228, 0.16954261, 0.0, 0.0, -0.16954261, 0.9855228, 0.0, -0.5, -0.40798998, -20.971329, 1.0]|[0.7857328, 0.0, 0.0, 0.0, 0.0, 1.2571725, 0.0, 0.0, 0.0, 0.0, -1.0002604, -1.0, 0.0, 0.0, -0.100013025, 0.0]
899428018862200|5888|-0.5,-3.940663268332713,-20.5|[-2.0, -2.0, -2.0, 3.0, 3.0, 3.0]|[1.0, 0.0, 0.0, 0.0, 0.0, 0.9855228, 0.16954261, 0.0, 0.0, -0.16954261, 0.9855228, 0.0, -0.5, -0.40798998, -20.971329, 1.0]|[0.7857328, 0.0, 0.0, 0.0, 0.0, 1.2571725, 0.0, 0.0, 0.0, 0.0, -1.0002604, -1.0, 0.0, 0.0, -0.100013025, 0.0]
899428119467500|5888|-0.5,-3.940663268332713,-20.5|[-2.0, -2.0, -2.0, 3.0, 3.0, 3.0]|[1.0, 0.0, 0.0, 0.0, 0.0, 0.9855228, 0.16954261, 0.0, 0.0, -0.16954261, 0.9855228, 0.0, -0.5, -0.40798998, -20.971329, 1.0]|[0.7857328, 0.0, 0.0, 0.0, 0.0, 1.2571725, 0.0, 0.0, 0.0, 0.0, -1.0002604, -1.0, 0.0, 0.0, -0.100013025, 0.0]
899428234667600|5888|-0.5,-3.940663268332713,-20.5|[-2.0, -2.0, -2.0, 3.0, 3.0, 3.0]|[1.0, 0.0, 0.0, 0.0, 0.0, 0.9855228, 0.16954261, 0.0, 0.0, -0.16954261, 0.9855228, 0.0, -0.5, -0.40798998, -20.971329, 1.0]|[0.7857328, 0.0, 0.0, 0.0, 0.0, 1.2571725, 0.0, 0.0, 0.0, 0.0, -1.0002604, -1.0, 0.0, 0.0, -0.100013025, 0.0]
899428334915600|5888|-0.5,-3.940663268332713,-20.5|[-2.0, -2.0, -2.0, 3.0, 3.0, 3.0]|[1.0, 0.0, 0.0, 0.0, 0.0, 0.9855228, 0.16954261, 0.0, 0.0, -0.16954261, 0.9855228, 0.0, -0.5, -0.40798998, -20.971329, 1.0]|[0.7857328, 0.0, 0.0, 0.0, 0.0, 1.2571725, 0.0, 0.0, 0.0, 0.0, -1.0002604, -1.0, 0.0, 0.0, -0.100013025, 0.0]
899428435287200|5888|-0.5,-3.940663268332713,-20.5|[-2.0, -2.0, -2.0, 3.0, 3.0, 3.0]|[1.0, 0.0, 0.0, 0.0, 0.0, 0.9855228, 0.16954261, 0.0, 0.0, -0.16954261, 0.9855228, 0.0, -0.5, -0.40798998, -20.971329, 1.0]|[0.7857328, 0.0, 0.0, 0.0, 0.0, 1.2571725, 0.0, 0.0, 0.0, 0.0, -1.0002604, -1.0, 0.0, 0.0, -0.100013025, 0.0]
899428553050100|5888|-0.5,-3.940663268332713,-20.5|[-2.0, -2.0, -2.0, 3.0, 3.0, 3.0]|[1.0, 0.0, 0.0, 0.0, 0.0, 0.9855228, 0.16954261, 0.0, 0.0, -0.16954261, 0.9855228, 0.0, -0.5, -0.40798998, -20.971329, 1.0]|[0.7857328, 0.0, 0.0, 0.0, 0.0, 1.2571725, 0.0, 0.0, 0.0, 0.0, -1.0002604, -1.0, 0.0, 0.0, -0.100013025, 0.0]
899428668483800|5888|-0.5,-3.940663268332713,-20.5|[-2.0, -2.0, -2.0, 3.0, 3.0, 3.0]|[1.0, 0.0, 0.0, 0.0, 0.0, 0.9855228, 0.16954261, 0.0, 0.0, -0.16954261, 0.9855228, 0.0, -0.5, -0.40798998, -20.971329, 1.0]|[0.7857328, 0.0, 0.0, 0.0, 0.0, 1.2571725, 0.0, 0.0, 0.0, 0.0, -1.0002604, -1.0, 0.0, 0.0, -0.100013025, 0.0]
899428770520900|5888|-0.5,-3.940663268332713,-20.5|[-2.0, -2.0, -2.0, 3.0, 3.0, 3.0]|[1.0, 0.0, 0.0, 0.0, 0.0, 0.9855228, 0.16954261, 0.0, 0.0, -0.16954261, 0.9855228, 0.0, -0.5, -0.40798998, -20.971329, 1.0]|[0.7857328, 0.0, 0.0, 0.0, 0.0, 1.2571725, 0.0, 0.0, 0.0, 0.0, -1.0002604, -1.0, 0.0, 0.0, -0.100013025, 0.0]
899428884682500|5888|-0.5,-3.940663268332713,-20.5|[-2.0, -2.0, -2.0, 3.0, 3.0, 3.0]|[1.0, 0.0, 0.0, 0.0, 0.0, 0.9855228, 0.16954261, 0.0, 0.0, -0.16954261, 0.9855228, 0.0, -0.5, -0.40798998, -20.971329, 1.0]|[0.7857328, 0.0, 0.0, 0.0, 0.0, 1.2571725, 0.0, 0.0, 0.0, 0.0, -1.0002604, -1.0, 0.0, 0.0, -0.100013025, 0.0]
899428985112500|5888|-0.5,-3.940663268332713,-20.5|[-2.0, -2.0, -2.0, 3.0, 3.0, 3.0]|[1.0, 0.0, 0.0, 0.0, 0.0, 0.9855228, 0.16954261, 0.0, 0.0, -0.16954261, 0.9855228, 0.0, -0.5, -0.40798998, -20.971329, 1.0]|[0.7857328, 0.0, 0.0, 0.0, 0.0, 1.2571725, 0.0, 0.0, 0.0, 0.0, -1.0002604, -1.0, 0.0, 0.0, -0.100013025, 0.0]
899429101453700|5888|-0.5,-3.940663268332713,-20.5|[-2.0, -2.0, -2.0, 3.0, 3.0, 3.0]|[1.0, 0.0, 0.0, 0.0, 0.0, 0.9855228, 0.16954261, 0.0, 0.0, -0.16954261, 0.9855228, 0.0, -0.5, -0.40798998, -20.971329, 1.0]|[0.7857328, 0.0, 0.0, 0.0, 0.0, 1.2571725, 0.0, 0.0, 0.0, 0.0, -1.0002604, -1.0, 0.0, 0.0, -0.100013025, 0.0]
899429218489600|5888|-0.5,-3.940663268332713,-20.5|[-2.0, -2.0, -2.0, 3.0, 3.0, 3.0]|[1.0, 0.0, 0.0, 0.0, 0.0, 0.9855228, 0.16954261, 0.0, 0.0, -0.16954261, 0.9855228, 0.0, -0.5, -0.40798998, -20.971329, 1.0]|[0.7857328, 0.0, 0.0, 0.0, 0.0, 1.2571725, 0.0, 0.0, 0.0, 0.0, -1.0002604, -1.0, 0.0, 0.0, -0.100013025, 0.0]
899429318801900|5888|-0.5,-3.940663268332713,-20.5|[-2.0, -2.0, -2.0, 3.0, 3.0, 3.0]|[1.0, 0.0, 0.0, 0.0, 0.0, 0.9855228, 0.16954261, 0.0, 0.0, -0.16954261, 0.9855228, 0.0, -0.5, -0.40798998, -20.971329, 1.0]|[0.7857328, 0.0, 0.0, 0.0, 0.0, 1.2571725, 0.0, 0.0, 0.0, 0.0, -1.0002604, -1.0, 0.0, 0.0, -0.100013025, 0.0]
899429418814100|5888|39.5,-2.940663268332713,-20.5|[-16.0, -16.0, -16.0, 17.0, 17.0, 17.0]|[1.0, 0.0, 0.0, 0.0, 0.0, 0.9855228, 0.16954261, 0.0, 0.0, -0.16954261, 0.9855228, 0.0, 39.5, 0.57753277, -20.801786, 1.0]|[0.7857328, 0.0, 0.0, 0.0, 0.0, 1.2571725, 0.0, 0.0, 0.0, 0.0, -1.0002604, -1.0, 0.0, 0.0, -0.100013025, 0.0]
899429534547400|5888|-0.5,-3.940663268332713,-20.5|[-2.0, -2.0, -2.0, 3.0, 3.0, 3.0]|[1.0, 0.0, 0.0, 0.0, 0.0, 0.9855228, 0.16954261, 0.0, 0.0, -0.16954261, 0.9855228, 0.0, -0.5, -0.40798998, -20.971329, 1.0]|[0.7857328, 0.0, 0.0, 0.0, 0.0, 1.2571725, 0.0, 0.0, 0.0, 0.0, -1.0002604, -1.0, 0.0, 0.0, -0.100013025, 0.0]
899429634607100|5888|-0.5,-3.940663268332713,-20.5|[-2.0, -2.0, -2.0, 3.0, 3.0, 3.0]|[1.0, 0.0, 0.0, 0.0, 0.0, 0.9855228, 0.16954261, 0.0, 0.0, -0.16954261, 0.9855228, 0.0, -0.5, -0.40798998, -20.971329, 1.0]|[0.7857328, 0.0, 0.0, 0.0, 0.0, 1.2571725, 0.0, 0.0, 0.0, 0.0, -1.0002604, -1.0, 0.0, 0.0, -0.100013025, 0.0]
899429751722300|5888|-0.5,-3.940663268332713,-20.5|[-2.0, -2.0, -2.0, 3.0, 3.0, 3.0]|[1.0, 0.0, 0.0, 0.0, 0.0, 0.9855228, 0.16954261, 0.0, 0.0, -0.16954261, 0.9855228, 0.0, -0.5, -0.40798998, -20.971329, 1.0]|[0.7857328, 0.0, 0.0, 0.0, 0.0, 1.2571725, 0.0, 0.0, 0.0, 0.0, -1.0002604, -1.0, 0.0, 0.0, -0.100013025, 0.0]
899429868548100|5888|-0.5,-3.940663268332713,-20.5|[-2.0, -2.0, -2.0, 3.0, 3.0, 3.0]|[1.0, 0.0, 0.0, 0.0, 0.0, 0.9855228, 0.16954261, 0.0, 0.0, -0.16954261, 0.9855228, 0.0, -0.5, -0.40798998, -20.971329, 1.0]|[0.7857328, 0.0, 0.0, 0.0, 0.0, 1.2571725, 0.0, 0.0, 0.0, 0.0, -1.0002604, -1.0, 0.0, 0.0, -0.100013025, 0.0]
899429969193900|5888|-0.5,-3.940663268332713,-20.5|[-2.0, -2.0, -2.0, 3.0, 3.0, 3.0]|[1.0, 0.0, 0.0, 0.0, 0.0, 0.9855228, 0.16954261, 0.0, 0.0, -0.16954261, 0.9855228, 0.0, -0.5, -0.40798998, -20.971329, 1.0]|[0.7857328, 0.0, 0.0, 0.0, 0.0, 1.2571725, 0.0, 0.0, 0.0, 0.0, -1.0002604, -1.0, 0.0, 0.0, -0.100013025, 0.0]
899430084681600|5888|-0.5,-3.940663268332713,-20.5|[-2.0, -2.0, -2.0, 3.0, 3.0, 3.0]|[1.0, 0.0, 0.0, 0.0, 0.0, 0.9855228, 0.16954261, 0.0, 0.0, -0.16954261, 0.9855228, 0.0, -0.5, -0.40798998, -20.971329, 1.0]|[0.7857328, 0.0, 0.0, 0.0, 0.0, 1.2571725, 0.0, 0.0, 0.0, 0.0, -1.0002604, -1.0, 0.0, 0.0, -0.100013025, 0.0]
899430185332300|5888|-0.5,-3.940663268332713,-20.5|[-2.0, -2.0, -2.0, 3.0, 3.0, 3.0]|[1.0, 0.0, 0.0, 0.0, 0.0, 0.9855228, 0.16954261, 0.0, 0.0, -0.16954261, 0.9855228, 0.0, -0.5, -0.40798998, -20.971329, 1.0]|[0.7857328, 0.0, 0.0, 0.0, 0.0, 1.2571725, 0.0, 0.0, 0.0, 0.0, -1.0002604, -1.0, 0.0, 0.0, -0.100013025, 0.0]
899430301130400|5888|-0.5,-3.940663268332713,-20.5|[-2.0, -2.0, -2.0, 3.0, 3.0, 3.0]|[1.0, 0.0, 0.0, 0.0, 0.0, 0.9855228, 0.16954261, 0.0, 0.0, -0.16954261, 0.9855228, 0.0, -0.5, -0.40798998, -20.971329, 1.0]|[0.7857328, 0.0, 0.0, 0.0, 0.0, 1.2571725, 0.0, 0.0, 0.0, 0.0, -1.0002604, -1.0, 0.0, 0.0, -0.100013025, 0.0]
899430401183200|5888|-0.5,-3.940663268332713,-20.5|[-2.0, -2.0, -2.0, 3.0, 3.0, 3.0]|[1.0, 0.0, 0.0, 0.0, 0.0, 0.9855228, 0.16954261, 0.0, 0.0, -0.16954261, 0.9855228, 0.0, -0.5, -0.40798998, -20.971329, 1.0]|[0.7857328, 0.0, 0.0, 0.0, 0.0, 1.2571725, 0.0, 0.0, 0.0, 0.0, -1.0002604, -1.0, 0.0, 0.0, -0.100013025, 0.0]
899430501303100|5888|-0.5,-3.940663268332713,-20.5|[-2.0, -2.0, -2.0, 3.0, 3.0, 3.0]|[1.0, 0.0, 0.0, 0.0, 0.0, 0.9855228, 0.16954261, 0.0, 0.0, -0.16954261, 0.9855228, 0.0, -0.5, -0.40798998, -20.971329, 1.0]|[0.7857328, 0.0, 0.0, 0.0, 0.0, 1.2571725, 0.0, 0.0, 0.0, 0.0, -1.0002604, -1.0, 0.0, 0.0, -0.100013025, 0.0]
899430601610600|5888|-0.5,-3.940663268332713,-20.5|[-2.0, -2.0, -2.0, 3.0, 3.0, 3.0]|[1.0, 0.0, 0.0, 0.0, 0.0, 0.9855228, 0.16954261, 0.0, 0.0, -0.16954261, 0.9855228, 0.0, -0.5, -0.40798998, -20.971329, 1.0]|[0.7857328, 0.0, 0.0, 0.0, 0.0, 1.2571725, 0.0, 0.0, 0.0, 0.0, -1.0002604, -1.0, 0.0, 0.0, -0.100013025, 0.0]
899430718427600|5888|-0.5,-3.940663268332713,-20.5|[-2.0, -2.0, -2.0, 3.0, 3.0, 3.0]|[1.0, 0.0, 0.0, 0.0, 0.0, 0.9855228, 0.16954261, 0.0, 0.0, -0.16954261, 0.9855228, 0.0, -0.5, -0.40798998, -20.971329, 1.0]|[0.7857328, 0.0, 0.0, 0.0, 0.0, 1.2571725, 0.0, 0.0, 0.0, 0.0, -1.0002604, -1.0, 0.0, 0.0, -0.100013025, 0.0]
899430818994500|5888|-0.5,-3.940663268332713,-20.5|[-2.0, -2.0, -2.0, 3.0, 3.0, 3.0]|[1.0, 0.0, 0.0, 0.0, 0.0, 0.9855228, 0.16954261, 0.0, 0.0, -0.16954261, 0.9855228, 0.0, -0.5, -0.40798998, -20.971329, 1.0]|[0.7857328, 0.0, 0.0, 0.0, 0.0, 1.2571725, 0.0, 0.0, 0.0, 0.0, -1.0002604, -1.0, 0.0, 0.0, -0.100013025, 0.0]
899430935218000|5888|-0.5,-3.940663268332713,-20.5|[-2.0, -2.0, -2.0, 3.0, 3.0, 3.0]|[1.0, 0.0, 0.0, 0.0, 0.0, 0.9855228, 0.16954261, 0.0, 0.0, -0.16954261, 0.9855228, 0.0, -0.5, -0.40798998, -20.971329, 1.0]|[0.7857328, 0.0, 0.0, 0.0, 0.0, 1.2571725, 0.0, 0.0, 0.0, 0.0, -1.0002604, -1.0, 0.0, 0.0, -0.100013025, 0.0]
899431051254800|5888|-0.5,-3.940663268332713,-20.5|[-2.0, -2.0, -2.0, 3.0, 3.0, 3.0]|[1.0, 0.0, 0.0, 0.0, 0.0, 0.9855228, 0.16954261, 0.0, 0.0, -0.16954261, 0.9855228, 0.0, -0.5, -0.40798998, -20.971329, 1.0]|[0.7857328, 0.0, 0.0, 0.0, 0.0, 1.2571725, 0.0, 0.0, 0.0, 0.0, -1.0002604, -1.0, 0.0, 0.0, -0.100013025, 0.0]
899431151927400|5888|-0.5,-3.940663268332713,-20.5|[-2.0, -2.0, -2.0, 3.0, 3.0, 3.0]|[1.0, 0.0, 0.0, 0.0, 0.0, 0.9855228, 0.16954261, 0.0, 0.0, -0.16954261, 0.9855228, 0.0, -0.5, -0.40798998, -20.971329, 1.0]|[0.7857328, 0.0, 0.0, 0.0, 0.0, 1.2571725, 0.0, 0.0, 0.0, 0.0, -1.0002604, -1.0, 0.0, 0.0, -0.100013025, 0.0]
899431252172000|5888|-0.5,-3.940663268332713,-20.5|[-2.0, -2.0, -2.0, 3.0, 3.0, 3.0]|[1.0, 0.0, 0.0, 0.0, 0.0, 0.9855228, 0.16954261, 0.0, 0.0, -0.16954261, 0.9855228, 0.0, -0.5, -0.40798998, -20.971329, 1.0]|[0.7857328, 0.0, 0.0, 0.0, 0.0, 1.2571725, 0.0, 0.0, 0.0, 0.0, -1.0002604, -1.0, 0.0, 0.0, -0.100013025, 0.0]
899431354034500|5888|-0.5,-3.940663268332713,-20.5|[-2.0, -2.0, -2.0, 3.0, 3.0, 3.0]|[1.0, 0.0, 0.0, 0.0, 0.0, 0.9855228, 0.16954261, 0.0, 0.0, -0.16954261, 0.9855228, 0.0, -0.5, -0.40798998, -20.971329, 1.0]|[0.7857328, 0.0, 0.0, 0.0, 0.0, 1.2571725, 0.0, 0.0, 0.0, 0.0, -1.0002604, -1.0, 0.0, 0.0, -0.100013025, 0.0]
899431468603800|5888|-0.5,-3.940663268332713,-20.5|[-2.0, -2.0, -2.0, 3.0, 3.0, 3.0]|[1.0, 0.0, 0.0, 0.0, 0.0, 0.9855228, 0.16954261, 0.0, 0.0, -0.16954261, 0.9855228, 0.0, -0.5, -0.40798998, -20.971329, 1.0]|[0.7857328, 0.0, 0.0, 0.0, 0.0, 1.2571725, 0.0, 0.0, 0.0, 0.0, -1.0002604, -1.0, 0.0, 0.0, -0.100013025, 0.0]
899431569776700|5888|-0.5,-3.940663268332713,-20.5|[-2.0, -2.0, -2.0, 3.0, 3.0, 3.0]|[1.0, 0.0, 0.0, 0.0, 0.0, 0.9855228, 0.16954261, 0.0, 0.0, -0.16954261, 0.9855228, 0.0, -0.5, -0.40798998, -20.971329, 1.0]|[0.7857328, 0.0, 0.0, 0.0, 0.0, 1.2571725, 0.0, 0.0, 0.0, 0.0, -1.0002604, -1.0, 0.0, 0.0, -0.100013025, 0.0]
899431685139700|5888|-0.5,-3.940663268332713,-20.5|[-2.0, -2.0, -2.0, 3.0, 3.0, 3.0]|[1.0, 0.0, 0.0, 0.0, 0.0, 0.9855228, 0.16954261, 0.0, 0.0, -0.16954261, 0.9855228, 0.0, -0.5, -0.40798998, -20.971329, 1.0]|[0.7857328, 0.0, 0.0, 0.0, 0.0, 1.2571725, 0.0, 0.0, 0.0, 0.0, -1.0002604, -1.0, 0.0, 0.0, -0.100013025, 0.0]
899431802751500|5888|-0.5,-3.940663268332713,-20.5|[-2.0, -2.0, -2.0, 3.0, 3.0, 3.0]|[1.0, 0.0, 0.0, 0.0, 0.0, 0.9855228, 0.16954261, 0.0, 0.0, -0.16954261, 0.9855228, 0.0, -0.5, -0.40798998, -20.971329, 1.0]|[0.7857328, 0.0, 0.0, 0.0, 0.0, 1.2571725, 0.0, 0.0, 0.0, 0.0, -1.0002604, -1.0, 0.0, 0.0, -0.100013025, 0.0]
899431919827600|5888|-0.5,-3.940663268332713,-20.5|[-2.0, -2.0, -2.0, 3.0, 3.0, 3.0]|[1.0, 0.0, 0.0, 0.0, 0.0, 0.9855228, 0.16954261, 0.0, 0.0, -0.16954261, 0.9855228, 0.0, -0.5, -0.40798998, -20.971329, 1.0]|[0.7857328, 0.0, 0.0, 0.0, 0.0, 1.2571725, 0.0, 0.0, 0.0, 0.0, -1.0002604, -1.0, 0.0, 0.0, -0.100013025, 0.0]
899432034826500|5888|-0.5,-3.940663268332713,-20.5|[-2.0, -2.0, -2.0, 3.0, 3.0, 3.0]|[1.0, 0.0, 0.0, 0.0, 0.0, 0.9855228, 0.16954261, 0.0, 0.0, -0.16954261, 0.9855228, 0.0, -0.5, -0.40798998, -20.971329, 1.0]|[0.7857328, 0.0, 0.0, 0.0, 0.0, 1.2571725, 0.0, 0.0, 0.0, 0.0, -1.0002604, -1.0, 0.0, 0.0, -0.100013025, 0.0]
899432134896800|5888|-0.5,-3.940663268332713,-20.5|[-2.0, -2.0, -2.0, 3.0, 3.0, 3.0]|[1.0, 0.0, 0.0, 0.0, 0.0, 0.9855228, 0.16954261, 0.0, 0.0, -0.16954261, 0.9855228, 0.0, -0.5, -0.40798998, -20.971329, 1.0]|[0.7857328, 0.0, 0.0, 0.0, 0.0, 1.2571725, 0.0, 0.0, 0.0, 0.0, -1.0002604, -1.0, 0.0, 0.0, -0.100013025, 0.0]
899432235114500|5888|-0.5,-3.940663268332713,-20.5|[-2.0, -2.0, -2.0, 3.0, 3.0, 3.0]|[1.0, 0.0, 0.0, 0.0, 0.0, 0.9855228, 0.16954261, 0.0, 0.0, -0.16954261, 0.9855228, 0.0, -0.5, -0.40798998, -20.971329, 1.0]|[0.7857328, 0.0, 0.0, 0.0, 0.0, 1.2571725, 0.0, 0.0, 0.0, 0.0, -1.0002604, -1.0, 0.0, 0.0, -0.100013025, 0.0]
899432352248600|5888|-0.5,-3.940663268332713,-20.5|[-2.0, -2.0, -2.0, 3.0, 3.0, 3.0]|[1.0, 0.0, 0.0, 0.0, 0.0, 0.9855228, 0.16954261, 0.0, 0.0, -0.16954261, 0.9855228, 0.0, -0.5, -0.40798998, -20.971329, 1.0]|[0.7857328, 0.0, 0.0, 0.0, 0.0, 1.2571725, 0.0, 0.0, 0.0, 0.0, -1.0002604, -1.0, 0.0, 0.0, -0.100013025, 0.0]
899432469542500|5888|-0.5,-3.940663268332713,-20.5|[-2.0, -2.0, -2.0, 3.0, 3.0, 3.0]|[1.0, 0.0, 0.0, 0.0, 0.0, 0.9855228, 0.16954261, 0.0, 0.0, -0.16954261, 0.9855228, 0.0, -0.5, -0.40798998, -20.971329, 1.0]|[0.7857328, 0.0, 0.0, 0.0, 0.0, 1.2571725, 0.0, 0.0, 0.0, 0.0, -1.0002604, -1.0, 0.0, 0.0, -0.100013025, 0.0]
899432569710200|5888|-0.5,-3.940663268332713,-20.5|[-2.0, -2.0, -2.0, 3.0, 3.0, 3.0]|[1.0, 0.0, 0.0, 0.0, 0.0, 0.9855228, 0.16954261, 0.0, 0.0, -0.16954261, 0.9855228, 0.0, -0.5, -0.40798998, -20.971329, 1.0]|[0.7857328, 0.0, 0.0, 0.0, 0.0, 1.2571725, 0.0, 0.0, 0.0, 0.0, -1.0002604, -1.0, 0.0, 0.0, -0.100013025, 0.0]
899432685645600|5888|-0.5,-3.940663268332713,-20.5|[-2.0, -2.0, -2.0, 3.0, 3.0, 3.0]|[1.0, 0.0, 0.0, 0.0, 0.0, 0.9855228, 0.16954261, 0.0, 0.0, -0.16954261, 0.9855228, 0.0, -0.5, -0.40798998, -20.971329, 1.0]|[0.7857328, 0.0, 0.0, 0.0, 0.0, 1.2571725, 0.0, 0.0, 0.0, 0.0, -1.0002604, -1.0, 0.0, 0.0, -0.100013025, 0.0]
